timeOpen,timeClose,timeHigh,timeLow,name,open,high,low,close,volume,marketCap,timestamp,source_file,coin,year,month,day,hour_open,hour_close,hour_high,hour_low
2017-12-31 00:00:00+00:00,2017-12-31 23:59:59.999000+00:00,2017-12-31 23:54:14+00:00,2017-12-31 05:59:14+00:00,2781,0.0361285992,0.0452576987,0.0346807986,0.0447515994,375152000.0,2942336810.39,2017-12-31 23:59:59.999000+00:00,TRON_01_01_2017-01_01_2018_historical_data_coinmarketcap.csv,TRON,2017,12,31,0,23,23,5
2017-12-30 00:00:00+00:00,2017-12-30 23:59:59.999000+00:00,2017-12-30 20:44:14+00:00,2017-12-30 13:19:13+00:00,2781,0.0363572016,0.0387956016,0.0311165005,0.0364126004,256698000.0,2394062633.33,2017-12-30 23:59:59.999000+00:00,TRON_01_01_2017-01_01_2018_historical_data_coinmarketcap.csv,TRON,2017,12,30,0,23,20,13
2017-12-29 00:00:00+00:00,2017-12-29 23:59:59.999000+00:00,2017-12-29 00:19:13+00:00,2017-12-29 11:04:14+00:00,2781,0.0420074016,0.0431615002,0.0347568989,0.0363483988,246896992.0,2389841599.38,2017-12-29 23:59:59.999000+00:00,TRON_01_01_2017-01_01_2018_historical_data_coinmarketcap.csv,TRON,2017,12,29,0,23,0,11
2017-12-28 00:00:00+00:00,2017-12-28 23:59:59.999000+00:00,2017-12-28 23:59:13+00:00,2017-12-28 02:59:14+00:00,2781,0.0367219001,0.0419735014,0.0322576016,0.0419735014,261940992.0,2759681756.87,2017-12-28 23:59:59.999000+00:00,TRON_01_01_2017-01_01_2018_historical_data_coinmarketcap.csv,TRON,2017,12,28,0,23,23,2
2017-12-27 00:00:00+00:00,2017-12-27 23:59:59.999000+00:00,2017-12-27 09:39:14+00:00,2017-12-27 20:19:13+00:00,2781,0.0378298983,0.0413252003,0.0353624001,0.036830999,173156000.0,2421571677.06,2017-12-27 23:59:59.999000+00:00,TRON_01_01_2017-01_01_2018_historical_data_coinmarketcap.csv,TRON,2017,12,27,0,23,9,20
2017-12-26 00:00:00+00:00,2017-12-26 23:59:59.999000+00:00,2017-12-26 14:09:14+00:00,2017-12-26 00:14:14+00:00,2781,0.0357479006,0.0454731993,0.0328375995,0.0378315002,263744992.0,2487352743.64,2017-12-26 23:59:59.999000+00:00,TRON_01_01_2017-01_01_2018_historical_data_coinmarketcap.csv,TRON,2017,12,26,0,23,14,0
2017-12-25 00:00:00+00:00,2017-12-25 23:59:59.999000+00:00,2017-12-25 02:04:15+00:00,2017-12-25 10:54:15+00:00,2781,0.0367062017,0.0417916998,0.0332962982,0.0351773985,189610000.0,2312850465.99,2017-12-25 23:59:59.999000+00:00,TRON_01_01_2017-01_01_2018_historical_data_coinmarketcap.csv,TRON,2017,12,25,0,23,2,10
2017-12-24 00:00:00+00:00,2017-12-24 23:59:59.999000+00:00,2017-12-24 00:09:44+00:00,2017-12-24 18:29:49+00:00,2781,0.0514730997,0.051742401,0.0332645997,0.0362085998,230931008.0,2380650002.07,2017-12-24 23:59:59.999000+00:00,TRON_01_01_2017-01_01_2018_historical_data_coinmarketcap.csv,TRON,2017,12,24,0,23,0,18
2017-12-23 00:00:00+00:00,2017-12-23 23:59:59.999000+00:00,2017-12-23 23:39:39+00:00,2017-12-23 06:29:32+00:00,2781,0.0403002985,0.0570629984,0.0359751992,0.0517911017,503996992.0,3405171211.32,2017-12-23 23:59:59.999000+00:00,TRON_01_01_2017-01_01_2018_historical_data_coinmarketcap.csv,TRON,2017,12,23,0,23,23,6
2017-12-22 00:00:00+00:00,2017-12-22 23:59:59.999000+00:00,2017-12-22 00:19:34+00:00,2017-12-22 14:29:46+00:00,2781,0.045661699,0.0463697016,0.0226163007,0.039074,494380000.0,2569044872.79,2017-12-22 23:59:59.999000+00:00,TRON_01_01_2017-01_01_2018_historical_data_coinmarketcap.csv,TRON,2017,12,22,0,23,0,14
2017-12-21 00:00:00+00:00,2017-12-21 23:59:59.999000+00:00,2017-12-21 04:29:31+00:00,2017-12-21 21:29:37+00:00,2781,0.0499661006,0.0709078014,0.0397339985,0.0459690988,460308000.0,3022385234.73,2017-12-21 23:59:59.999000+00:00,TRON_01_01_2017-01_01_2018_historical_data_coinmarketcap.csv,TRON,2017,12,21,0,23,4,21
2017-12-20 00:00:00+00:00,2017-12-20 23:59:59.999000+00:00,2017-12-20 23:59:31+00:00,2017-12-20 06:34:35+00:00,2781,0.0468523987,0.0488829985,0.0366687998,0.0488829985,317193984.0,3213968892.78,2017-12-20 23:59:59.999000+00:00,TRON_01_01_2017-01_01_2018_historical_data_coinmarketcap.csv,TRON,2017,12,20,0,23,23,6
2017-12-19 00:00:00+00:00,2017-12-19 23:59:59.999000+00:00,2017-12-19 09:39:40+00:00,2017-12-19 21:54:34+00:00,2781,0.0444419011,0.0539586991,0.0401447006,0.0468478017,235095008.0,3080158171.45,2017-12-19 23:59:59.999000+00:00,TRON_01_01_2017-01_01_2018_historical_data_coinmarketcap.csv,TRON,2017,12,19,0,23,9,21
2017-12-18 00:00:00+00:00,2017-12-18 23:59:59.999000+00:00,2017-12-18 08:54:48+00:00,2017-12-18 01:39:47+00:00,2781,0.0363721997,0.0469123982,0.0326339006,0.0445886999,369401984.0,2931626429.83,2017-12-18 23:59:59.999000+00:00,TRON_01_01_2017-01_01_2018_historical_data_coinmarketcap.csv,TRON,2017,12,18,0,23,8,1
2017-12-17 00:00:00+00:00,2017-12-17 23:59:59.999000+00:00,2017-12-17 01:04:47+00:00,2017-12-17 19:04:58+00:00,2781,0.0376695991,0.0413872004,0.0345988981,0.0361902006,338444992.0,2379440235.33,2017-12-17 23:59:59.999000+00:00,TRON_01_01_2017-01_01_2018_historical_data_coinmarketcap.csv,TRON,2017,12,17,0,23,1,19
2017-12-16 00:00:00+00:00,2017-12-16 23:59:59.999000+00:00,2017-12-16 23:54:49+00:00,2017-12-16 00:04:50+00:00,2781,0.0184048992,0.0373274982,0.0184048992,0.0362705998,336496000.0,2384726390.0,2017-12-16 23:59:59.999000+00:00,TRON_01_01_2017-01_01_2018_historical_data_coinmarketcap.csv,TRON,2017,12,16,0,23,23,0
2017-12-15 00:00:00+00:00,2017-12-15 23:59:59.999000+00:00,2017-12-15 23:59:46+00:00,2017-12-15 02:54:42+00:00,2781,0.0174196996,0.0184336007,0.0145795001,0.0184336007,139710000.0,1211975880.82,2017-12-15 23:59:59.999000+00:00,TRON_01_01_2017-01_01_2018_historical_data_coinmarketcap.csv,TRON,2017,12,15,0,23,23,2
2017-12-14 00:00:00+00:00,2017-12-14 23:59:59.999000+00:00,2017-12-14 13:49:45+00:00,2017-12-14 03:34:46+00:00,2781,0.0164446998,0.0200635009,0.0151139004,0.0176899992,192816992.0,1163085524.89,2017-12-14 23:59:59.999000+00:00,TRON_01_01_2017-01_01_2018_historical_data_coinmarketcap.csv,TRON,2017,12,14,0,23,13,3
2017-12-13 00:00:00+00:00,2017-12-13 23:59:59.999000+00:00,2017-12-13 23:14:44+00:00,2017-12-13 02:59:40+00:00,2781,0.0076138000004,0.0180939995,0.00682274997234,0.0164599996,174319008.0,1082215248.15,2017-12-13 23:59:59.999000+00:00,TRON_01_01_2017-01_01_2018_historical_data_coinmarketcap.csv,TRON,2017,12,13,0,23,23,2
2017-12-12 00:00:00+00:00,2017-12-12 23:59:59.999000+00:00,2017-12-12 23:39:42+00:00,2017-12-12 04:14:41+00:00,2781,0.00517698982731,0.00767502980307,0.00490255001932,0.00761323980987,48699100.0,500556768.882,2017-12-12 23:59:59.999000+00:00,TRON_01_01_2017-01_01_2018_historical_data_coinmarketcap.csv,TRON,2017,12,12,0,23,23,4
2017-12-11 00:00:00+00:00,2017-12-11 23:59:59.999000+00:00,2017-12-11 23:59:41+00:00,2017-12-11 00:14:38+00:00,2781,0.00443563004956,0.00528152985498,0.00438329018652,0.00528152985498,20137200.0,347251051.005,2017-12-11 23:59:59.999000+00:00,TRON_01_01_2017-01_01_2018_historical_data_coinmarketcap.csv,TRON,2017,12,11,0,23,23,0
2017-12-10 00:00:00+00:00,2017-12-10 23:59:59.999000+00:00,2017-12-10 14:04:36+00:00,2017-12-10 04:09:41+00:00,2781,0.00445218011737,0.00463030999526,0.00348892994225,0.00440772995353,18145200.0,289800280.42,2017-12-10 23:59:59.999000+00:00,TRON_01_01_2017-01_01_2018_historical_data_coinmarketcap.csv,TRON,2017,12,10,0,23,14,4
2017-12-09 00:00:00+00:00,2017-12-09 23:59:59.999000+00:00,2017-12-09 05:24:45+00:00,2017-12-09 18:04:42+00:00,2781,0.00444104988128,0.00478929001838,0.00430480996147,0.00447328016162,17520500.0,294110074.437,2017-12-09 23:59:59.999000+00:00,TRON_01_01_2017-01_01_2018_historical_data_coinmarketcap.csv,TRON,2017,12,9,0,23,5,18
2017-12-08 00:00:00+00:00,2017-12-08 23:59:59.999000+00:00,2017-12-08 08:24:33+00:00,2017-12-08 05:44:37+00:00,2781,0.00431091012433,0.00473106978461,0.00368176004849,0.0043944302015,21605600.0,288925829.46,2017-12-08 23:59:59.999000+00:00,TRON_01_01_2017-01_01_2018_historical_data_coinmarketcap.csv,TRON,2017,12,8,0,23,8,5
2017-12-07 00:00:00+00:00,2017-12-07 23:59:59.999000+00:00,2017-12-07 04:19:36+00:00,2017-12-07 00:19:38+00:00,2781,0.00313378009014,0.00580766005442,0.00297421007417,0.00427456013858,44215300.0,281044593.628,2017-12-07 23:59:59.999000+00:00,TRON_01_01_2017-01_01_2018_historical_data_coinmarketcap.csv,TRON,2017,12,7,0,23,4,0
2017-12-06 00:00:00+00:00,2017-12-06 23:59:59.999000+00:00,2017-12-06 21:09:43+00:00,2017-12-06 00:04:40+00:00,2781,0.00206795008853,0.00407677982002,0.00206795008853,0.00305483001284,33314700.0,200849550.82,2017-12-06 23:59:59.999000+00:00,TRON_01_01_2017-01_01_2018_historical_data_coinmarketcap.csv,TRON,2017,12,6,0,23,21,0
2017-12-05 00:00:00+00:00,2017-12-05 23:59:59.999000+00:00,2017-12-05 08:19:34+00:00,2017-12-05 23:34:40+00:00,2781,0.00213864003308,0.00218406994827,0.00205788994208,0.0020849800203,8749920.0,137083666.348,2017-12-05 23:59:59.999000+00:00,TRON_01_01_2017-01_01_2018_historical_data_coinmarketcap.csv,TRON,2017,12,5,0,23,8,23
2017-12-04 00:00:00+00:00,2017-12-04 23:59:59.999000+00:00,2017-12-04 04:59:31+00:00,2017-12-04 13:24:34+00:00,2781,0.00212358008139,0.00216880999506,0.00204908009619,0.0021439299453,10447300.0,140959522.294,2017-12-04 23:59:59.999000+00:00,TRON_01_01_2017-01_01_2018_historical_data_coinmarketcap.csv,TRON,2017,12,4,0,23,4,13
2017-12-03 00:00:00+00:00,2017-12-03 23:59:59.999000+00:00,2017-12-03 13:04:32+00:00,2017-12-03 22:14:33+00:00,2781,0.00207997998223,0.00220405007713,0.00203353003599,0.00211598002352,7261200.0,139121860.314,2017-12-03 23:59:59.999000+00:00,TRON_01_01_2017-01_01_2018_historical_data_coinmarketcap.csv,TRON,2017,12,3,0,23,13,22
2017-12-02 00:00:00+00:00,2017-12-02 23:59:59.999000+00:00,2017-12-02 01:54:32+00:00,2017-12-02 16:49:34+00:00,2781,0.00211029010825,0.00221192999743,0.00203196005896,0.00207278993912,5760180.0,136282195.881,2017-12-02 23:59:59.999000+00:00,TRON_01_01_2017-01_01_2018_historical_data_coinmarketcap.csv,TRON,2017,12,2,0,23,1,16
2017-12-01 00:00:00+00:00,2017-12-01 23:59:59.999000+00:00,2017-12-01 00:34:29+00:00,2017-12-01 09:19:30+00:00,2781,0.00224101007916,0.00224658008665,0.00205682008527,0.00211808993481,6294070.0,139260589.0,2017-12-01 23:59:59.999000+00:00,TRON_01_01_2017-01_01_2018_historical_data_coinmarketcap.csv,TRON,2017,12,1,0,23,0,9
2017-11-30 00:00:00+00:00,2017-11-30 23:59:59.999000+00:00,2017-11-30 04:59:29+00:00,2017-11-30 13:59:34+00:00,2781,0.00209020008333,0.00230030994862,0.00203077006154,0.00224381010048,4155450.0,147526451.758,2017-11-30 23:59:59.999000+00:00,TRON_01_01_2017-01_01_2018_historical_data_coinmarketcap.csv,TRON,2017,11,30,0,23,4,13
2017-11-29 00:00:00+00:00,2017-11-29 23:59:59.999000+00:00,2017-11-29 14:19:36+00:00,2017-11-29 19:49:38+00:00,2781,0.00231015007012,0.00260965991765,0.00193517003208,0.00206826999784,7852660.0,135985014.051,2017-11-29 23:59:59.999000+00:00,TRON_01_01_2017-01_01_2018_historical_data_coinmarketcap.csv,TRON,2017,11,29,0,23,14,19
2017-11-28 00:00:00+00:00,2017-11-28 23:59:59.999000+00:00,2017-11-28 15:09:36+00:00,2017-11-28 02:04:30+00:00,2781,0.00206165993586,0.00239049992524,0.00199055997655,0.00230801990256,6065010.0,151748143.197,2017-11-28 23:59:59.999000+00:00,TRON_01_01_2017-01_01_2018_historical_data_coinmarketcap.csv,TRON,2017,11,28,0,23,15,2
2017-11-27 00:00:00+00:00,2017-11-27 23:59:59.999000+00:00,2017-11-27 04:59:31+00:00,2017-11-27 12:09:33+00:00,2781,0.00215063011274,0.00222455989569,0.00200889003463,0.00206160009839,6405580.0,135546473.607,2017-11-27 23:59:59.999000+00:00,TRON_01_01_2017-01_01_2018_historical_data_coinmarketcap.csv,TRON,2017,11,27,0,23,4,12
2017-11-26 00:00:00+00:00,2017-11-26 23:59:59.999000+00:00,2017-11-26 19:44:30+00:00,2017-11-26 13:54:29+00:00,2781,0.00204957998358,0.00218977010809,0.00197111000307,0.00213813991286,6245890.0,140471933.238,2017-11-26 23:59:59.999000+00:00,TRON_01_01_2017-01_01_2018_historical_data_coinmarketcap.csv,TRON,2017,11,26,0,23,19,13
2017-11-25 00:00:00+00:00,2017-11-25 23:59:59.999000+00:00,2017-11-25 14:09:33+00:00,2017-11-25 02:29:30+00:00,2781,0.00202717003413,0.00210928008892,0.00199293997139,0.00204793992452,4704770.0,134371881.378,2017-11-25 23:59:59.999000+00:00,TRON_01_01_2017-01_01_2018_historical_data_coinmarketcap.csv,TRON,2017,11,25,0,23,14,2
2017-11-24 00:00:00+00:00,2017-11-24 23:59:59.999000+00:00,2017-11-24 00:49:30+00:00,2017-11-24 09:24:28+00:00,2781,0.0021056199912,0.00216290005483,0.0019690298941,0.00202488992363,4204470.0,132859497.291,2017-11-24 23:59:59.999000+00:00,TRON_01_01_2017-01_01_2018_historical_data_coinmarketcap.csv,TRON,2017,11,24,0,23,0,9
2017-11-23 00:00:00+00:00,2017-11-23 23:59:59.999000+00:00,2017-11-23 04:34:31+00:00,2017-11-23 20:34:30+00:00,2781,0.0023114499636,0.00242867995985,0.00204286002554,0.00210497993976,4402340.0,138114457.876,2017-11-23 23:59:59.999000+00:00,TRON_01_01_2017-01_01_2018_historical_data_coinmarketcap.csv,TRON,2017,11,23,0,23,4,20
2017-11-22 00:00:00+00:00,2017-11-22 23:59:59.999000+00:00,2017-11-22 09:44:32+00:00,2017-11-22 02:49:34+00:00,2781,0.00214567990042,0.00254028011113,0.00212198006921,0.00230242009275,4119730.0,151069126.596,2017-11-22 23:59:59.999000+00:00,TRON_01_01_2017-01_01_2018_historical_data_coinmarketcap.csv,TRON,2017,11,22,0,23,9,2
2017-11-21 00:00:00+00:00,2017-11-21 23:59:59.999000+00:00,2017-11-21 18:54:35+00:00,2017-11-21 05:24:33+00:00,2781,0.00214818003587,0.00219934992492,0.0020049600862,0.00214343005791,3417520.0,140637285.126,2017-11-21 23:59:59.999000+00:00,TRON_01_01_2017-01_01_2018_historical_data_coinmarketcap.csv,TRON,2017,11,21,0,23,18,5
2017-11-20 00:00:00+00:00,2017-11-20 23:59:59.999000+00:00,2017-11-20 22:24:34+00:00,2017-11-20 00:04:27+00:00,2781,0.00199265009724,0.00218472001143,0.00199265009724,0.00213376991451,3909200.0,140003461.687,2017-11-20 23:59:59.999000+00:00,TRON_01_01_2017-01_01_2018_historical_data_coinmarketcap.csv,TRON,2017,11,20,0,23,22,0
2017-11-19 00:00:00+00:00,2017-11-19 23:59:59.999000+00:00,2017-11-19 06:34:27+00:00,2017-11-19 21:59:28+00:00,2781,0.002020270098,0.00211267010309,0.00195115001407,0.00200160010718,4289470.0,131331366.039,2017-11-19 23:59:59.999000+00:00,TRON_01_01_2017-01_01_2018_historical_data_coinmarketcap.csv,TRON,2017,11,19,0,23,6,21
2017-11-18 00:00:00+00:00,2017-11-18 23:59:59.999000+00:00,2017-11-18 23:39:30+00:00,2017-11-18 14:49:26+00:00,2781,0.00197997991927,0.0020426500123,0.00190567004029,0.00202800007537,5709820.0,133063554.32,2017-11-18 23:59:59.999000+00:00,TRON_01_01_2017-01_01_2018_historical_data_coinmarketcap.csv,TRON,2017,11,18,0,23,23,14
2017-11-17 00:00:00+00:00,2017-11-17 23:59:59.999000+00:00,2017-11-17 00:09:29+00:00,2017-11-17 21:44:29+00:00,2781,0.0021869901102,0.0021887300536,0.00194948003627,0.00198404002003,5720510.0,130179198.379,2017-11-17 23:59:59.999000+00:00,TRON_01_01_2017-01_01_2018_historical_data_coinmarketcap.csv,TRON,2017,11,17,0,23,0,21
2017-11-16 00:00:00+00:00,2017-11-16 23:59:59.999000+00:00,2017-11-16 01:54:25+00:00,2017-11-16 11:24:29+00:00,2781,0.00232345005497,0.0023377800826,0.00182272004895,0.0022091800347,5082450.0,144951352.531,2017-11-16 23:59:59.999000+00:00,TRON_01_01_2017-01_01_2018_historical_data_coinmarketcap.csv,TRON,2017,11,16,0,23,1,11
2017-11-15 00:00:00+00:00,2017-11-15 23:59:59.999000+00:00,2017-11-15 00:44:26+00:00,2017-11-15 17:29:32+00:00,2781,0.00244429009035,0.00250007002614,0.00218809000216,0.00232231989503,5008060.0,152374829.126,2017-11-15 23:59:59.999000+00:00,TRON_01_01_2017-01_01_2018_historical_data_coinmarketcap.csv,TRON,2017,11,15,0,23,0,17
2017-11-14 00:00:00+00:00,2017-11-14 23:59:59.999000+00:00,2017-11-14 17:29:32+00:00,2017-11-14 00:14:24+00:00,2781,0.00211121002212,0.0025658600498,0.00206322991289,0.00248508993536,4040400.0,163054688.464,2017-11-14 23:59:59.999000+00:00,TRON_01_01_2017-01_01_2018_historical_data_coinmarketcap.csv,TRON,2017,11,14,0,23,17,0
2017-11-13 00:00:00+00:00,2017-11-13 23:59:59.999000+00:00,2017-11-13 13:24:27+00:00,2017-11-13 00:19:25+00:00,2781,0.00179540994577,0.00214619003236,0.00177073001396,0.00211181002669,2889150.0,138562595.981,2017-11-13 23:59:59.999000+00:00,TRON_01_01_2017-01_01_2018_historical_data_coinmarketcap.csv,TRON,2017,11,13,0,23,13,0
2017-11-12 00:00:00+00:00,2017-11-12 23:59:59.999000+00:00,2017-11-12 00:04:25+00:00,2017-11-12 06:54:24+00:00,2781,0.00200578989461,0.00200578989461,0.00168434996158,0.00178261997644,2174370.0,116811866.453,2017-11-12 23:59:59.999000+00:00,TRON_01_01_2017-01_01_2018_historical_data_coinmarketcap.csv,TRON,2017,11,12,0,23,0,6
2017-11-11 00:00:00+00:00,2017-11-11 23:59:59.999000+00:00,2017-11-11 11:34:24+00:00,2017-11-11 16:09:25+00:00,2781,0.00202629994601,0.00229767989367,0.0018904999597,0.00200324994512,1748460.0,131269351.557,2017-11-11 23:59:59.999000+00:00,TRON_01_01_2017-01_01_2018_historical_data_coinmarketcap.csv,TRON,2017,11,11,0,23,11,16
2017-11-10 00:00:00+00:00,2017-11-10 23:59:59.999000+00:00,2017-11-10 01:09:24+00:00,2017-11-10 21:24:25+00:00,2781,0.00233509996906,0.00234969006851,0.00198877998628,0.00201259995811,2193620.0,131882040.156,2017-11-10 23:59:59.999000+00:00,TRON_01_01_2017-01_01_2018_historical_data_coinmarketcap.csv,TRON,2017,11,10,0,23,1,21
2017-11-09 00:00:00+00:00,2017-11-09 23:59:59.999000+00:00,2017-11-09 18:49:26+00:00,2017-11-09 06:14:25+00:00,2781,0.00230392999947,0.00243813009001,0.00228549004532,0.00234399992041,2924350.0,153598083.139,2017-11-09 23:59:59.999000+00:00,TRON_01_01_2017-01_01_2018_historical_data_coinmarketcap.csv,TRON,2017,11,9,0,23,18,6
2017-11-08 00:00:00+00:00,2017-11-08 23:59:59.999000+00:00,2017-11-08 07:14:24+00:00,2017-11-08 00:04:25+00:00,2781,0.00217302003875,0.00235666008666,0.00217302003875,0.0023380399216,2839470.0,153207535.112,2017-11-08 23:59:59.999000+00:00,TRON_01_01_2017-01_01_2018_historical_data_coinmarketcap.csv,TRON,2017,11,8,0,23,7,0
2017-11-07 00:00:00+00:00,2017-11-07 23:59:59.999000+00:00,2017-11-07 08:49:25+00:00,2017-11-07 00:44:25+00:00,2781,0.00214492995292,0.00226309988648,0.00209936010651,0.00218352000229,1497470.0,143082118.812,2017-11-07 23:59:59.999000+00:00,TRON_01_01_2017-01_01_2018_historical_data_coinmarketcap.csv,TRON,2017,11,7,0,23,8,0
2017-11-06 00:00:00+00:00,2017-11-06 23:59:59.999000+00:00,2017-11-06 03:14:27+00:00,2017-11-06 15:24:26+00:00,2781,0.00221345992759,0.00228914991021,0.00207409006543,0.00212537008338,1719120.0,139271654.42,2017-11-06 23:59:59.999000+00:00,TRON_01_01_2017-01_01_2018_historical_data_coinmarketcap.csv,TRON,2017,11,6,0,23,3,15
2017-11-05 00:00:00+00:00,2017-11-05 23:59:59.999000+00:00,2017-11-05 11:44:27+00:00,2017-11-05 00:29:23+00:00,2781,0.00212575006299,0.00229882006533,0.00212001008913,0.0022186099086,1762660.0,145381503.086,2017-11-05 23:59:59.999000+00:00,TRON_01_01_2017-01_01_2018_historical_data_coinmarketcap.csv,TRON,2017,11,5,0,23,11,0
2017-11-04 00:00:00+00:00,2017-11-04 23:59:59.999000+00:00,2017-11-04 14:39:23+00:00,2017-11-04 23:54:23+00:00,2781,0.0022279699333,0.00232521002181,0.0021230999846,0.00212795007974,1696040.0,139440717.157,2017-11-04 23:59:59.999000+00:00,TRON_01_01_2017-01_01_2018_historical_data_coinmarketcap.csv,TRON,2017,11,4,0,23,14,23
2017-11-03 00:00:00+00:00,2017-11-03 23:59:59.999000+00:00,2017-11-03 06:19:23+00:00,2017-11-03 20:09:23+00:00,2781,0.00230389996432,0.00237297010608,0.00211527990177,0.00222733989358,1588360.0,145953564.206,2017-11-03 23:59:59.999000+00:00,TRON_01_01_2017-01_01_2018_historical_data_coinmarketcap.csv,TRON,2017,11,3,0,23,6,20
2017-11-02 00:00:00+00:00,2017-11-02 23:59:59.999000+00:00,2017-11-02 02:54:23+00:00,2017-11-02 11:09:25+00:00,2781,0.00252362992615,0.00262421998195,0.00214108009823,0.00231177988462,1429590.0,151486764.778,2017-11-02 23:59:59.999000+00:00,TRON_01_01_2017-01_01_2018_historical_data_coinmarketcap.csv,TRON,2017,11,2,0,23,2,11
2017-11-01 00:00:00+00:00,2017-11-01 23:59:59.999000+00:00,2017-11-01 00:14:25+00:00,2017-11-01 20:39:25+00:00,2781,0.002782470081,0.00279703992419,0.0024423499126,0.00251046009362,1398750.0,164505906.057,2017-11-01 23:59:59.999000+00:00,TRON_01_01_2017-01_01_2018_historical_data_coinmarketcap.csv,TRON,2017,11,1,0,23,0,20
2017-10-31 00:00:00+00:00,2017-10-31 23:59:59.999000+00:00,2017-10-31 04:14:23+00:00,2017-10-31 02:24:23+00:00,2781,0.00275987992063,0.00324621004984,0.00269643007778,0.00281350989826,1805800.0,184364224.784,2017-10-31 23:59:59.999000+00:00,TRON_01_01_2017-01_01_2018_historical_data_coinmarketcap.csv,TRON,2017,10,31,0,23,4,2
2017-10-30 00:00:00+00:00,2017-10-30 23:59:59.999000+00:00,2017-10-30 01:54:23+00:00,2017-10-30 06:14:23+00:00,2781,0.00295065995306,0.00317699997686,0.00243221991695,0.00278397998773,1347640.0,182150779.26,2017-10-30 23:59:59.999000+00:00,TRON_01_01_2017-01_01_2018_historical_data_coinmarketcap.csv,TRON,2017,10,30,0,23,1,6
2017-10-29 00:00:00+00:00,2017-10-29 23:59:59.999000+00:00,2017-10-29 05:34:22+00:00,2017-10-29 21:29:24+00:00,2781,0.00298801995814,0.00318609992974,0.00293236994185,0.00295636011288,1605430.0,193429291.077,2017-10-29 23:59:59.999000+00:00,TRON_01_01_2017-01_01_2018_historical_data_coinmarketcap.csv,TRON,2017,10,29,0,23,5,21
2017-10-28 00:00:00+00:00,2017-10-28 23:59:59.999000+00:00,2017-10-28 02:04:23+00:00,2017-10-28 14:44:24+00:00,2781,0.00305913994089,0.00310907000676,0.00280920998193,0.00299922004342,1031720.0,196233543.406,2017-10-28 23:59:59.999000+00:00,TRON_01_01_2017-01_01_2018_historical_data_coinmarketcap.csv,TRON,2017,10,28,0,23,2,14
2017-10-27 00:00:00+00:00,2017-10-27 23:59:59.999000+00:00,2017-10-27 12:09:22+00:00,2017-10-27 05:09:22+00:00,2781,0.00284006004222,0.00321396999061,0.00278166006319,0.00305116991512,1589480.0,199632538.005,2017-10-27 23:59:59.999000+00:00,TRON_01_01_2017-01_01_2018_historical_data_coinmarketcap.csv,TRON,2017,10,27,0,23,12,5
2017-10-26 00:00:00+00:00,2017-10-26 23:59:59.999000+00:00,2017-10-26 00:39:23+00:00,2017-10-26 16:19:28+00:00,2781,0.00302909989841,0.00304783997126,0.00258808000945,0.00284074991941,794428.0,185865137.746,2017-10-26 23:59:59.999000+00:00,TRON_01_01_2017-01_01_2018_historical_data_coinmarketcap.csv,TRON,2017,10,26,0,23,0,16
2017-10-25 00:00:00+00:00,2017-10-25 23:59:59.999000+00:00,2017-10-25 20:19:23+00:00,2017-10-25 05:24:22+00:00,2781,0.00265569007024,0.0032866098918,0.0026349700056,0.00303255999461,715742.0,198414919.343,2017-10-25 23:59:59.999000+00:00,TRON_01_01_2017-01_01_2018_historical_data_coinmarketcap.csv,TRON,2017,10,25,0,23,20,5
2017-10-24 00:00:00+00:00,2017-10-24 23:59:59.999000+00:00,2017-10-24 21:29:23+00:00,2017-10-24 01:29:24+00:00,2781,0.00242456002161,0.00272162002511,0.00236507994123,0.00263237999752,297411.0,172231865.282,2017-10-24 23:59:59.999000+00:00,TRON_01_01_2017-01_01_2018_historical_data_coinmarketcap.csv,TRON,2017,10,24,0,23,21,1
2017-10-23 00:00:00+00:00,2017-10-23 23:59:59.999000+00:00,2017-10-23 02:04:23+00:00,2017-10-23 14:29:23+00:00,2781,0.0025752899237,0.00262429006398,0.00229343003593,0.00242787995376,221618.0,158844708.086,2017-10-23 23:59:59.999000+00:00,TRON_01_01_2017-01_01_2018_historical_data_coinmarketcap.csv,TRON,2017,10,23,0,23,2,14
2017-10-22 00:00:00+00:00,2017-10-22 23:59:59.999000+00:00,2017-10-22 23:39:23+00:00,2017-10-22 00:04:21+00:00,2781,0.00230584992096,0.00260569993407,0.00230584992096,0.00258300988935,244796.0,168994130.448,2017-10-22 23:59:59.999000+00:00,TRON_01_01_2017-01_01_2018_historical_data_coinmarketcap.csv,TRON,2017,10,22,0,23,23,0
2017-10-21 00:00:00+00:00,2017-10-21 23:59:59.999000+00:00,2017-10-21 23:24:21+00:00,2017-10-21 09:49:22+00:00,2781,0.00195287994575,0.00233184010722,0.0018622999778,0.00229842006229,243113.0,150374752.442,2017-10-21 23:59:59.999000+00:00,TRON_01_01_2017-01_01_2018_historical_data_coinmarketcap.csv,TRON,2017,10,21,0,23,23,9
2017-10-20 00:00:00+00:00,2017-10-20 23:59:59.999000+00:00,2017-10-20 20:19:21+00:00,2017-10-20 00:19:22+00:00,2781,0.00191593996715,0.00212555006146,0.00190121994819,0.00194218999241,211546.0,127068307.988,2017-10-20 23:59:59.999000+00:00,TRON_01_01_2017-01_01_2018_historical_data_coinmarketcap.csv,TRON,2017,10,20,0,23,20,0
2017-10-19 00:00:00+00:00,2017-10-19 23:59:59.999000+00:00,2017-10-19 04:34:22+00:00,2017-10-19 23:54:21+00:00,2781,0.00209365994669,0.00213738996536,0.00188696000259,0.00191528000869,325575.0,125279422.439,2017-10-19 23:59:59.999000+00:00,TRON_01_01_2017-01_01_2018_historical_data_coinmarketcap.csv,TRON,2017,10,19,0,23,4,23
2017-10-18 00:00:00+00:00,2017-10-18 23:59:59.999000+00:00,2017-10-18 21:39:27+00:00,2017-10-18 06:49:23+00:00,2781,0.00194294005632,0.00210599997081,0.0018298199866,0.00209481990896,189768.0,136990753.899,2017-10-18 23:59:59.999000+00:00,TRON_01_01_2017-01_01_2018_historical_data_coinmarketcap.csv,TRON,2017,10,18,0,23,21,6
2017-10-17 00:00:00+00:00,2017-10-17 23:59:59.999000+00:00,2017-10-17 01:24:21+00:00,2017-10-17 22:24:22+00:00,2781,0.00215566996485,0.00224333000369,0.00190726004075,0.00194370001554,116008.0,127108261.499,2017-10-17 23:59:59.999000+00:00,TRON_01_01_2017-01_01_2018_historical_data_coinmarketcap.csv,TRON,2017,10,17,0,23,1,22
2017-10-16 00:00:00+00:00,2017-10-16 23:59:59.999000+00:00,2017-10-16 16:04:22+00:00,2017-10-16 21:34:22+00:00,2781,0.00228650006466,0.00233717006631,0.00200840993784,0.00215642992407,152645.0,141019739.849,2017-10-16 23:59:59.999000+00:00,TRON_01_01_2017-01_01_2018_historical_data_coinmarketcap.csv,TRON,2017,10,16,0,23,16,21
2017-10-15 00:00:00+00:00,2017-10-15 23:59:59.999000+00:00,2017-10-15 00:49:30+00:00,2017-10-15 09:54:31+00:00,2781,0.00237766001374,0.00245970999822,0.0020775499288,0.00228560995311,116033.0,149467465.949,2017-10-15 23:59:59.999000+00:00,TRON_01_01_2017-01_01_2018_historical_data_coinmarketcap.csv,TRON,2017,10,15,0,23,0,9
2017-10-14 00:00:00+00:00,2017-10-14 23:59:59.999000+00:00,2017-10-14 08:44:21+00:00,2017-10-14 02:49:20+00:00,2781,0.00211389991455,0.00249787000939,0.00208685989492,0.00239377003163,121404.0,156540589.149,2017-10-14 23:59:59.999000+00:00,TRON_01_01_2017-01_01_2018_historical_data_coinmarketcap.csv,TRON,2017,10,14,0,23,8,2
2017-10-13 00:00:00+00:00,2017-10-13 23:59:59.999000+00:00,2017-10-13 06:59:37+00:00,2017-10-13 20:19:22+00:00,2781,0.00234462996013,0.00250993994996,0.0020220100414,0.002112749964,184709.0,138163286.249,2017-10-13 23:59:59.999000+00:00,TRON_01_01_2017-01_01_2018_historical_data_coinmarketcap.csv,TRON,2017,10,13,0,23,6,20
2017-10-12 00:00:00+00:00,2017-10-12 23:59:59.999000+00:00,2017-10-12 05:54:23+00:00,2017-10-12 18:04:21+00:00,2781,0.00247074989602,0.00254759006202,0.00219703000039,0.00234474008903,136756.0,153334272.299,2017-10-12 23:59:59.999000+00:00,TRON_01_01_2017-01_01_2018_historical_data_coinmarketcap.csv,TRON,2017,10,12,0,23,5,18
2017-10-11 00:00:00+00:00,2017-10-11 23:59:59.999000+00:00,2017-10-11 17:14:23+00:00,2017-10-11 03:29:22+00:00,2781,0.00228889007121,0.00255266996101,0.00225815991871,0.00246993009932,289055.0,161521072.349,2017-10-11 23:59:59.999000+00:00,TRON_01_01_2017-01_01_2018_historical_data_coinmarketcap.csv,TRON,2017,10,11,0,23,17,3
2017-10-10 00:00:00+00:00,2017-10-10 23:59:59.999000+00:00,2017-10-10 04:29:47+00:00,2017-10-10 02:24:49+00:00,2781,0.00218646996655,0.00228535989299,0.00196268991567,0.00222547003068,215705.0,145534610.649,2017-10-10 23:59:59.999000+00:00,TRON_01_01_2017-01_01_2018_historical_data_coinmarketcap.csv,TRON,2017,10,10,0,23,4,2
2017-10-09 00:00:00+00:00,2017-10-09 23:59:59.999000+00:00,2017-10-09 03:29:22+00:00,2017-10-09 21:04:24+00:00,2781,0.00256671011448,0.0027190700639,0.00194333004765,0.00218107993715,350960.0,142021024.199,2017-10-09 23:59:59.999000+00:00,TRON_01_01_2017-01_01_2018_historical_data_coinmarketcap.csv,TRON,2017,10,9,0,23,3,21
2017-10-08 00:00:00+00:00,2017-10-08 23:59:59.999000+00:00,2017-10-08 12:14:51+00:00,2017-10-08 00:09:22+00:00,2781,0.00256541999988,0.00285377004184,0.00232626008801,0.00252997991629,239490.0,164739647.699,2017-10-08 23:59:59.999000+00:00,TRON_01_01_2017-01_01_2018_historical_data_coinmarketcap.csv,TRON,2017,10,8,0,23,12,0
2017-10-07 00:00:00+00:00,2017-10-07 23:59:59.999000+00:00,2017-10-07 04:04:21+00:00,2017-10-07 07:49:23+00:00,2781,0.00299494992942,0.00417293980718,0.00223971996456,0.00245921988972,352974.0,160132110.299,2017-10-07 23:59:59.999000+00:00,TRON_01_01_2017-01_01_2018_historical_data_coinmarketcap.csv,TRON,2017,10,7,0,23,4,7
2017-10-06 00:00:00+00:00,2017-10-06 23:59:59.999000+00:00,2017-10-06 03:24:24+00:00,2017-10-06 21:24:23+00:00,2781,0.00332064996473,0.00335405999795,0.00281484005973,0.00299553992227,478330.0,119821600.0,2017-10-06 23:59:59.999000+00:00,TRON_01_01_2017-01_01_2018_historical_data_coinmarketcap.csv,TRON,2017,10,6,0,23,3,21
2017-10-05 00:00:00+00:00,2017-10-05 23:59:59.999000+00:00,2017-10-05 17:04:23+00:00,2017-10-05 08:39:21+00:00,2781,0.00326924002729,0.00348845007829,0.00294174998999,0.00332021992654,704167.0,132808800.0,2017-10-05 23:59:59.999000+00:00,TRON_01_01_2017-01_01_2018_historical_data_coinmarketcap.csv,TRON,2017,10,5,0,23,17,8
2017-10-04 00:00:00+00:00,2017-10-04 23:59:59.999000+00:00,2017-10-04 19:59:25+00:00,2017-10-04 00:09:23+00:00,2781,0.0024691100698,0.00352132995613,0.0024000799749,0.00325024011545,1072200.0,130009600.0,2017-10-04 23:59:59.999000+00:00,TRON_01_01_2017-01_01_2018_historical_data_coinmarketcap.csv,TRON,2017,10,4,0,23,19,0
2017-10-03 00:00:00+00:00,2017-10-03 23:59:59.999000+00:00,2017-10-03 03:24:33+00:00,2017-10-03 10:09:36+00:00,2781,0.00274846004322,0.00318616000004,0.00212761992589,0.00244650989771,822107.0,97860400.0,2017-10-03 23:59:59.999000+00:00,TRON_01_01_2017-01_01_2018_historical_data_coinmarketcap.csv,TRON,2017,10,3,0,23,3,10
2017-10-02 00:00:00+00:00,2017-10-02 23:59:59.999000+00:00,2017-10-02 22:14:33+00:00,2017-10-02 13:59:36+00:00,2781,0.00184766005259,0.00317660998553,0.00176810997073,0.00280300993472,887622.0,112120400.0,2017-10-02 23:59:59.999000+00:00,TRON_01_01_2017-01_01_2018_historical_data_coinmarketcap.csv,TRON,2017,10,2,0,23,22,13
2017-10-01 00:00:00+00:00,2017-10-01 23:59:59.999000+00:00,2017-10-01 00:24:23+00:00,2017-10-01 01:39:28+00:00,2781,0.00226145004854,0.00226945988834,0.00180577998981,0.00184769998305,72807.1,18600626.6357,2017-10-01 23:59:59.999000+00:00,TRON_01_01_2017-01_01_2018_historical_data_coinmarketcap.csv,TRON,2017,10,1,0,23,0,1
2017-09-30 00:00:00+00:00,2017-09-30 23:59:59.999000+00:00,2017-09-30 23:44:26+00:00,2017-09-30 05:19:23+00:00,2781,0.00198332010768,0.00262113008648,0.00176274997648,0.00226059998386,53734.1,22757253.1107,2017-09-30 23:59:59.999000+00:00,TRON_01_01_2017-01_01_2018_historical_data_coinmarketcap.csv,TRON,2017,9,30,0,23,23,5
2017-09-29 00:00:00+00:00,2017-09-29 23:59:59.999000+00:00,2017-09-29 00:34:34+00:00,2017-09-29 03:59:24+00:00,2781,0.00290148006752,0.0029731199611,0.00148740003351,0.00198289006948,58161.5,19961571.9812,2017-09-29 23:59:59.999000+00:00,TRON_01_01_2017-01_01_2018_historical_data_coinmarketcap.csv,TRON,2017,9,29,0,23,0,3
2017-09-28 00:00:00+00:00,2017-09-28 23:59:59.999000+00:00,2017-09-28 21:29:30+00:00,2017-09-28 21:09:39+00:00,2781,0.00256266002543,0.00347435008734,0.00181627995335,0.00290613994002,69531.8,29255845.154,2017-09-28 23:59:59.999000+00:00,TRON_01_01_2017-01_01_2018_historical_data_coinmarketcap.csv,TRON,2017,9,28,0,23,21,21
2017-09-27 00:00:00+00:00,2017-09-27 23:59:59.999000+00:00,2017-09-27 00:44:28+00:00,2017-09-27 11:24:30+00:00,2781,0.00173609005287,0.00349460006692,0.00165883998852,0.00256099994294,35671.1,0.0,2017-09-27 23:59:59.999000+00:00,TRON_01_01_2017-01_01_2018_historical_data_coinmarketcap.csv,TRON,2017,9,27,0,23,0,11
2017-09-26 00:00:00+00:00,2017-09-26 23:59:59.999000+00:00,2017-09-26 14:49:32+00:00,2017-09-26 07:29:28+00:00,2781,0.00177700002678,0.00210412009619,0.00161899998784,0.00173779996112,61508.1,0.0,2017-09-26 23:59:59.999000+00:00,TRON_01_01_2017-01_01_2018_historical_data_coinmarketcap.csv,TRON,2017,9,26,0,23,14,7
2017-09-25 00:00:00+00:00,2017-09-25 23:59:59.999000+00:00,2017-09-25 20:24:31+00:00,2017-09-25 16:24:31+00:00,2781,0.00225077010691,0.00565592013299,0.00146530999336,0.00177674996667,106284.0,0.0,2017-09-25 23:59:59.999000+00:00,TRON_01_01_2017-01_01_2018_historical_data_coinmarketcap.csv,TRON,2017,9,25,0,23,20,16
2017-09-24 00:00:00+00:00,2017-09-24 23:59:59.999000+00:00,2017-09-24 03:09:28+00:00,2017-09-24 09:19:26+00:00,2781,0.00234575988725,0.00242680008523,0.00208639004268,0.00224602990784,50022.7,0.0,2017-09-24 23:59:59.999000+00:00,TRON_01_01_2017-01_01_2018_historical_data_coinmarketcap.csv,TRON,2017,9,24,0,23,3,9
2017-09-23 00:00:00+00:00,2017-09-23 23:59:59.999000+00:00,2017-09-23 23:59:29+00:00,2017-09-23 00:29:27+00:00,2781,0.00193406001199,0.00234568002634,0.00192446005531,0.00234568002634,42314.3,0.0,2017-09-23 23:59:59.999000+00:00,TRON_01_01_2017-01_01_2018_historical_data_coinmarketcap.csv,TRON,2017,9,23,0,23,23,0
2017-09-22 00:00:00+00:00,2017-09-22 23:59:59.999000+00:00,2017-09-22 08:49:27+00:00,2017-09-22 20:19:30+00:00,2781,0.00207881000824,0.00217213993892,0.00185233994853,0.0019509800477,38829.3,0.0,2017-09-22 23:59:59.999000+00:00,TRON_01_01_2017-01_01_2018_historical_data_coinmarketcap.csv,TRON,2017,9,22,0,23,8,20
2017-09-21 00:00:00+00:00,2017-09-21 23:59:59.999000+00:00,2017-09-21 03:49:56+00:00,2017-09-21 20:19:52+00:00,2781,0.00263815000653,0.00317316991277,0.00193502998445,0.00207929988392,99852.5,0.0,2017-09-21 23:59:59.999000+00:00,TRON_01_01_2017-01_01_2018_historical_data_coinmarketcap.csv,TRON,2017,9,21,0,23,3,20
2017-09-20 00:00:00+00:00,2017-09-20 23:59:59.999000+00:00,2017-09-20 17:24:55+00:00,2017-09-20 10:44:55+00:00,2781,0.00230572000146,0.0031990299467,0.00203883997165,0.00264740991406,83399.3,0.0,2017-09-20 23:59:59.999000+00:00,TRON_01_01_2017-01_01_2018_historical_data_coinmarketcap.csv,TRON,2017,9,20,0,23,17,10
2017-09-19 00:00:00+00:00,2017-09-19 23:59:59.999000+00:00,2017-09-19 00:29:56+00:00,2017-09-19 06:44:54+00:00,2781,0.00327287008986,0.0232378002,0.00174552004319,0.00229131011292,158416.0,0.0,2017-09-19 23:59:59.999000+00:00,TRON_01_01_2017-01_01_2018_historical_data_coinmarketcap.csv,TRON,2017,9,19,0,23,0,6
2017-09-18 00:00:00+00:00,2017-09-18 23:59:59.999000+00:00,2017-09-18 11:24:53+00:00,2017-09-18 05:19:52+00:00,2781,0.00332361995243,0.00343807996251,0.00253438996151,0.00326251005754,159158.0,0.0,2017-09-18 23:59:59.999000+00:00,TRON_01_01_2017-01_01_2018_historical_data_coinmarketcap.csv,TRON,2017,9,18,0,23,11,5
2017-09-17 00:00:00+00:00,2017-09-17 23:59:59.999000+00:00,2017-09-17 22:24:52+00:00,2017-09-17 08:41:05+00:00,2781,0.00183565996122,0.00387864001095,0.00178133998998,0.00331992004067,124998.0,0.0,2017-09-17 23:59:59.999000+00:00,TRON_01_01_2017-01_01_2018_historical_data_coinmarketcap.csv,TRON,2017,9,17,0,23,22,8
2017-09-16 00:00:00+00:00,2017-09-16 23:59:59.999000+00:00,2017-09-16 04:25:45+00:00,2017-09-16 20:35:07+00:00,2781,0.00181521999184,0.0176710002,0.00137141998857,0.0018311199965,54534.7,0.0,2017-09-16 23:59:59.999000+00:00,TRON_01_01_2017-01_01_2018_historical_data_coinmarketcap.csv,TRON,2017,9,16,0,23,4,20
2017-09-15 00:00:00+00:00,2017-09-15 23:59:59.999000+00:00,2017-09-15 23:05:07+00:00,2017-09-15 04:35:05+00:00,2781,0.0014192200033,0.00183066003956,0.00109125999734,0.00180086004548,26474.8,0.0,2017-09-15 23:59:59.999000+00:00,TRON_01_01_2017-01_01_2018_historical_data_coinmarketcap.csv,TRON,2017,9,15,0,23,23,4
2017-09-14 00:00:00+00:00,2017-09-14 23:59:59.999000+00:00,2017-09-14 07:14:58+00:00,2017-09-14 18:10:12+00:00,2781,0.002006029943,0.00247881002724,0.0012984899804,0.00142682995647,58769.7,0.0,2017-09-14 23:59:59.999000+00:00,TRON_01_01_2017-01_01_2018_historical_data_coinmarketcap.csv,TRON,2017,9,14,0,23,7,18
2018-12-31 00:00:00+00:00,2018-12-31 23:59:59.999000+00:00,2018-12-31 00:13:10+00:00,2018-12-31 22:21:10+00:00,2781,0.0199731029,0.0200010004,0.0188260307,0.0188260307,65808387.97,1254466430.84772,2018-12-31 23:59:59.999000+00:00,TRON_01_01_2018-01_01_2019_historical_data_coinmarketcap.csv,TRON,2018,12,31,0,23,0,22
2018-12-30 00:00:00+00:00,2018-12-30 23:59:59.999000+00:00,2018-12-30 11:34:09+00:00,2018-12-30 01:09:13+00:00,2781,0.0200462142,0.0204424283,0.0197086258,0.0199470453,71517430.28,1329143863.29708,2018-12-30 23:59:59.999000+00:00,TRON_01_01_2018-01_01_2019_historical_data_coinmarketcap.csv,TRON,2018,12,30,0,23,11,1
2018-12-29 00:00:00+00:00,2018-12-29 23:59:59.999000+00:00,2018-12-29 00:20:09+00:00,2018-12-29 23:59:03+00:00,2781,0.0208890835,0.0210276863,0.0200039612,0.0200039612,97614432.7,1332915269.41154,2018-12-29 23:59:59.999000+00:00,TRON_01_01_2018-01_01_2019_historical_data_coinmarketcap.csv,TRON,2018,12,29,0,23,0,23
2018-12-28 00:00:00+00:00,2018-12-28 23:59:59.999000+00:00,2018-12-28 19:33:12+00:00,2018-12-28 01:50:10+00:00,2781,0.0185123981,0.0210183355,0.0181466279,0.0208680357,125947732.66,1390471113.38469,2018-12-28 23:59:59.999000+00:00,TRON_01_01_2018-01_01_2019_historical_data_coinmarketcap.csv,TRON,2018,12,28,0,23,19,1
2018-12-27 00:00:00+00:00,2018-12-27 23:59:59.999000+00:00,2018-12-27 01:08:13+00:00,2018-12-27 23:29:09+00:00,2781,0.0204367691,0.0205273327,0.0183934518,0.0184876282,101383039.45,1231854129.76525,2018-12-27 23:59:59.999000+00:00,TRON_01_01_2018-01_01_2019_historical_data_coinmarketcap.csv,TRON,2018,12,27,0,23,1,23
2018-12-26 00:00:00+00:00,2018-12-26 23:59:59.999000+00:00,2018-12-26 03:48:10+00:00,2018-12-26 15:05:12+00:00,2781,0.0200107332,0.0209199672,0.0195932338,0.0204474672,126978262.57,1362422619.46337,2018-12-26 23:59:59.999000+00:00,TRON_01_01_2018-01_01_2019_historical_data_coinmarketcap.csv,TRON,2018,12,26,0,23,3,15
2018-12-25 00:00:00+00:00,2018-12-25 23:59:59.999000+00:00,2018-12-25 00:03:16+00:00,2018-12-25 04:04:09+00:00,2781,0.0210572555,0.0210572555,0.0187235344,0.0200075598,134753601.5,1333092748.9704,2018-12-25 23:59:59.999000+00:00,TRON_01_01_2018-01_01_2019_historical_data_coinmarketcap.csv,TRON,2018,12,25,0,23,0,4
2018-12-24 00:00:00+00:00,2018-12-24 23:59:59.999000+00:00,2018-12-24 07:13:12+00:00,2018-12-24 19:35:14+00:00,2781,0.0209079426,0.0236714287,0.0206889846,0.0210698832,189212251.33,1403852882.78541,2018-12-24 23:59:59.999000+00:00,TRON_01_01_2018-01_01_2019_historical_data_coinmarketcap.csv,TRON,2018,12,24,0,23,7,19
2018-12-23 00:00:00+00:00,2018-12-23 23:59:59.999000+00:00,2018-12-23 12:11:13+00:00,2018-12-23 15:11:14+00:00,2781,0.0210357696,0.0219998712,0.0206211732,0.0209110346,137162933.8,1393248733.55969,2018-12-23 23:59:59.999000+00:00,TRON_01_01_2018-01_01_2019_historical_data_coinmarketcap.csv,TRON,2018,12,23,0,23,12,15
2018-12-22 00:00:00+00:00,2018-12-22 23:59:59.999000+00:00,2018-12-22 09:39:16+00:00,2018-12-22 02:35:14+00:00,2781,0.0200307204,0.0213921746,0.0186895604,0.020966407,205134522.63,1396919541.73435,2018-12-22 23:59:59.999000+00:00,TRON_01_01_2018-01_01_2019_historical_data_coinmarketcap.csv,TRON,2018,12,22,0,23,9,2
2018-12-21 00:00:00+00:00,2018-12-21 23:59:59.999000+00:00,2018-12-21 13:14:09+00:00,2018-12-21 00:37:12+00:00,2781,0.0173230383,0.022545642,0.0171635864,0.0200210377,297256275.93,1333912302.53457,2018-12-21 23:59:59.999000+00:00,TRON_01_01_2018-01_01_2019_historical_data_coinmarketcap.csv,TRON,2018,12,21,0,23,13,0
2018-12-20 00:00:00+00:00,2018-12-20 23:59:59.999000+00:00,2018-12-20 11:12:10+00:00,2018-12-20 00:07:11+00:00,2781,0.015528611,0.0175305225,0.0154933167,0.0173846164,153780390.91,1155486075.92903,2018-12-20 23:59:59.999000+00:00,TRON_01_01_2018-01_01_2019_historical_data_coinmarketcap.csv,TRON,2018,12,20,0,23,11,0
2018-12-19 00:00:00+00:00,2018-12-19 23:59:59.999000+00:00,2018-12-19 13:42:10+00:00,2018-12-19 00:01:10+00:00,2781,0.0149034151,0.0175520131,0.0148822861,0.0156652917,154903028.51,1041199795.11408,2018-12-19 23:59:59.999000+00:00,TRON_01_01_2018-01_01_2019_historical_data_coinmarketcap.csv,TRON,2018,12,19,0,23,13,0
2018-12-18 00:00:00+00:00,2018-12-18 23:59:59.999000+00:00,2018-12-18 23:44:11+00:00,2018-12-18 02:01:09+00:00,2781,0.0142147711,0.0148549206,0.0139187794,0.0148309766,85124713.37,985731822.968486,2018-12-18 23:59:59.999000+00:00,TRON_01_01_2018-01_01_2019_historical_data_coinmarketcap.csv,TRON,2018,12,18,0,23,23,2
2018-12-17 00:00:00+00:00,2018-12-17 23:59:59.999000+00:00,2018-12-17 20:51:09+00:00,2018-12-17 06:58:12+00:00,2781,0.0130346919,0.0145430963,0.0130209787,0.014220874,76507901.98,945171694.927836,2018-12-17 23:59:59.999000+00:00,TRON_01_01_2018-01_01_2019_historical_data_coinmarketcap.csv,TRON,2018,12,17,0,23,20,6
2018-12-16 00:00:00+00:00,2018-12-16 23:59:59.999000+00:00,2018-12-16 12:45:11+00:00,2018-12-16 01:40:13+00:00,2781,0.0127826924,0.0133313594,0.0127516938,0.013021918,50617473.1,865476179.606902,2018-12-16 23:59:59.999000+00:00,TRON_01_01_2018-01_01_2019_historical_data_coinmarketcap.csv,TRON,2018,12,16,0,23,12,1
2018-12-15 00:00:00+00:00,2018-12-15 23:59:59.999000+00:00,2018-12-15 04:03:13+00:00,2018-12-15 10:17:08+00:00,2781,0.0127890421,0.0129303544,0.0125905278,0.0127844243,40979879.98,849683641.669469,2018-12-15 23:59:59.999000+00:00,TRON_01_01_2018-01_01_2019_historical_data_coinmarketcap.csv,TRON,2018,12,15,0,23,4,10
2018-12-14 00:00:00+00:00,2018-12-14 23:59:59.999000+00:00,2018-12-14 01:11:10+00:00,2018-12-14 21:32:12+00:00,2781,0.0130548661,0.0131760991,0.0126089421,0.012775337,57158874.24,849070529.307525,2018-12-14 23:59:59.999000+00:00,TRON_01_01_2018-01_01_2019_historical_data_coinmarketcap.csv,TRON,2018,12,14,0,23,1,21
2018-12-13 00:00:00+00:00,2018-12-13 23:59:59.999000+00:00,2018-12-13 16:10:14+00:00,2018-12-13 20:47:11+00:00,2781,0.0133363542,0.0134645746,0.0129869825,0.0130581811,84620147.48,865075082.359124,2018-12-13 23:59:59.999000+00:00,TRON_01_01_2018-01_01_2019_historical_data_coinmarketcap.csv,TRON,2018,12,13,0,23,16,20
2018-12-12 00:00:00+00:00,2018-12-12 23:59:59.999000+00:00,2018-12-12 16:19:08+00:00,2018-12-12 04:51:09+00:00,2781,0.013291355,0.013648634,0.0132308823,0.0133528876,65379207.0,884591712.205782,2018-12-12 23:59:59.999000+00:00,TRON_01_01_2018-01_01_2019_historical_data_coinmarketcap.csv,TRON,2018,12,12,0,23,16,4
2018-12-11 00:00:00+00:00,2018-12-11 23:59:59.999000+00:00,2018-12-11 21:49:10+00:00,2018-12-11 14:38:14+00:00,2781,0.0132919212,0.0134743513,0.0130885198,0.013291351,67716703.49,880508582.972945,2018-12-11 23:59:59.999000+00:00,TRON_01_01_2018-01_01_2019_historical_data_coinmarketcap.csv,TRON,2018,12,11,0,23,21,14
2018-12-10 00:00:00+00:00,2018-12-10 23:59:59.999000+00:00,2018-12-10 01:19:08+00:00,2018-12-10 15:41:12+00:00,2781,0.0136079498,0.013775354,0.0131317927,0.0133167284,58353051.67,882182593.195555,2018-12-10 23:59:59.999000+00:00,TRON_01_01_2018-01_01_2019_historical_data_coinmarketcap.csv,TRON,2018,12,10,0,23,1,15
2018-12-09 00:00:00+00:00,2018-12-09 23:59:59.999000+00:00,2018-12-09 17:22:10+00:00,2018-12-09 11:36:13+00:00,2781,0.0134160945,0.013990978,0.0133329147,0.0136252183,58390961.62,902611068.362736,2018-12-09 23:59:59.999000+00:00,TRON_01_01_2018-01_01_2019_historical_data_coinmarketcap.csv,TRON,2018,12,9,0,23,17,11
2018-12-08 00:00:00+00:00,2018-12-08 23:59:59.999000+00:00,2018-12-08 01:02:10+00:00,2018-12-08 14:04:09+00:00,2781,0.0132407804,0.0137619795,0.0128893418,0.0134669573,69080664.77,892118083.095459,2018-12-08 23:59:59.999000+00:00,TRON_01_01_2018-01_01_2019_historical_data_coinmarketcap.csv,TRON,2018,12,8,0,23,1,14
2018-12-07 00:00:00+00:00,2018-12-07 23:59:59.999000+00:00,2018-12-07 07:13:10+00:00,2018-12-07 01:04:12+00:00,2781,0.0128331194,0.0133996694,0.0123179787,0.0132248272,97661556.57,876069050.37089,2018-12-07 23:59:59.999000+00:00,TRON_01_01_2018-01_01_2019_historical_data_coinmarketcap.csv,TRON,2018,12,7,0,23,7,1
2018-12-06 00:00:00+00:00,2018-12-06 23:59:59.999000+00:00,2018-12-06 06:09:09+00:00,2018-12-06 23:56:11+00:00,2781,0.0139379691,0.0144975184,0.0128168659,0.0128168659,82841981.23,847781485.788859,2018-12-06 23:59:59.999000+00:00,TRON_01_01_2018-01_01_2019_historical_data_coinmarketcap.csv,TRON,2018,12,6,0,23,6,23
2018-12-05 00:00:00+00:00,2018-12-05 23:59:59.999000+00:00,2018-12-05 10:24:10+00:00,2018-12-05 23:57:12+00:00,2781,0.0144390028,0.0147098463,0.0139520914,0.0139520914,69577290.07,922861947.04312,2018-12-05 23:59:59.999000+00:00,TRON_01_01_2018-01_01_2019_historical_data_coinmarketcap.csv,TRON,2018,12,5,0,23,10,23
2018-12-04 00:00:00+00:00,2018-12-04 23:59:59.999000+00:00,2018-12-04 15:12:13+00:00,2018-12-04 06:04:12+00:00,2781,0.0138352101,0.0152515993,0.013537402,0.0144122323,77358762.07,953286940.331871,2018-12-04 23:59:59.999000+00:00,TRON_01_01_2018-01_01_2019_historical_data_coinmarketcap.csv,TRON,2018,12,4,0,23,15,6
2018-12-03 00:00:00+00:00,2018-12-03 23:59:59.999000+00:00,2018-12-03 00:05:13+00:00,2018-12-03 16:32:12+00:00,2781,0.0149585609,0.0149721314,0.0136066311,0.0138676044,73121094.62,917251052.456927,2018-12-03 23:59:59.999000+00:00,TRON_01_01_2018-01_01_2019_historical_data_coinmarketcap.csv,TRON,2018,12,3,0,23,0,16
2018-12-02 00:00:00+00:00,2018-12-02 23:59:59.999000+00:00,2018-12-02 02:19:15+00:00,2018-12-02 05:25:11+00:00,2781,0.0151568431,0.0155438122,0.0147429405,0.0149352386,62667775.72,987857121.635747,2018-12-02 23:59:59.999000+00:00,TRON_01_01_2018-01_01_2019_historical_data_coinmarketcap.csv,TRON,2018,12,2,0,23,2,5
2018-12-01 00:00:00+00:00,2018-12-01 23:59:59.999000+00:00,2018-12-01 20:05:09+00:00,2018-12-01 07:55:09+00:00,2781,0.0144530576,0.0155283576,0.0139566483,0.0151837552,87112117.68,1004282932.98172,2018-12-01 23:59:59.999000+00:00,TRON_01_01_2018-01_01_2019_historical_data_coinmarketcap.csv,TRON,2018,12,1,0,23,20,7
2018-11-30 00:00:00+00:00,2018-11-30 23:59:59.999000+00:00,2018-11-30 00:04:10+00:00,2018-11-30 12:49:10+00:00,2781,0.0157790251,0.0157790251,0.0135665543,0.0143903056,109408267.88,951790054.089092,2018-11-30 23:59:59.999000+00:00,TRON_01_01_2018-01_01_2019_historical_data_coinmarketcap.csv,TRON,2018,11,30,0,23,0,12
2018-11-29 00:00:00+00:00,2018-11-29 23:59:59.999000+00:00,2018-11-29 11:33:13+00:00,2018-11-29 04:11:09+00:00,2781,0.0146971419,0.0168859956,0.0144295441,0.0156945422,179257156.92,1038039757.75208,2018-11-29 23:59:59.999000+00:00,TRON_01_01_2018-01_01_2019_historical_data_coinmarketcap.csv,TRON,2018,11,29,0,23,11,4
2018-11-28 00:00:00+00:00,2018-11-28 23:59:59.999000+00:00,2018-11-28 17:47:14+00:00,2018-11-28 00:03:15+00:00,2781,0.0118457,0.0156791,0.0118457,0.0146494,144929000.0,963170386.733728,2018-11-28 23:59:59.999000+00:00,TRON_01_01_2018-01_01_2019_historical_data_coinmarketcap.csv,TRON,2018,11,28,0,23,17,0
2018-11-27 00:00:00+00:00,2018-11-27 23:59:59.999000+00:00,2018-11-27 22:57:07+00:00,2018-11-27 10:19:13+00:00,2781,0.0116688,0.0119707,0.0112704,0.0118554,55086700.0,779470162.797319,2018-11-27 23:59:59.999000+00:00,TRON_01_01_2018-01_01_2019_historical_data_coinmarketcap.csv,TRON,2018,11,27,0,23,22,10
2018-11-26 00:00:00+00:00,2018-11-26 23:59:59.999000+00:00,2018-11-26 06:46:10+00:00,2018-11-26 16:42:12+00:00,2781,0.012314,0.0128445,0.0112701,0.0116606,71673900.0,766662430.648853,2018-11-26 23:59:59.999000+00:00,TRON_01_01_2018-01_01_2019_historical_data_coinmarketcap.csv,TRON,2018,11,26,0,23,6,16
2018-11-25 00:00:00+00:00,2018-11-25 23:59:59.999000+00:00,2018-11-25 22:30:13+00:00,2018-11-25 10:29:11+00:00,2781,0.0125086,0.0126963,0.0108897,0.012373,79478000.0,813501385.384822,2018-11-25 23:59:59.999000+00:00,TRON_01_01_2018-01_01_2019_historical_data_coinmarketcap.csv,TRON,2018,11,25,0,23,22,10
2018-11-24 00:00:00+00:00,2018-11-24 23:59:59.999000+00:00,2018-11-24 02:13:17+00:00,2018-11-24 22:37:11+00:00,2781,0.0136738,0.0139947,0.0120842,0.0125483,68651200.0,825027029.356208,2018-11-24 23:59:59.999000+00:00,TRON_01_01_2018-01_01_2019_historical_data_coinmarketcap.csv,TRON,2018,11,24,0,23,2,22
2018-11-23 00:00:00+00:00,2018-11-23 23:59:59.999000+00:00,2018-11-23 00:29:12+00:00,2018-11-23 05:19:07+00:00,2781,0.0138285,0.0139222,0.0132296,0.0136698,61201000.0,898763536.566188,2018-11-23 23:59:59.999000+00:00,TRON_01_01_2018-01_01_2019_historical_data_coinmarketcap.csv,TRON,2018,11,23,0,23,0,5
2018-11-22 00:00:00+00:00,2018-11-22 23:59:59.999000+00:00,2018-11-22 02:13:06+00:00,2018-11-22 23:59:06+00:00,2781,0.0147261,0.0148173,0.0138763,0.0138763,58052500.0,912340521.620901,2018-11-22 23:59:59.999000+00:00,TRON_01_01_2018-01_01_2019_historical_data_coinmarketcap.csv,TRON,2018,11,22,0,23,2,23
2018-11-21 00:00:00+00:00,2018-11-21 23:59:59.999000+00:00,2018-11-21 09:41:06+00:00,2018-11-21 01:28:07+00:00,2781,0.0139744,0.0149494,0.0134993,0.0147264,101730000.0,968232991.330401,2018-11-21 23:59:59.999000+00:00,TRON_01_01_2018-01_01_2019_historical_data_coinmarketcap.csv,TRON,2018,11,21,0,23,9,1
2018-11-20 00:00:00+00:00,2018-11-20 23:59:59.999000+00:00,2018-11-20 02:38:07+00:00,2018-11-20 08:55:03+00:00,2781,0.0157507,0.016298,0.0128352,0.0138394,131001000.0,909914416.301197,2018-11-20 23:59:59.999000+00:00,TRON_01_01_2018-01_01_2019_historical_data_coinmarketcap.csv,TRON,2018,11,20,0,23,2,8
2018-11-19 00:00:00+00:00,2018-11-19 23:59:59.999000+00:00,2018-11-19 00:06:06+00:00,2018-11-19 21:57:11+00:00,2781,0.0188457,0.0188552,0.0156918,0.015803,103267000.0,1039017408.32752,2018-11-19 23:59:59.999000+00:00,TRON_01_01_2018-01_01_2019_historical_data_coinmarketcap.csv,TRON,2018,11,19,0,23,0,21
2018-11-18 00:00:00+00:00,2018-11-18 23:59:59.999000+00:00,2018-11-18 05:50:04+00:00,2018-11-18 11:08:07+00:00,2781,0.0188483,0.0191325,0.0186876,0.0188487,82353500.0,1239266431.965,2018-11-18 23:59:59.999000+00:00,TRON_01_01_2018-01_01_2019_historical_data_coinmarketcap.csv,TRON,2018,11,18,0,23,5,11
2018-11-17 00:00:00+00:00,2018-11-17 23:59:59.999000+00:00,2018-11-17 00:02:08+00:00,2018-11-17 04:09:07+00:00,2781,0.0189021,0.0189106,0.0185049,0.0188085,58196600.0,1236623357.87686,2018-11-17 23:59:59.999000+00:00,TRON_01_01_2018-01_01_2019_historical_data_coinmarketcap.csv,TRON,2018,11,17,0,23,0,4
2018-11-16 00:00:00+00:00,2018-11-16 23:59:59.999000+00:00,2018-11-16 00:33:08+00:00,2018-11-16 09:55:08+00:00,2781,0.0190592,0.0194919,0.0186882,0.0188959,66279000.0,1242369742.83465,2018-11-16 23:59:59.999000+00:00,TRON_01_01_2018-01_01_2019_historical_data_coinmarketcap.csv,TRON,2018,11,16,0,23,0,9
2018-11-15 00:00:00+00:00,2018-11-15 23:59:59.999000+00:00,2018-11-15 00:48:05+00:00,2018-11-15 15:02:04+00:00,2781,0.0193999,0.0195627,0.0175464,0.0190763,86974800.0,1254230702.17542,2018-11-15 23:59:59.999000+00:00,TRON_01_01_2018-01_01_2019_historical_data_coinmarketcap.csv,TRON,2018,11,15,0,23,0,15
2018-11-14 00:00:00+00:00,2018-11-14 23:59:59.999000+00:00,2018-11-14 06:21:08+00:00,2018-11-14 20:37:07+00:00,2781,0.0219459,0.0219459,0.0183637,0.01936,92991300.0,1272883441.44914,2018-11-14 23:59:59.999000+00:00,TRON_01_01_2018-01_01_2019_historical_data_coinmarketcap.csv,TRON,2018,11,14,0,23,6,20
2018-11-13 00:00:00+00:00,2018-11-13 23:59:59.999000+00:00,2018-11-13 11:45:26+00:00,2018-11-13 22:48:13+00:00,2781,0.022417,0.0225082,0.0219336,0.0219985,60343200.0,1446359834.02473,2018-11-13 23:59:59.999000+00:00,TRON_01_01_2018-01_01_2019_historical_data_coinmarketcap.csv,TRON,2018,11,13,0,23,11,22
2018-11-12 00:00:00+00:00,2018-11-12 23:59:59.999000+00:00,2018-11-12 02:59:05+00:00,2018-11-12 08:11:10+00:00,2781,0.0228672,0.0229343,0.0222217,0.0224714,60384600.0,1477452116.0217,2018-11-12 23:59:59.999000+00:00,TRON_01_01_2018-01_01_2019_historical_data_coinmarketcap.csv,TRON,2018,11,12,0,23,2,8
2018-11-11 00:00:00+00:00,2018-11-11 23:59:59.999000+00:00,2018-11-11 00:17:17+00:00,2018-11-11 23:24:07+00:00,2781,0.0230135,0.0230443,0.0226035,0.0228112,46834800.0,1499793324.35871,2018-11-11 23:59:59.999000+00:00,TRON_01_01_2018-01_01_2019_historical_data_coinmarketcap.csv,TRON,2018,11,11,0,23,0,23
2018-11-10 00:00:00+00:00,2018-11-10 23:59:59.999000+00:00,2018-11-10 17:31:12+00:00,2018-11-10 11:13:06+00:00,2781,0.0230349,0.0232165,0.0227358,0.0230232,50249500.0,1513731924.02747,2018-11-10 23:59:59.999000+00:00,TRON_01_01_2018-01_01_2019_historical_data_coinmarketcap.csv,TRON,2018,11,10,0,23,17,11
2018-11-09 00:00:00+00:00,2018-11-09 23:59:59.999000+00:00,2018-11-09 08:54:01+00:00,2018-11-09 14:49:11+00:00,2781,0.0230854,0.023303,0.022846,0.0230279,52900400.0,1514040940.1522,2018-11-09 23:59:59.999000+00:00,TRON_01_01_2018-01_01_2019_historical_data_coinmarketcap.csv,TRON,2018,11,9,0,23,8,14
2018-11-08 00:00:00+00:00,2018-11-08 23:59:59.999000+00:00,2018-11-08 01:36:09+00:00,2018-11-08 23:18:08+00:00,2781,0.0237664,0.0242539,0.023031,0.0231145,59261300.0,1519734726.62066,2018-11-08 23:59:59.999000+00:00,TRON_01_01_2018-01_01_2019_historical_data_coinmarketcap.csv,TRON,2018,11,8,0,23,1,23
2018-11-07 00:00:00+00:00,2018-11-07 23:59:59.999000+00:00,2018-11-07 06:45:07+00:00,2018-11-07 06:52:07+00:00,2781,0.024362,0.0258352,0.023643,0.0237743,124654000.0,1563115330.6841,2018-11-07 23:59:59.999000+00:00,TRON_01_01_2018-01_01_2019_historical_data_coinmarketcap.csv,TRON,2018,11,7,0,23,6,6
2018-11-06 00:00:00+00:00,2018-11-06 23:59:59.999000+00:00,2018-11-06 21:30:09+00:00,2018-11-06 23:27:09+00:00,2781,0.023796,0.0252935,0.0235428,0.0244214,117452000.0,1612281768.57,2018-11-06 23:59:59.999000+00:00,TRON_01_01_2018-01_01_2019_historical_data_coinmarketcap.csv,TRON,2018,11,6,0,23,21,23
2018-11-05 00:00:00+00:00,2018-11-05 23:59:59.999000+00:00,2018-11-05 16:24:24+00:00,2018-11-05 08:58:14+00:00,2781,0.0232466,0.023993,0.0230731,0.0237451,77425400.0,1561195485.82,2018-11-05 23:59:59.999000+00:00,TRON_01_01_2018-01_01_2019_historical_data_coinmarketcap.csv,TRON,2018,11,5,0,23,16,8
2018-11-04 00:00:00+00:00,2018-11-04 23:59:59.999000+00:00,2018-11-04 20:03:16+00:00,2018-11-04 05:34:11+00:00,2781,0.0226917,0.0234818,0.0224292,0.023273,85125200.0,1530155802.32,2018-11-04 23:59:59.999000+00:00,TRON_01_01_2018-01_01_2019_historical_data_coinmarketcap.csv,TRON,2018,11,4,0,23,20,5
2018-11-03 00:00:00+00:00,2018-11-03 23:59:59.999000+00:00,2018-11-03 00:04:16+00:00,2018-11-03 15:36:18+00:00,2781,0.0228643,0.0228643,0.0225046,0.0227005,65167000.0,1492515008.4,2018-11-03 23:59:59.999000+00:00,TRON_01_01_2018-01_01_2019_historical_data_coinmarketcap.csv,TRON,2018,11,3,0,23,0,15
2018-11-02 00:00:00+00:00,2018-11-02 23:59:59.999000+00:00,2018-11-02 18:45:06+00:00,2018-11-02 11:31:15+00:00,2781,0.0225794,0.0231136,0.0225201,0.0228595,72574300.0,1502968958.15,2018-11-02 23:59:59.999000+00:00,TRON_01_01_2018-01_01_2019_historical_data_coinmarketcap.csv,TRON,2018,11,2,0,23,18,11
2018-11-01 00:00:00+00:00,2018-11-01 23:59:59.999000+00:00,2018-11-01 05:09:08+00:00,2018-11-01 02:07:12+00:00,2781,0.0221942,0.0237182,0.022112,0.0225749,59714000.0,1484257045.58,2018-11-01 23:59:59.999000+00:00,TRON_01_01_2018-01_01_2019_historical_data_coinmarketcap.csv,TRON,2018,11,1,0,23,5,2
2018-10-31 00:00:00+00:00,2018-10-31 23:59:59.999000+00:00,2018-10-31 00:33:11+00:00,2018-10-31 15:04:11+00:00,2781,0.022223,0.0222567,0.0216363,0.022192,61235400.0,1459082093.63,2018-10-31 23:59:59.999000+00:00,TRON_01_01_2018-01_01_2019_historical_data_coinmarketcap.csv,TRON,2018,10,31,0,23,0,15
2018-10-30 00:00:00+00:00,2018-10-30 23:59:59.999000+00:00,2018-10-30 04:32:07+00:00,2018-10-30 20:01:04+00:00,2781,0.022162,0.0223625,0.0220317,0.0221908,59288100.0,1459003195.89,2018-10-30 23:59:59.999000+00:00,TRON_01_01_2018-01_01_2019_historical_data_coinmarketcap.csv,TRON,2018,10,30,0,23,4,20
2018-10-29 00:00:00+00:00,2018-10-29 23:59:59.999000+00:00,2018-10-29 00:38:09+00:00,2018-10-29 12:46:07+00:00,2781,0.0234912,0.0235842,0.0219465,0.0221847,71341500.0,1458602132.41,2018-10-29 23:59:59.999000+00:00,TRON_01_01_2018-01_01_2019_historical_data_coinmarketcap.csv,TRON,2018,10,29,0,23,0,12
2018-10-28 00:00:00+00:00,2018-10-28 23:59:59.999000+00:00,2018-10-28 19:57:07+00:00,2018-10-28 09:31:06+00:00,2781,0.0234178,0.023583,0.0233048,0.023555,68048500.0,1548696769.8,2018-10-28 23:59:59.999000+00:00,TRON_01_01_2018-01_01_2019_historical_data_coinmarketcap.csv,TRON,2018,10,28,0,23,19,9
2018-10-27 00:00:00+00:00,2018-10-27 23:59:59.999000+00:00,2018-10-27 10:40:12+00:00,2018-10-27 04:10:11+00:00,2781,0.0236367,0.0237537,0.0228167,0.0232739,68108100.0,1530214975.62,2018-10-27 23:59:59.999000+00:00,TRON_01_01_2018-01_01_2019_historical_data_coinmarketcap.csv,TRON,2018,10,27,0,23,10,4
2018-10-26 00:00:00+00:00,2018-10-26 23:59:59.999000+00:00,2018-10-26 20:42:18+00:00,2018-10-26 03:23:06+00:00,2781,0.0230855,0.0236953,0.02289,0.0235855,82337400.0,1550702087.21,2018-10-26 23:59:59.999000+00:00,TRON_01_01_2018-01_01_2019_historical_data_coinmarketcap.csv,TRON,2018,10,26,0,23,20,3
2018-10-25 00:00:00+00:00,2018-10-25 23:59:59.999000+00:00,2018-10-25 00:08:05+00:00,2018-10-25 16:39:07+00:00,2781,0.0234769,0.0234872,0.0229215,0.0231438,81264400.0,1521661146.29,2018-10-25 23:59:59.999000+00:00,TRON_01_01_2018-01_01_2019_historical_data_coinmarketcap.csv,TRON,2018,10,25,0,23,0,16
2018-10-24 00:00:00+00:00,2018-10-24 23:59:59.999000+00:00,2018-10-24 12:59:05+00:00,2018-10-24 00:05:05+00:00,2781,0.0233971,0.0238222,0.0233945,0.0234797,63083100.0,1543745936.99,2018-10-24 23:59:59.999000+00:00,TRON_01_01_2018-01_01_2019_historical_data_coinmarketcap.csv,TRON,2018,10,24,0,23,12,0
2018-10-23 00:00:00+00:00,2018-10-23 23:59:59.999000+00:00,2018-10-23 23:59:06+00:00,2018-10-23 23:58:05+00:00,2781,0.023819,0.0238786,0.0230497,0.023477,80184600.0,1543568417.09,2018-10-23 23:59:59.999000+00:00,TRON_01_01_2018-01_01_2019_historical_data_coinmarketcap.csv,TRON,2018,10,23,0,23,23,23
2018-10-22 00:00:00+00:00,2018-10-22 23:59:59.999000+00:00,2018-10-22 13:24:12+00:00,2018-10-22 19:34:10+00:00,2781,0.0241895,0.0243389,0.0236665,0.0238107,81313000.0,1565508561.95,2018-10-22 23:59:59.999000+00:00,TRON_01_01_2018-01_01_2019_historical_data_coinmarketcap.csv,TRON,2018,10,22,0,23,13,19
2018-10-21 00:00:00+00:00,2018-10-21 23:59:59.999000+00:00,2018-10-21 10:09:08+00:00,2018-10-21 00:19:09+00:00,2781,0.024138,0.0246429,0.0239654,0.0241964,92125200.0,1590867608.61,2018-10-21 23:59:59.999000+00:00,TRON_01_01_2018-01_01_2019_historical_data_coinmarketcap.csv,TRON,2018,10,21,0,23,10,0
2018-10-20 00:00:00+00:00,2018-10-20 23:59:59.999000+00:00,2018-10-20 09:49:14+00:00,2018-10-20 00:49:10+00:00,2781,0.0240919,0.024267,0.0239583,0.0241566,87168500.0,1588250833.77,2018-10-20 23:59:59.999000+00:00,TRON_01_01_2018-01_01_2019_historical_data_coinmarketcap.csv,TRON,2018,10,20,0,23,9,0
2018-10-19 00:00:00+00:00,2018-10-19 23:59:59.999000+00:00,2018-10-19 00:39:11+00:00,2018-10-19 08:14:09+00:00,2781,0.0242466,0.0243267,0.0239008,0.024074,83554800.0,1582820039.74,2018-10-19 23:59:59.999000+00:00,TRON_01_01_2018-01_01_2019_historical_data_coinmarketcap.csv,TRON,2018,10,19,0,23,0,8
2018-10-18 00:00:00+00:00,2018-10-18 23:59:59.999000+00:00,2018-10-18 11:34:09+00:00,2018-10-18 22:19:11+00:00,2781,0.0242383,0.0249376,0.0240075,0.024271,113584000.0,1595772417.74,2018-10-18 23:59:59.999000+00:00,TRON_01_01_2018-01_01_2019_historical_data_coinmarketcap.csv,TRON,2018,10,18,0,23,11,22
2018-10-17 00:00:00+00:00,2018-10-17 23:59:59.999000+00:00,2018-10-17 05:24:11+00:00,2018-10-17 13:44:09+00:00,2781,0.0244223,0.0245079,0.0237662,0.0242338,103220000.0,1593326587.99,2018-10-17 23:59:59.999000+00:00,TRON_01_01_2018-01_01_2019_historical_data_coinmarketcap.csv,TRON,2018,10,17,0,23,5,13
2018-10-16 00:00:00+00:00,2018-10-16 23:59:59.999000+00:00,2018-10-16 00:04:06+00:00,2018-10-16 22:39:12+00:00,2781,0.0251319,0.0251319,0.0242235,0.0243584,103826000.0,1601518802.7,2018-10-16 23:59:59.999000+00:00,TRON_01_01_2018-01_01_2019_historical_data_coinmarketcap.csv,TRON,2018,10,16,0,23,0,22
2018-10-15 00:00:00+00:00,2018-10-15 23:59:59.999000+00:00,2018-10-15 06:49:10+00:00,2018-10-15 00:29:05+00:00,2781,0.0235093,0.0257982,0.0229995,0.0250818,197544000.0,1649080986.66,2018-10-15 23:59:59.999000+00:00,TRON_01_01_2018-01_01_2019_historical_data_coinmarketcap.csv,TRON,2018,10,15,0,23,6,0
2018-10-14 00:00:00+00:00,2018-10-14 23:59:59.999000+00:00,2018-10-14 05:14:06+00:00,2018-10-14 23:44:05+00:00,2781,0.0236139,0.0245771,0.023503,0.0236224,146316000.0,1553128192.53,2018-10-14 23:59:59.999000+00:00,TRON_01_01_2018-01_01_2019_historical_data_coinmarketcap.csv,TRON,2018,10,14,0,23,5,23
2018-10-13 00:00:00+00:00,2018-10-13 23:59:59.999000+00:00,2018-10-13 10:49:06+00:00,2018-10-13 00:04:04+00:00,2781,0.022701,0.0239008,0.022701,0.0235647,149554000.0,1549334526.48,2018-10-13 23:59:59.999000+00:00,TRON_01_01_2018-01_01_2019_historical_data_coinmarketcap.csv,TRON,2018,10,13,0,23,10,0
2018-10-12 00:00:00+00:00,2018-10-12 23:59:59.999000+00:00,2018-10-12 21:14:07+00:00,2018-10-12 00:24:06+00:00,2781,0.0207598,0.0236242,0.0206804,0.0227377,183447000.0,1494960838.15,2018-10-12 23:59:59.999000+00:00,TRON_01_01_2018-01_01_2019_historical_data_coinmarketcap.csv,TRON,2018,10,12,0,23,21,0
2018-10-11 00:00:00+00:00,2018-10-11 23:59:59.999000+00:00,2018-10-11 00:04:11+00:00,2018-10-11 23:49:09+00:00,2781,0.0253057,0.0253057,0.0208728,0.0209292,172387000.0,1376055378.24,2018-10-11 23:59:59.999000+00:00,TRON_01_01_2018-01_01_2019_historical_data_coinmarketcap.csv,TRON,2018,10,11,0,23,0,23
2018-10-10 00:00:00+00:00,2018-10-10 23:59:59.999000+00:00,2018-10-10 00:09:04+00:00,2018-10-10 06:09:08+00:00,2781,0.0259385,0.0259391,0.0246361,0.0253547,165671000.0,1667023646.33,2018-10-10 23:59:59.999000+00:00,TRON_01_01_2018-01_01_2019_historical_data_coinmarketcap.csv,TRON,2018,10,10,0,23,0,6
2018-10-09 00:00:00+00:00,2018-10-09 23:59:59.999000+00:00,2018-10-09 00:14:05+00:00,2018-10-09 11:44:11+00:00,2781,0.0265731,0.0267944,0.0252791,0.0260581,188256000.0,1713270868.06,2018-10-09 23:59:59.999000+00:00,TRON_01_01_2018-01_01_2019_historical_data_coinmarketcap.csv,TRON,2018,10,9,0,23,0,11
2018-10-08 00:00:00+00:00,2018-10-08 23:59:59.999000+00:00,2018-10-08 00:44:08+00:00,2018-10-08 16:59:06+00:00,2781,0.0270119,0.02805,0.0260978,0.0265923,302834000.0,1748393509.3,2018-10-08 23:59:59.999000+00:00,TRON_01_01_2018-01_01_2019_historical_data_coinmarketcap.csv,TRON,2018,10,8,0,23,0,16
2018-10-07 00:00:00+00:00,2018-10-07 23:59:59.999000+00:00,2018-10-07 23:34:13+00:00,2018-10-07 08:59:09+00:00,2781,0.0237752,0.0272215,0.0236623,0.0268753,299132000.0,1767000224.9,2018-10-07 23:59:59.999000+00:00,TRON_01_01_2018-01_01_2019_historical_data_coinmarketcap.csv,TRON,2018,10,7,0,23,23,8
2018-10-06 00:00:00+00:00,2018-10-06 23:59:59.999000+00:00,2018-10-06 10:14:07+00:00,2018-10-06 14:19:06+00:00,2781,0.0233758,0.0242747,0.0229721,0.0237148,162799000.0,1559203318.04,2018-10-06 23:59:59.999000+00:00,TRON_01_01_2018-01_01_2019_historical_data_coinmarketcap.csv,TRON,2018,10,6,0,23,10,14
2018-10-05 00:00:00+00:00,2018-10-05 23:59:59.999000+00:00,2018-10-05 23:54:09+00:00,2018-10-05 02:54:07+00:00,2781,0.0227372,0.0232857,0.0224419,0.023275,139745000.0,1530287298.54,2018-10-05 23:59:59.999000+00:00,TRON_01_01_2018-01_01_2019_historical_data_coinmarketcap.csv,TRON,2018,10,5,0,23,23,2
2018-10-04 00:00:00+00:00,2018-10-04 23:59:59.999000+00:00,2018-10-04 14:29:09+00:00,2018-10-04 00:24:07+00:00,2781,0.0216192,0.0234255,0.0216143,0.0227026,148666000.0,1492653079.43,2018-10-04 23:59:59.999000+00:00,TRON_01_01_2018-01_01_2019_historical_data_coinmarketcap.csv,TRON,2018,10,4,0,23,14,0
2018-10-03 00:00:00+00:00,2018-10-03 23:59:59.999000+00:00,2018-10-03 00:04:08+00:00,2018-10-03 08:49:06+00:00,2781,0.0220569,0.0220569,0.0212482,0.0215998,107097000.0,1420146061.91,2018-10-03 23:59:59.999000+00:00,TRON_01_01_2018-01_01_2019_historical_data_coinmarketcap.csv,TRON,2018,10,3,0,23,0,8
2018-10-02 00:00:00+00:00,2018-10-02 23:59:59.999000+00:00,2018-10-02 05:59:11+00:00,2018-10-02 17:54:10+00:00,2781,0.0220568,0.02238,0.0219013,0.0220926,111868000.0,1452546731.33,2018-10-02 23:59:59.999000+00:00,TRON_01_01_2018-01_01_2019_historical_data_coinmarketcap.csv,TRON,2018,10,2,0,23,5,17
2018-10-01 00:00:00+00:00,2018-10-01 23:59:59.999000+00:00,2018-10-01 00:29:14+00:00,2018-10-01 14:14:10+00:00,2781,0.022214,0.0223299,0.0217057,0.0220518,110444000.0,1449864208.38,2018-10-01 23:59:59.999000+00:00,TRON_01_01_2018-01_01_2019_historical_data_coinmarketcap.csv,TRON,2018,10,1,0,23,0,14
2018-09-30 00:00:00+00:00,2018-09-30 23:59:59.999000+00:00,2018-09-30 14:59:07+00:00,2018-09-30 00:29:07+00:00,2781,0.0220488,0.0225915,0.0219117,0.0221647,117217000.0,1457287170.18,2018-09-30 23:59:59.999000+00:00,TRON_01_01_2018-01_01_2019_historical_data_coinmarketcap.csv,TRON,2018,9,30,0,23,14,0
2018-09-29 00:00:00+00:00,2018-09-29 23:59:59.999000+00:00,2018-09-29 11:39:07+00:00,2018-09-29 06:49:08+00:00,2781,0.0219328,0.0221442,0.0213233,0.022035,108096000.0,1448759640.1,2018-09-29 23:59:59.999000+00:00,TRON_01_01_2018-01_01_2019_historical_data_coinmarketcap.csv,TRON,2018,9,29,0,23,11,6
2018-09-28 00:00:00+00:00,2018-09-28 23:59:59.999000+00:00,2018-09-28 07:44:10+00:00,2018-09-28 12:29:07+00:00,2781,0.0225067,0.0229624,0.0214584,0.0219775,114936000.0,1444979123.68,2018-09-28 23:59:59.999000+00:00,TRON_01_01_2018-01_01_2019_historical_data_coinmarketcap.csv,TRON,2018,9,28,0,23,7,12
2018-09-27 00:00:00+00:00,2018-09-27 23:59:59.999000+00:00,2018-09-27 21:54:05+00:00,2018-09-27 08:44:05+00:00,2781,0.0210965,0.0227973,0.0207467,0.022507,124196000.0,1479792748.8,2018-09-27 23:59:59.999000+00:00,TRON_01_01_2018-01_01_2019_historical_data_coinmarketcap.csv,TRON,2018,9,27,0,23,21,8
2018-09-26 00:00:00+00:00,2018-09-26 23:59:59.999000+00:00,2018-09-26 16:39:09+00:00,2018-09-26 04:14:08+00:00,2781,0.0212743,0.02197,0.020384,0.0210275,110081000.0,1382518417.62,2018-09-26 23:59:59.999000+00:00,TRON_01_01_2018-01_01_2019_historical_data_coinmarketcap.csv,TRON,2018,9,26,0,23,16,4
2018-09-25 00:00:00+00:00,2018-09-25 23:59:59.999000+00:00,2018-09-25 00:04:11+00:00,2018-09-25 11:54:07+00:00,2781,0.0220293,0.0220293,0.0202751,0.0212801,126284000.0,1399126390.62,2018-09-25 23:59:59.999000+00:00,TRON_01_01_2018-01_01_2019_historical_data_coinmarketcap.csv,TRON,2018,9,25,0,23,0,11
2018-09-24 00:00:00+00:00,2018-09-24 23:59:59.999000+00:00,2018-09-24 02:34:11+00:00,2018-09-24 23:34:09+00:00,2781,0.0237389,0.0240933,0.0219647,0.0220887,116603000.0,1452290313.7,2018-09-24 23:59:59.999000+00:00,TRON_01_01_2018-01_01_2019_historical_data_coinmarketcap.csv,TRON,2018,9,24,0,23,2,23
2018-09-23 00:00:00+00:00,2018-09-23 23:59:59.999000+00:00,2018-09-23 09:59:08+00:00,2018-09-23 00:44:11+00:00,2781,0.023198,0.0246043,0.0230939,0.0237914,138225000.0,1564239623.39,2018-09-23 23:59:59.999000+00:00,TRON_01_01_2018-01_01_2019_historical_data_coinmarketcap.csv,TRON,2018,9,23,0,23,9,0
2018-09-22 00:00:00+00:00,2018-09-22 23:59:59.999000+00:00,2018-09-22 00:14:09+00:00,2018-09-22 09:09:09+00:00,2781,0.0249067,0.0253696,0.0224041,0.0231756,173243000.0,1523751936.24,2018-09-22 23:59:59.999000+00:00,TRON_01_01_2018-01_01_2019_historical_data_coinmarketcap.csv,TRON,2018,9,22,0,23,0,9
2018-09-21 00:00:00+00:00,2018-09-21 23:59:59.999000+00:00,2018-09-21 20:19:10+00:00,2018-09-21 01:49:09+00:00,2781,0.0215062,0.0258172,0.0213559,0.0249304,283823000.0,1639126722.56,2018-09-21 23:59:59.999000+00:00,TRON_01_01_2018-01_01_2019_historical_data_coinmarketcap.csv,TRON,2018,9,21,0,23,20,1
2018-09-20 00:00:00+00:00,2018-09-20 23:59:59.999000+00:00,2018-09-20 23:04:08+00:00,2018-09-20 02:49:09+00:00,2781,0.0197618,0.0217223,0.01974,0.0214129,135790000.0,1407857739.85,2018-09-20 23:59:59.999000+00:00,TRON_01_01_2018-01_01_2019_historical_data_coinmarketcap.csv,TRON,2018,9,20,0,23,23,2
2018-09-19 00:00:00+00:00,2018-09-19 23:59:59.999000+00:00,2018-09-19 08:09:10+00:00,2018-09-19 19:14:04+00:00,2781,0.0193562,0.02017,0.019013,0.0197531,114381000.0,1298729024.14,2018-09-19 23:59:59.999000+00:00,TRON_01_01_2018-01_01_2019_historical_data_coinmarketcap.csv,TRON,2018,9,19,0,23,8,19
2018-09-18 00:00:00+00:00,2018-09-18 23:59:59.999000+00:00,2018-09-18 16:54:08+00:00,2018-09-18 04:29:06+00:00,2781,0.0184781,0.0195818,0.0183957,0.0193893,100841000.0,1274809861.12,2018-09-18 23:59:59.999000+00:00,TRON_01_01_2018-01_01_2019_historical_data_coinmarketcap.csv,TRON,2018,9,18,0,23,16,4
2018-09-17 00:00:00+00:00,2018-09-17 23:59:59.999000+00:00,2018-09-17 01:19:10+00:00,2018-09-17 20:54:07+00:00,2781,0.019956,0.0202829,0.018351,0.0185174,109688000.0,1217484082.58,2018-09-17 23:59:59.999000+00:00,TRON_01_01_2018-01_01_2019_historical_data_coinmarketcap.csv,TRON,2018,9,17,0,23,1,20
2018-09-16 00:00:00+00:00,2018-09-16 23:59:59.999000+00:00,2018-09-16 21:29:09+00:00,2018-09-16 04:09:06+00:00,2781,0.0199251,0.020119,0.0193852,0.0199749,102132000.0,1313311955.3,2018-09-16 23:59:59.999000+00:00,TRON_01_01_2018-01_01_2019_historical_data_coinmarketcap.csv,TRON,2018,9,16,0,23,21,4
2018-09-15 00:00:00+00:00,2018-09-15 23:59:59.999000+00:00,2018-09-15 14:34:04+00:00,2018-09-15 00:04:08+00:00,2781,0.0198228,0.0203879,0.0198228,0.0199327,94169900.0,1310537384.99,2018-09-15 23:59:59.999000+00:00,TRON_01_01_2018-01_01_2019_historical_data_coinmarketcap.csv,TRON,2018,9,15,0,23,14,0
2018-09-14 00:00:00+00:00,2018-09-14 23:59:59.999000+00:00,2018-09-14 03:54:05+00:00,2018-09-14 14:29:06+00:00,2781,0.0199814,0.0206831,0.0192741,0.0198323,117114000.0,1303936274.58,2018-09-14 23:59:59.999000+00:00,TRON_01_01_2018-01_01_2019_historical_data_coinmarketcap.csv,TRON,2018,9,14,0,23,3,14
2018-09-13 00:00:00+00:00,2018-09-13 23:59:59.999000+00:00,2018-09-13 13:59:06+00:00,2018-09-13 00:04:06+00:00,2781,0.0182893,0.0204069,0.0182893,0.0199456,124862000.0,1311385535.63,2018-09-13 23:59:59.999000+00:00,TRON_01_01_2018-01_01_2019_historical_data_coinmarketcap.csv,TRON,2018,9,13,0,23,13,0
2018-09-12 00:00:00+00:00,2018-09-12 23:59:59.999000+00:00,2018-09-12 00:39:09+00:00,2018-09-12 11:39:12+00:00,2781,0.0186798,0.0187821,0.0172369,0.0182425,109120000.0,1199409926.69,2018-09-12 23:59:59.999000+00:00,TRON_01_01_2018-01_01_2019_historical_data_coinmarketcap.csv,TRON,2018,9,12,0,23,0,11
2018-09-11 00:00:00+00:00,2018-09-11 23:59:59.999000+00:00,2018-09-11 02:49:07+00:00,2018-09-11 18:49:09+00:00,2781,0.0194155,0.0196553,0.0181198,0.0186765,106212000.0,1227944607.14,2018-09-11 23:59:59.999000+00:00,TRON_01_01_2018-01_01_2019_historical_data_coinmarketcap.csv,TRON,2018,9,11,0,23,2,18
2018-09-10 00:00:00+00:00,2018-09-10 23:59:59.999000+00:00,2018-09-10 02:34:08+00:00,2018-09-10 18:14:09+00:00,2781,0.0200884,0.020294,0.0191292,0.0193813,101717000.0,1274283876.23,2018-09-10 23:59:59.999000+00:00,TRON_01_01_2018-01_01_2019_historical_data_coinmarketcap.csv,TRON,2018,9,10,0,23,2,18
2018-09-09 00:00:00+00:00,2018-09-09 23:59:59.999000+00:00,2018-09-09 21:29:07+00:00,2018-09-09 05:14:04+00:00,2781,0.0193113,0.0202488,0.018986,0.0193647,97726800.0,1273192457.57,2018-09-09 23:59:59.999000+00:00,TRON_01_01_2018-01_01_2019_historical_data_coinmarketcap.csv,TRON,2018,9,9,0,23,21,5
2018-09-08 00:00:00+00:00,2018-09-08 23:59:59.999000+00:00,2018-09-08 02:54:05+00:00,2018-09-08 21:29:07+00:00,2781,0.0205942,0.0209342,0.0190385,0.0193117,98754400.0,1269707807.66,2018-09-08 23:59:59.999000+00:00,TRON_01_01_2018-01_01_2019_historical_data_coinmarketcap.csv,TRON,2018,9,8,0,23,2,21
2018-09-07 00:00:00+00:00,2018-09-07 23:59:59.999000+00:00,2018-09-07 02:19:06+00:00,2018-09-07 10:34:08+00:00,2781,0.0215989,0.0218882,0.0204126,0.0205952,110765000.0,1354095508.95,2018-09-07 23:59:59.999000+00:00,TRON_01_01_2018-01_01_2019_historical_data_coinmarketcap.csv,TRON,2018,9,7,0,23,2,10
2018-09-06 00:00:00+00:00,2018-09-06 23:59:59.999000+00:00,2018-09-06 23:49:09+00:00,2018-09-06 11:04:08+00:00,2781,0.0216586,0.0217133,0.0204332,0.0216442,142361000.0,1423065278.07,2018-09-06 23:59:59.999000+00:00,TRON_01_01_2018-01_01_2019_historical_data_coinmarketcap.csv,TRON,2018,9,6,0,23,23,11
2018-09-05 00:00:00+00:00,2018-09-05 23:59:59.999000+00:00,2018-09-05 01:39:07+00:00,2018-09-05 23:59:10+00:00,2781,0.0252697,0.0254546,0.02181,0.02181,150148000.0,1433966314.98,2018-09-05 23:59:59.999000+00:00,TRON_01_01_2018-01_01_2019_historical_data_coinmarketcap.csv,TRON,2018,9,5,0,23,1,23
2018-09-04 00:00:00+00:00,2018-09-04 23:59:59.999000+00:00,2018-09-04 18:34:18+00:00,2018-09-04 00:24:10+00:00,2781,0.0250594,0.0257481,0.0249965,0.0252551,96674400.0,1660475134.41,2018-09-04 23:59:59.999000+00:00,TRON_01_01_2018-01_01_2019_historical_data_coinmarketcap.csv,TRON,2018,9,4,0,23,18,0
2018-09-03 00:00:00+00:00,2018-09-03 23:59:59.999000+00:00,2018-09-03 00:14:09+00:00,2018-09-03 04:54:06+00:00,2781,0.025642,0.0257069,0.0246846,0.0250373,91449300.0,1646155195.69,2018-09-03 23:59:59.999000+00:00,TRON_01_01_2018-01_01_2019_historical_data_coinmarketcap.csv,TRON,2018,9,3,0,23,0,4
2018-09-02 00:00:00+00:00,2018-09-02 23:59:59.999000+00:00,2018-09-02 00:09:12+00:00,2018-09-02 13:59:12+00:00,2781,0.0265736,0.0265907,0.0249459,0.0255716,104754000.0,1681284411.74,2018-09-02 23:59:59.999000+00:00,TRON_01_01_2018-01_01_2019_historical_data_coinmarketcap.csv,TRON,2018,9,2,0,23,0,13
2018-09-01 00:00:00+00:00,2018-09-01 23:59:59.999000+00:00,2018-09-01 16:54:09+00:00,2018-09-01 00:04:08+00:00,2781,0.0253827,0.0270413,0.0253827,0.0265897,109153000.0,1748222564.21,2018-09-01 23:59:59.999000+00:00,TRON_01_01_2018-01_01_2019_historical_data_coinmarketcap.csv,TRON,2018,9,1,0,23,16,0
2018-08-31 00:00:00+00:00,2018-08-31 23:59:59.999000+00:00,2018-08-31 20:39:06+00:00,2018-08-31 02:29:12+00:00,2781,0.0248936,0.0254634,0.0243994,0.0253449,106949000.0,1666379314.83,2018-08-31 23:59:59.999000+00:00,TRON_01_01_2018-01_01_2019_historical_data_coinmarketcap.csv,TRON,2018,8,31,0,23,20,2
2018-08-30 00:00:00+00:00,2018-08-30 23:59:59.999000+00:00,2018-08-30 00:54:08+00:00,2018-08-30 13:04:09+00:00,2781,0.0254198,0.0258829,0.0234635,0.0248968,119155000.0,1636917586.01,2018-08-30 23:59:59.999000+00:00,TRON_01_01_2018-01_01_2019_historical_data_coinmarketcap.csv,TRON,2018,8,30,0,23,0,13
2018-08-29 00:00:00+00:00,2018-08-29 23:59:59.999000+00:00,2018-08-29 01:34:06+00:00,2018-08-29 16:14:08+00:00,2781,0.0267682,0.027177,0.0250278,0.0254256,143515000.0,1671685187.44,2018-08-29 23:59:59.999000+00:00,TRON_01_01_2018-01_01_2019_historical_data_coinmarketcap.csv,TRON,2018,8,29,0,23,1,16
2018-08-28 00:00:00+00:00,2018-08-28 23:59:59.999000+00:00,2018-08-28 13:54:07+00:00,2018-08-28 00:19:08+00:00,2781,0.0244796,0.0274527,0.0242784,0.0268472,166567000.0,1765152702.96,2018-08-28 23:59:59.999000+00:00,TRON_01_01_2018-01_01_2019_historical_data_coinmarketcap.csv,TRON,2018,8,28,0,23,13,0
2018-08-27 00:00:00+00:00,2018-08-27 23:59:59.999000+00:00,2018-08-27 23:54:11+00:00,2018-08-27 03:04:09+00:00,2781,0.022784,0.0244766,0.0225233,0.02446,107457000.0,1608198810.84,2018-08-27 23:59:59.999000+00:00,TRON_01_01_2018-01_01_2019_historical_data_coinmarketcap.csv,TRON,2018,8,27,0,23,23,3
2018-08-26 00:00:00+00:00,2018-08-26 23:59:59.999000+00:00,2018-08-26 13:44:05+00:00,2018-08-26 03:19:08+00:00,2781,0.0224371,0.0229999,0.0214203,0.0227641,97504300.0,1496696588.3,2018-08-26 23:59:59.999000+00:00,TRON_01_01_2018-01_01_2019_historical_data_coinmarketcap.csv,TRON,2018,8,26,0,23,13,3
2018-08-25 00:00:00+00:00,2018-08-25 23:59:59.999000+00:00,2018-08-25 21:39:07+00:00,2018-08-25 07:29:08+00:00,2781,0.021579,0.0226336,0.0212271,0.0224806,88818800.0,1478056998.65,2018-08-25 23:59:59.999000+00:00,TRON_01_01_2018-01_01_2019_historical_data_coinmarketcap.csv,TRON,2018,8,25,0,23,21,7
2018-08-24 00:00:00+00:00,2018-08-24 23:59:59.999000+00:00,2018-08-24 22:59:06+00:00,2018-08-24 01:09:06+00:00,2781,0.0208044,0.0216529,0.0205343,0.021606,90424900.0,1420553700.2,2018-08-24 23:59:59.999000+00:00,TRON_01_01_2018-01_01_2019_historical_data_coinmarketcap.csv,TRON,2018,8,24,0,23,22,1
2018-08-23 00:00:00+00:00,2018-08-23 23:59:59.999000+00:00,2018-08-23 22:19:12+00:00,2018-08-23 00:09:06+00:00,2781,0.0196885,0.0207821,0.0196536,0.0207707,82585900.0,1365634302.55,2018-08-23 23:59:59.999000+00:00,TRON_01_01_2018-01_01_2019_historical_data_coinmarketcap.csv,TRON,2018,8,23,0,23,22,0
2018-08-22 00:00:00+00:00,2018-08-22 23:59:59.999000+00:00,2018-08-22 02:04:10+00:00,2018-08-22 22:19:11+00:00,2781,0.0209979,0.0222186,0.0193469,0.019712,96828800.0,1296026776.75,2018-08-22 23:59:59.999000+00:00,TRON_01_01_2018-01_01_2019_historical_data_coinmarketcap.csv,TRON,2018,8,22,0,23,2,22
2018-08-21 00:00:00+00:00,2018-08-21 23:59:59.999000+00:00,2018-08-21 08:19:11+00:00,2018-08-21 04:44:10+00:00,2781,0.0205938,0.0212885,0.02022,0.021003,98379000.0,1380907588.88,2018-08-21 23:59:59.999000+00:00,TRON_01_01_2018-01_01_2019_historical_data_coinmarketcap.csv,TRON,2018,8,21,0,23,8,4
2018-08-20 00:00:00+00:00,2018-08-20 23:59:59.999000+00:00,2018-08-20 02:09:27+00:00,2018-08-20 23:19:16+00:00,2781,0.0222364,0.0227055,0.0204226,0.0206613,99473200.0,1358441459.13,2018-08-20 23:59:59.999000+00:00,TRON_01_01_2018-01_01_2019_historical_data_coinmarketcap.csv,TRON,2018,8,20,0,23,2,23
2018-08-19 00:00:00+00:00,2018-08-19 23:59:59.999000+00:00,2018-08-19 14:09:28+00:00,2018-08-19 04:29:25+00:00,2781,0.0215705,0.0228104,0.0210093,0.0222631,97137100.0,1463756784.37,2018-08-19 23:59:59.999000+00:00,TRON_01_01_2018-01_01_2019_historical_data_coinmarketcap.csv,TRON,2018,8,19,0,23,14,4
2018-08-18 00:00:00+00:00,2018-08-18 23:59:59.999000+00:00,2018-08-18 00:44:26+00:00,2018-08-18 17:49:27+00:00,2781,0.023404,0.0245515,0.0205903,0.0216189,141608000.0,1421401850.84,2018-08-18 23:59:59.999000+00:00,TRON_01_01_2018-01_01_2019_historical_data_coinmarketcap.csv,TRON,2018,8,18,0,23,0,17
2018-08-17 00:00:00+00:00,2018-08-17 23:59:59.999000+00:00,2018-08-17 22:59:28+00:00,2018-08-17 00:09:26+00:00,2781,0.0195157,0.0233598,0.0194248,0.0232805,152305000.0,1530648913.15,2018-08-17 23:59:59.999000+00:00,TRON_01_01_2018-01_01_2019_historical_data_coinmarketcap.csv,TRON,2018,8,17,0,23,22,0
2018-08-16 00:00:00+00:00,2018-08-16 23:59:59.999000+00:00,2018-08-16 17:44:24+00:00,2018-08-16 01:34:23+00:00,2781,0.0194402,0.0200533,0.0192074,0.0195209,103582000.0,1283462312.61,2018-08-16 23:59:59.999000+00:00,TRON_01_01_2018-01_01_2019_historical_data_coinmarketcap.csv,TRON,2018,8,16,0,23,17,1
2018-08-15 00:00:00+00:00,2018-08-15 23:59:59.999000+00:00,2018-08-15 17:04:20+00:00,2018-08-15 00:04:21+00:00,2781,0.0191588,0.0208391,0.0191588,0.019443,136496000.0,1278340534.72,2018-08-15 23:59:59.999000+00:00,TRON_01_01_2018-01_01_2019_historical_data_coinmarketcap.csv,TRON,2018,8,15,0,23,17,0
2018-08-14 00:00:00+00:00,2018-08-14 23:59:59.999000+00:00,2018-08-14 00:14:18+00:00,2018-08-14 02:09:18+00:00,2781,0.0194447,0.0195182,0.016666,0.0190587,108349000.0,1253073535.41,2018-08-14 23:59:59.999000+00:00,TRON_01_01_2018-01_01_2019_historical_data_coinmarketcap.csv,TRON,2018,8,14,0,23,0,2
2018-08-13 00:00:00+00:00,2018-08-13 23:59:59.999000+00:00,2018-08-13 09:39:17+00:00,2018-08-13 22:44:21+00:00,2781,0.0226355,0.0230586,0.019226,0.0193622,124043000.0,1273028087.29,2018-08-13 23:59:59.999000+00:00,TRON_01_01_2018-01_01_2019_historical_data_coinmarketcap.csv,TRON,2018,8,13,0,23,9,22
2018-08-12 00:00:00+00:00,2018-08-12 23:59:59.999000+00:00,2018-08-12 05:49:15+00:00,2018-08-12 13:09:15+00:00,2781,0.0226321,0.0231826,0.0224574,0.0225808,101854000.0,1484644959.44,2018-08-12 23:59:59.999000+00:00,TRON_01_01_2018-01_01_2019_historical_data_coinmarketcap.csv,TRON,2018,8,12,0,23,5,13
2018-08-11 00:00:00+00:00,2018-08-11 23:59:59.999000+00:00,2018-08-11 00:09:13+00:00,2018-08-11 16:49:20+00:00,2781,0.0238193,0.0238713,0.0221078,0.0226144,119307000.0,1486854095.99,2018-08-11 23:59:59.999000+00:00,TRON_01_01_2018-01_01_2019_historical_data_coinmarketcap.csv,TRON,2018,8,11,0,23,0,16
2018-08-10 00:00:00+00:00,2018-08-10 23:59:59.999000+00:00,2018-08-10 01:04:12+00:00,2018-08-10 23:19:13+00:00,2781,0.0258644,0.026085,0.0234551,0.023822,134155000.0,1566251515.61,2018-08-10 23:59:59.999000+00:00,TRON_01_01_2018-01_01_2019_historical_data_coinmarketcap.csv,TRON,2018,8,10,0,23,1,23
2018-08-09 00:00:00+00:00,2018-08-09 23:59:59.999000+00:00,2018-08-09 22:59:09+00:00,2018-08-09 13:39:11+00:00,2781,0.0245304,0.0265025,0.0238754,0.0259414,142877000.0,1705598063.43,2018-08-09 23:59:59.999000+00:00,TRON_01_01_2018-01_01_2019_historical_data_coinmarketcap.csv,TRON,2018,8,9,0,23,22,13
2018-08-08 00:00:00+00:00,2018-08-08 23:59:59.999000+00:00,2018-08-08 00:04:12+00:00,2018-08-08 18:44:08+00:00,2781,0.0278308,0.0278308,0.0238117,0.0244819,147343000.0,1609638694.48,2018-08-08 23:59:59.999000+00:00,TRON_01_01_2018-01_01_2019_historical_data_coinmarketcap.csv,TRON,2018,8,8,0,23,0,18
2018-08-07 00:00:00+00:00,2018-08-07 23:59:59.999000+00:00,2018-08-07 13:34:13+00:00,2018-08-07 21:44:10+00:00,2781,0.0292135,0.0299814,0.0277244,0.0278661,116330000.0,1832143453.91,2018-08-07 23:59:59.999000+00:00,TRON_01_01_2018-01_01_2019_historical_data_coinmarketcap.csv,TRON,2018,8,7,0,23,13,21
2018-08-06 00:00:00+00:00,2018-08-06 23:59:59.999000+00:00,2018-08-06 02:19:10+00:00,2018-08-06 22:54:05+00:00,2781,0.0303787,0.0310271,0.028905,0.0292277,118348000.0,1921666082.73,2018-08-06 23:59:59.999000+00:00,TRON_01_01_2018-01_01_2019_historical_data_coinmarketcap.csv,TRON,2018,8,6,0,23,2,22
2018-08-05 00:00:00+00:00,2018-08-05 23:59:59.999000+00:00,2018-08-05 23:14:13+00:00,2018-08-05 01:19:11+00:00,2781,0.0289319,0.0306419,0.0283529,0.0303289,124479000.0,1994067903.27,2018-08-05 23:59:59.999000+00:00,TRON_01_01_2018-01_01_2019_historical_data_coinmarketcap.csv,TRON,2018,8,5,0,23,23,1
2018-08-04 00:00:00+00:00,2018-08-04 23:59:59.999000+00:00,2018-08-04 03:24:09+00:00,2018-08-04 16:09:08+00:00,2781,0.0305971,0.0311832,0.0286258,0.0289324,128197000.0,1902250665.36,2018-08-04 23:59:59.999000+00:00,TRON_01_01_2018-01_01_2019_historical_data_coinmarketcap.csv,TRON,2018,8,4,0,23,3,16
2018-08-03 00:00:00+00:00,2018-08-03 23:59:59.999000+00:00,2018-08-03 18:39:04+00:00,2018-08-03 04:54:16+00:00,2781,0.031528,0.0316586,0.0295319,0.0306018,154910000.0,2012010562.94,2018-08-03 23:59:59.999000+00:00,TRON_01_01_2018-01_01_2019_historical_data_coinmarketcap.csv,TRON,2018,8,3,0,23,18,4
2018-08-02 00:00:00+00:00,2018-08-02 23:59:59.999000+00:00,2018-08-02 01:14:07+00:00,2018-08-02 16:24:48+00:00,2781,0.0326767,0.0333242,0.0309938,0.0315386,148160000.0,2073603393.93,2018-08-02 23:59:59.999000+00:00,TRON_01_01_2018-01_01_2019_historical_data_coinmarketcap.csv,TRON,2018,8,2,0,23,1,16
2018-08-01 00:00:00+00:00,2018-08-01 23:59:59.999000+00:00,2018-08-01 00:44:09+00:00,2018-08-01 22:04:12+00:00,2781,0.0339669,0.0340354,0.0318285,0.0326433,140270000.0,2146235332.86,2018-08-01 23:59:59.999000+00:00,TRON_01_01_2018-01_01_2019_historical_data_coinmarketcap.csv,TRON,2018,8,1,0,23,0,22
2018-07-31 00:00:00+00:00,2018-07-31 23:59:59.999000+00:00,2018-07-31 00:04:09+00:00,2018-07-31 23:34:10+00:00,2781,0.0364984,0.0364984,0.0335524,0.033926,211254000.0,2230570435.67,2018-07-31 23:59:59.999000+00:00,TRON_01_01_2018-01_01_2019_historical_data_coinmarketcap.csv,TRON,2018,7,31,0,23,0,23
2018-07-30 00:00:00+00:00,2018-07-30 23:59:59.999000+00:00,2018-07-30 02:14:23+00:00,2018-07-30 18:04:10+00:00,2781,0.0390962,0.0394225,0.0353868,0.0364521,254606000.0,2396656740.5,2018-07-30 23:59:59.999000+00:00,TRON_01_01_2018-01_01_2019_historical_data_coinmarketcap.csv,TRON,2018,7,30,0,23,2,18
2018-07-29 00:00:00+00:00,2018-07-29 23:59:59.999000+00:00,2018-07-29 21:24:22+00:00,2018-07-29 03:24:22+00:00,2781,0.0367880985,0.0405492,0.0367387012,0.0392360017,310647008.0,2579692908.51,2018-07-29 23:59:59.999000+00:00,TRON_01_01_2018-01_01_2019_historical_data_coinmarketcap.csv,TRON,2018,7,29,0,23,21,3
2018-07-28 00:00:00+00:00,2018-07-28 23:59:59.999000+00:00,2018-07-28 22:14:27+00:00,2018-07-28 15:29:24+00:00,2781,0.0365057997,0.0368683003,0.0359055996,0.036781799,183664000.0,2418333892.91,2018-07-28 23:59:59.999000+00:00,TRON_01_01_2018-01_01_2019_historical_data_coinmarketcap.csv,TRON,2018,7,28,0,23,22,15
2018-07-27 00:00:00+00:00,2018-07-27 23:59:59.999000+00:00,2018-07-27 19:09:20+00:00,2018-07-27 14:59:21+00:00,2781,0.0359373987,0.0370451994,0.0352122001,0.036504101,218420992.0,2400075642.3,2018-07-27 23:59:59.999000+00:00,TRON_01_01_2018-01_01_2019_historical_data_coinmarketcap.csv,TRON,2018,7,27,0,23,19,14
2018-07-26 00:00:00+00:00,2018-07-26 23:59:59.999000+00:00,2018-07-26 09:29:20+00:00,2018-07-26 23:19:17+00:00,2781,0.0370942988,0.038509801,0.0354478993,0.0359959006,190784992.0,2366662451.97,2018-07-26 23:59:59.999000+00:00,TRON_01_01_2018-01_01_2019_historical_data_coinmarketcap.csv,TRON,2018,7,26,0,23,9,23
2018-07-25 00:00:00+00:00,2018-07-25 23:59:59.999000+00:00,2018-07-25 03:09:06+00:00,2018-07-25 10:14:12+00:00,2781,0.0377985016,0.0387790985,0.0362902991,0.0371217988,221752992.0,2440688250.87,2018-07-25 23:59:59.999000+00:00,TRON_01_01_2018-01_01_2019_historical_data_coinmarketcap.csv,TRON,2018,7,25,0,23,3,10
2018-07-24 00:00:00+00:00,2018-07-24 23:59:59.999000+00:00,2018-07-24 14:24:07+00:00,2018-07-24 05:39:07+00:00,2781,0.0340800993,0.0388748012,0.0329048,0.0381067991,323728992.0,2505450140.84,2018-07-24 23:59:59.999000+00:00,TRON_01_01_2018-01_01_2019_historical_data_coinmarketcap.csv,TRON,2018,7,24,0,23,14,5
2018-07-23 00:00:00+00:00,2018-07-23 23:59:59.999000+00:00,2018-07-23 02:39:04+00:00,2018-07-23 23:19:07+00:00,2781,0.0350936987,0.0361105986,0.0340415016,0.0340611003,194284000.0,2239453005.55,2018-07-23 23:59:59.999000+00:00,TRON_01_01_2018-01_01_2019_historical_data_coinmarketcap.csv,TRON,2018,7,23,0,23,2,23
2018-07-22 00:00:00+00:00,2018-07-22 23:59:59.999000+00:00,2018-07-22 15:24:12+00:00,2018-07-22 22:29:08+00:00,2781,0.0355435014,0.0363398008,0.035061501,0.0351231992,189920992.0,2309284074.93,2018-07-22 23:59:59.999000+00:00,TRON_01_01_2018-01_01_2019_historical_data_coinmarketcap.csv,TRON,2018,7,22,0,23,15,22
2018-07-21 00:00:00+00:00,2018-07-21 23:59:59.999000+00:00,2018-07-21 18:34:08+00:00,2018-07-21 01:04:09+00:00,2781,0.0349348001,0.0363130011,0.0339916982,0.0356031992,210056992.0,2340843168.52,2018-07-21 23:59:59.999000+00:00,TRON_01_01_2018-01_01_2019_historical_data_coinmarketcap.csv,TRON,2018,7,21,0,23,18,1
2018-07-20 00:00:00+00:00,2018-07-20 23:59:59.999000+00:00,2018-07-20 00:04:11+00:00,2018-07-20 22:29:02+00:00,2781,0.0379026011,0.0379026011,0.0345924012,0.0349062011,225139008.0,2295016734.71,2018-07-20 23:59:59.999000+00:00,TRON_01_01_2018-01_01_2019_historical_data_coinmarketcap.csv,TRON,2018,7,20,0,23,0,22
2018-07-19 00:00:00+00:00,2018-07-19 23:59:59.999000+00:00,2018-07-19 13:34:07+00:00,2018-07-19 16:59:09+00:00,2781,0.0394560993,0.0394571014,0.0375034995,0.0379168987,259096992.0,2492964574.44,2018-07-19 23:59:59.999000+00:00,TRON_01_01_2018-01_01_2019_historical_data_coinmarketcap.csv,TRON,2018,7,19,0,23,13,16
2018-07-18 00:00:00+00:00,2018-07-18 23:59:59.999000+00:00,2018-07-18 17:39:17+00:00,2018-07-18 22:34:13+00:00,2781,0.0396453999,0.0430765003,0.0391297005,0.0396611989,284600992.0,2607649005.58,2018-07-18 23:59:59.999000+00:00,TRON_01_01_2018-01_01_2019_historical_data_coinmarketcap.csv,TRON,2018,7,18,0,23,17,22
2018-07-17 00:00:00+00:00,2018-07-17 23:59:59.999000+00:00,2018-07-17 21:59:06+00:00,2018-07-17 06:19:08+00:00,2781,0.0374545008,0.0405469015,0.0361546986,0.0397592001,228396992.0,2614092320.52,2018-07-17 23:59:59.999000+00:00,TRON_01_01_2018-01_01_2019_historical_data_coinmarketcap.csv,TRON,2018,7,17,0,23,21,6
2018-07-16 00:00:00+00:00,2018-07-16 23:59:59.999000+00:00,2018-07-16 23:59:02+00:00,2018-07-16 02:29:08+00:00,2781,0.034403801,0.0375207998,0.0341781005,0.0375207998,211212000.0,2466921747.41,2018-07-16 23:59:59.999000+00:00,TRON_01_01_2018-01_01_2019_historical_data_coinmarketcap.csv,TRON,2018,7,16,0,23,23,2
2018-07-15 00:00:00+00:00,2018-07-15 23:59:59.999000+00:00,2018-07-15 16:49:06+00:00,2018-07-15 02:29:11+00:00,2781,0.0334210992,0.0349540003,0.0331665017,0.0343642011,180511008.0,2259381258.19,2018-07-15 23:59:59.999000+00:00,TRON_01_01_2018-01_01_2019_historical_data_coinmarketcap.csv,TRON,2018,7,15,0,23,16,2
2018-07-14 00:00:00+00:00,2018-07-14 23:59:59.999000+00:00,2018-07-14 01:39:12+00:00,2018-07-14 09:49:09+00:00,2781,0.0332931988,0.0338293985,0.0326660015,0.0334288999,170704000.0,2197887049.37,2018-07-14 23:59:59.999000+00:00,TRON_01_01_2018-01_01_2019_historical_data_coinmarketcap.csv,TRON,2018,7,14,0,23,1,9
2018-07-13 00:00:00+00:00,2018-07-13 23:59:59.999000+00:00,2018-07-13 18:29:12+00:00,2018-07-13 00:04:09+00:00,2781,0.0322783999,0.0344551988,0.0322783999,0.0333395004,179488000.0,2192009168.19,2018-07-13 23:59:59.999000+00:00,TRON_01_01_2018-01_01_2019_historical_data_coinmarketcap.csv,TRON,2018,7,13,0,23,18,0
2018-07-12 00:00:00+00:00,2018-07-12 23:59:59.999000+00:00,2018-07-12 00:19:16+00:00,2018-07-12 23:39:05+00:00,2781,0.0335698016,0.0335703008,0.0313986018,0.0322276987,162156992.0,2118910417.66,2018-07-12 23:59:59.999000+00:00,TRON_01_01_2018-01_01_2019_historical_data_coinmarketcap.csv,TRON,2018,7,12,0,23,0,23
2018-07-11 00:00:00+00:00,2018-07-11 23:59:59.999000+00:00,2018-07-11 01:04:07+00:00,2018-07-11 06:54:03+00:00,2781,0.0335238017,0.0345321,0.0328776017,0.0335781984,173036992.0,2207703242.44,2018-07-11 23:59:59.999000+00:00,TRON_01_01_2018-01_01_2019_historical_data_coinmarketcap.csv,TRON,2018,7,11,0,23,1,6
2018-07-10 00:00:00+00:00,2018-07-10 23:59:59.999000+00:00,2018-07-10 00:44:15+00:00,2018-07-10 11:49:12+00:00,2781,0.0358259007,0.0360560007,0.0328155011,0.033587601,132760000.0,2208321274.69,2018-07-10 23:59:59.999000+00:00,TRON_01_01_2018-01_01_2019_historical_data_coinmarketcap.csv,TRON,2018,7,10,0,23,0,11
2018-07-09 00:00:00+00:00,2018-07-09 23:59:59.999000+00:00,2018-07-09 00:29:10+00:00,2018-07-09 23:54:13+00:00,2781,0.0371025018,0.0371644013,0.0357819013,0.0357979015,144390000.0,2353644325.86,2018-07-09 23:59:59.999000+00:00,TRON_01_01_2018-01_01_2019_historical_data_coinmarketcap.csv,TRON,2018,7,9,0,23,0,23
2018-07-08 00:00:00+00:00,2018-07-08 23:59:59.999000+00:00,2018-07-08 15:39:01+00:00,2018-07-08 23:49:04+00:00,2781,0.0383098014,0.0385884009,0.0370458998,0.0371001996,104921000.0,2439268091.66,2018-07-08 23:59:59.999000+00:00,TRON_01_01_2018-01_01_2019_historical_data_coinmarketcap.csv,TRON,2018,7,8,0,23,15,23
2018-07-07 00:00:00+00:00,2018-07-07 23:59:59.999000+00:00,2018-07-07 23:59:01+00:00,2018-07-07 20:44:01+00:00,2781,0.0369272009,0.0383335985,0.0361072011,0.0383335985,96368304.0,2520361812.56,2018-07-07 23:59:59.999000+00:00,TRON_01_01_2018-01_01_2019_historical_data_coinmarketcap.csv,TRON,2018,7,7,0,23,23,20
2018-07-06 00:00:00+00:00,2018-07-06 23:59:59.999000+00:00,2018-07-06 00:24:01+00:00,2018-07-06 07:39:01+00:00,2781,0.0378432982,0.037925899,0.0352995992,0.0369751006,119639000.0,2431043002.89,2018-07-06 23:59:59.999000+00:00,TRON_01_01_2018-01_01_2019_historical_data_coinmarketcap.csv,TRON,2018,7,6,0,23,0,7
2018-07-05 00:00:00+00:00,2018-07-05 23:59:59.999000+00:00,2018-07-05 02:04:01+00:00,2018-07-05 19:19:01+00:00,2781,0.0391993001,0.0397670008,0.0374055989,0.0378612988,118836000.0,2489308979.43,2018-07-05 23:59:59.999000+00:00,TRON_01_01_2018-01_01_2019_historical_data_coinmarketcap.csv,TRON,2018,7,5,0,23,2,19
2018-07-04 00:00:00+00:00,2018-07-04 23:59:59.999000+00:00,2018-07-04 13:39:01+00:00,2018-07-04 01:19:01+00:00,2781,0.0388517007,0.0402403995,0.0374682993,0.0388949998,132730000.0,2557272802.44,2018-07-04 23:59:59.999000+00:00,TRON_01_01_2018-01_01_2019_historical_data_coinmarketcap.csv,TRON,2018,7,4,0,23,13,1
2018-07-03 00:00:00+00:00,2018-07-03 23:59:59.999000+00:00,2018-07-03 05:34:05+00:00,2018-07-03 23:09:01+00:00,2781,0.0395285003,0.0407393016,0.0384946018,0.0388672017,182019008.0,2555445004.93,2018-07-03 23:59:59.999000+00:00,TRON_01_01_2018-01_01_2019_historical_data_coinmarketcap.csv,TRON,2018,7,3,0,23,5,23
2018-07-02 00:00:00+00:00,2018-07-02 23:59:59.999000+00:00,2018-07-02 14:14:01+00:00,2018-07-02 06:14:01+00:00,2781,0.0376432016,0.0404670015,0.0370488018,0.0395287983,174376992.0,2598943955.6,2018-07-02 23:59:59.999000+00:00,TRON_01_01_2018-01_01_2019_historical_data_coinmarketcap.csv,TRON,2018,7,2,0,23,14,6
2018-07-01 00:00:00+00:00,2018-07-01 23:59:59.999000+00:00,2018-07-01 00:24:01+00:00,2018-07-01 15:04:01+00:00,2781,0.0384389013,0.0387194008,0.0369355008,0.0378850996,112292000.0,2490873784.49,2018-07-01 23:59:59.999000+00:00,TRON_01_01_2018-01_01_2019_historical_data_coinmarketcap.csv,TRON,2018,7,1,0,23,0,15
2018-06-30 00:00:00+00:00,2018-06-30 23:59:59.999000+00:00,2018-06-30 01:49:01+00:00,2018-06-30 00:09:01+00:00,2781,0.0372790992,0.0400017984,0.0371723995,0.0384234004,182466000.0,2526265992.98,2018-06-30 23:59:59.999000+00:00,TRON_01_01_2018-01_01_2019_historical_data_coinmarketcap.csv,TRON,2018,6,30,0,23,1,0
2018-06-29 00:00:00+00:00,2018-06-29 23:59:59.999000+00:00,2018-06-29 23:44:01+00:00,2018-06-29 19:19:01+00:00,2781,0.0365656018,0.0376206003,0.0347063988,0.0372368991,149928992.0,2448255858.52,2018-06-29 23:59:59.999000+00:00,TRON_01_01_2018-01_01_2019_historical_data_coinmarketcap.csv,TRON,2018,6,29,0,23,23,19
2018-06-28 00:00:00+00:00,2018-06-28 23:59:59.999000+00:00,2018-06-28 07:54:20+00:00,2018-06-28 23:49:01+00:00,2781,0.0390871987,0.0397058018,0.0363436006,0.0366651006,104241000.0,2410661088.28,2018-06-28 23:59:59.999000+00:00,TRON_01_01_2018-01_01_2019_historical_data_coinmarketcap.csv,TRON,2018,6,28,0,23,7,23
2018-06-27 00:00:00+00:00,2018-06-27 23:59:59.999000+00:00,2018-06-27 10:49:20+00:00,2018-06-27 04:04:21+00:00,2781,0.0381865017,0.0396899991,0.0376849994,0.0389867015,99853600.0,2563301904.27,2018-06-27 23:59:59.999000+00:00,TRON_01_01_2018-01_01_2019_historical_data_coinmarketcap.csv,TRON,2018,6,27,0,23,10,4
2018-06-26 00:00:00+00:00,2018-06-26 23:59:59.999000+00:00,2018-06-26 00:09:25+00:00,2018-06-26 23:59:15+00:00,2781,0.0424020998,0.0424490012,0.0382617004,0.0382617004,93775000.0,2515634523.33,2018-06-26 23:59:59.999000+00:00,TRON_01_01_2018-01_01_2019_historical_data_coinmarketcap.csv,TRON,2018,6,26,0,23,0,23
2018-06-25 00:00:00+00:00,2018-06-25 23:59:59.999000+00:00,2018-06-25 12:04:25+00:00,2018-06-25 03:04:26+00:00,2781,0.0423913002,0.0435041003,0.0412152,0.0423493013,146474000.0,2784386504.49,2018-06-25 23:59:59.999000+00:00,TRON_01_01_2018-01_01_2019_historical_data_coinmarketcap.csv,TRON,2018,6,25,0,23,12,3
2018-06-24 00:00:00+00:00,2018-06-24 23:59:59.999000+00:00,2018-06-24 00:09:26+00:00,2018-06-24 16:04:25+00:00,2781,0.0441963002,0.0443384983,0.0385516994,0.0424598008,235740000.0,2791651670.83,2018-06-24 23:59:59.999000+00:00,TRON_01_01_2018-01_01_2019_historical_data_coinmarketcap.csv,TRON,2018,6,24,0,23,0,16
2018-06-23 00:00:00+00:00,2018-06-23 23:59:59.999000+00:00,2018-06-23 22:04:25+00:00,2018-06-23 06:34:26+00:00,2781,0.0432781987,0.0447209999,0.0425308011,0.0441788994,151474000.0,2904679249.56,2018-06-23 23:59:59.999000+00:00,TRON_01_01_2018-01_01_2019_historical_data_coinmarketcap.csv,TRON,2018,6,23,0,23,22,6
2018-06-22 00:00:00+00:00,2018-06-22 23:59:59.999000+00:00,2018-06-22 01:19:26+00:00,2018-06-22 21:59:27+00:00,2781,0.048610501,0.0489327013,0.0422473997,0.0431355014,242306000.0,2836077669.87,2018-06-22 23:59:59.999000+00:00,TRON_01_01_2018-01_01_2019_historical_data_coinmarketcap.csv,TRON,2018,6,22,0,23,1,21
2018-06-21 00:00:00+00:00,2018-06-21 23:59:59.999000+00:00,2018-06-21 02:19:25+00:00,2018-06-21 13:44:25+00:00,2781,0.0492059998,0.0501805991,0.0474799983,0.0486197993,214723008.0,3196660038.56,2018-06-21 23:59:59.999000+00:00,TRON_01_01_2018-01_01_2019_historical_data_coinmarketcap.csv,TRON,2018,6,21,0,23,2,13
2018-06-20 00:00:00+00:00,2018-06-20 23:59:59.999000+00:00,2018-06-20 15:04:27+00:00,2018-06-20 04:34:25+00:00,2781,0.0495806001,0.049645301,0.045133099,0.0493937992,400321984.0,3247549076.98,2018-06-20 23:59:59.999000+00:00,TRON_01_01_2018-01_01_2019_historical_data_coinmarketcap.csv,TRON,2018,6,20,0,23,15,4
2018-06-19 00:00:00+00:00,2018-06-19 23:59:59.999000+00:00,2018-06-19 13:14:27+00:00,2018-06-19 03:24:26+00:00,2781,0.0451778993,0.0511065982,0.0448082015,0.0495029986,360852000.0,3254728770.77,2018-06-19 23:59:59.999000+00:00,TRON_01_01_2018-01_01_2019_historical_data_coinmarketcap.csv,TRON,2018,6,19,0,23,13,3
2018-06-18 00:00:00+00:00,2018-06-18 23:59:59.999000+00:00,2018-06-18 17:44:27+00:00,2018-06-18 13:24:27+00:00,2781,0.0425694995,0.0456781983,0.0414984003,0.0450959988,173063008.0,2964976842.75,2018-06-18 23:59:59.999000+00:00,TRON_01_01_2018-01_01_2019_historical_data_coinmarketcap.csv,TRON,2018,6,18,0,23,17,13
2018-06-17 00:00:00+00:00,2018-06-17 23:59:59.999000+00:00,2018-06-17 03:44:26+00:00,2018-06-17 23:44:27+00:00,2781,0.0431630984,0.0436048992,0.0425582007,0.0426481999,114357000.0,2804038615.06,2018-06-17 23:59:59.999000+00:00,TRON_01_01_2018-01_01_2019_historical_data_coinmarketcap.csv,TRON,2018,6,17,0,23,3,23
2018-06-16 00:00:00+00:00,2018-06-16 23:59:59.999000+00:00,2018-06-16 22:59:27+00:00,2018-06-16 15:59:26+00:00,2781,0.0427987985,0.043685101,0.0418086015,0.0432148017,137208000.0,2841291495.12,2018-06-16 23:59:59.999000+00:00,TRON_01_01_2018-01_01_2019_historical_data_coinmarketcap.csv,TRON,2018,6,16,0,23,22,15
2018-06-15 00:00:00+00:00,2018-06-15 23:59:59.999000+00:00,2018-06-15 00:29:26+00:00,2018-06-15 23:09:26+00:00,2781,0.0456172004,0.0460737012,0.0425339006,0.0428702012,210247008.0,2818634695.85,2018-06-15 23:59:59.999000+00:00,TRON_01_01_2018-01_01_2019_historical_data_coinmarketcap.csv,TRON,2018,6,15,0,23,0,23
2018-06-14 00:00:00+00:00,2018-06-14 23:59:59.999000+00:00,2018-06-14 21:49:28+00:00,2018-06-14 01:59:27+00:00,2781,0.0414595008,0.0457316004,0.0405661985,0.045416899,283351008.0,2986075411.77,2018-06-14 23:59:59.999000+00:00,TRON_01_01_2018-01_01_2019_historical_data_coinmarketcap.csv,TRON,2018,6,14,0,23,21,1
2018-06-13 00:00:00+00:00,2018-06-13 23:59:59.999000+00:00,2018-06-13 00:29:27+00:00,2018-06-13 16:34:26+00:00,2781,0.0440080985,0.0444075987,0.0389497988,0.0415327996,242384000.0,2730703171.33,2018-06-13 23:59:59.999000+00:00,TRON_01_01_2018-01_01_2019_historical_data_coinmarketcap.csv,TRON,2018,6,13,0,23,0,16
2018-06-12 00:00:00+00:00,2018-06-12 23:59:59.999000+00:00,2018-06-12 02:14:27+00:00,2018-06-12 23:24:38+00:00,2781,0.0487717018,0.0488128997,0.0428415015,0.0439820997,199435008.0,2891740021.19,2018-06-12 23:59:59.999000+00:00,TRON_01_01_2018-01_01_2019_historical_data_coinmarketcap.csv,TRON,2018,6,12,0,23,2,23
2018-06-11 00:00:00+00:00,2018-06-11 23:59:59.999000+00:00,2018-06-11 02:34:26+00:00,2018-06-11 15:44:27+00:00,2781,0.0478602983,0.0491157994,0.0456961989,0.0488294996,254203008.0,3210447417.57,2018-06-11 23:59:59.999000+00:00,TRON_01_01_2018-01_01_2019_historical_data_coinmarketcap.csv,TRON,2018,6,11,0,23,2,15
2018-06-10 00:00:00+00:00,2018-06-10 23:59:59.999000+00:00,2018-06-10 00:04:42+00:00,2018-06-10 23:09:26+00:00,2781,0.0571379997,0.0571379997,0.0458584987,0.0480028018,330216000.0,3156093453.68,2018-06-10 23:59:59.999000+00:00,TRON_01_01_2018-01_01_2019_historical_data_coinmarketcap.csv,TRON,2018,6,10,0,23,0,23
2018-06-09 00:00:00+00:00,2018-06-09 23:59:59.999000+00:00,2018-06-09 03:09:28+00:00,2018-06-09 23:59:27+00:00,2781,0.0577199012,0.0592207015,0.0571573004,0.0571573004,171568992.0,3757984541.73,2018-06-09 23:59:59.999000+00:00,TRON_01_01_2018-01_01_2019_historical_data_coinmarketcap.csv,TRON,2018,6,9,0,23,3,23
2018-06-08 00:00:00+00:00,2018-06-08 23:59:59.999000+00:00,2018-06-08 00:09:26+00:00,2018-06-08 11:09:28+00:00,2781,0.0586800016,0.0587912016,0.0567932017,0.0575766005,176148000.0,3785552724.95,2018-06-08 23:59:59.999000+00:00,TRON_01_01_2018-01_01_2019_historical_data_coinmarketcap.csv,TRON,2018,6,8,0,23,0,11
2018-06-07 00:00:00+00:00,2018-06-07 23:59:59.999000+00:00,2018-06-07 01:19:27+00:00,2018-06-07 22:24:27+00:00,2781,0.0594325997,0.0603487007,0.0583909005,0.0588191003,164796000.0,3867244753.66,2018-06-07 23:59:59.999000+00:00,TRON_01_01_2018-01_01_2019_historical_data_coinmarketcap.csv,TRON,2018,6,7,0,23,1,22
2018-06-06 00:00:00+00:00,2018-06-06 23:59:59.999000+00:00,2018-06-06 00:09:28+00:00,2018-06-06 17:09:27+00:00,2781,0.0606213994,0.0606495999,0.0584346987,0.0594084002,188314000.0,3905990115.86,2018-06-06 23:59:59.999000+00:00,TRON_01_01_2018-01_01_2019_historical_data_coinmarketcap.csv,TRON,2018,6,6,0,23,0,17
2018-06-05 00:00:00+00:00,2018-06-05 23:59:59.999000+00:00,2018-06-05 17:49:27+00:00,2018-06-05 05:14:28+00:00,2781,0.0592196994,0.060823299,0.0573373996,0.0605770983,220480992.0,3982829933.94,2018-06-05 23:59:59.999000+00:00,TRON_01_01_2018-01_01_2019_historical_data_coinmarketcap.csv,TRON,2018,6,5,0,23,17,5
2018-06-04 00:00:00+00:00,2018-06-04 23:59:59.999000+00:00,2018-06-04 00:39:26+00:00,2018-06-04 14:29:28+00:00,2781,0.0620181002,0.0624877997,0.0582588017,0.0591789,216791008.0,3890900924.23,2018-06-04 23:59:59.999000+00:00,TRON_01_01_2018-01_01_2019_historical_data_coinmarketcap.csv,TRON,2018,6,4,0,23,0,14
2018-06-03 00:00:00+00:00,2018-06-03 23:59:59.999000+00:00,2018-06-03 12:09:23+00:00,2018-06-03 02:59:24+00:00,2781,0.0611572005,0.0633962005,0.0607745014,0.0619783998,250455008.0,4074962762.78,2018-06-03 23:59:59.999000+00:00,TRON_01_01_2018-01_01_2019_historical_data_coinmarketcap.csv,TRON,2018,6,3,0,23,12,2
2018-06-02 00:00:00+00:00,2018-06-02 23:59:59.999000+00:00,2018-06-02 12:14:24+00:00,2018-06-02 01:34:24+00:00,2781,0.0588169992,0.063237302,0.057738699,0.0611842014,297120992.0,4022745612.52,2018-06-02 23:59:59.999000+00:00,TRON_01_01_2018-01_01_2019_historical_data_coinmarketcap.csv,TRON,2018,6,2,0,23,12,1
2018-06-01 00:00:00+00:00,2018-06-01 23:59:59.999000+00:00,2018-06-01 00:44:23+00:00,2018-06-01 18:44:23+00:00,2781,0.0606124997,0.061604701,0.0564154983,0.0587070994,268287008.0,3859880965.16,2018-06-01 23:59:59.999000+00:00,TRON_01_01_2018-01_01_2019_historical_data_coinmarketcap.csv,TRON,2018,6,1,0,23,0,18
2018-05-31 00:00:00+00:00,2018-05-31 23:59:59.999000+00:00,2018-05-31 03:14:24+00:00,2018-05-31 04:24:23+00:00,2781,0.0624362007,0.0640015975,0.0594491996,0.0605411008,371256992.0,3980463001.92,2018-05-31 23:59:59.999000+00:00,TRON_01_01_2018-01_01_2019_historical_data_coinmarketcap.csv,TRON,2018,5,31,0,23,3,4
2018-05-30 00:00:00+00:00,2018-05-30 23:59:59.999000+00:00,2018-05-30 01:49:24+00:00,2018-05-30 16:59:22+00:00,2781,0.0651099011,0.0680833012,0.0602775998,0.0624024011,463945984.0,4102839962.12,2018-05-30 23:59:59.999000+00:00,TRON_01_01_2018-01_01_2019_historical_data_coinmarketcap.csv,TRON,2018,5,30,0,23,1,16
2018-05-29 00:00:00+00:00,2018-05-29 23:59:59.999000+00:00,2018-05-29 22:14:23+00:00,2018-05-29 02:49:23+00:00,2781,0.0610966012,0.0659437031,0.0573858991,0.0650094002,569742976.0,4274245289.18,2018-05-29 23:59:59.999000+00:00,TRON_01_01_2018-01_01_2019_historical_data_coinmarketcap.csv,TRON,2018,5,29,0,23,22,2
2018-05-28 00:00:00+00:00,2018-05-28 23:59:59.999000+00:00,2018-05-28 00:54:15+00:00,2018-05-28 22:34:23+00:00,2781,0.0706513971,0.0707501024,0.0602065995,0.0606535003,493598016.0,3987853089.67,2018-05-28 23:59:59.999000+00:00,TRON_01_01_2018-01_01_2019_historical_data_coinmarketcap.csv,TRON,2018,5,28,0,23,0,22
2018-05-27 00:00:00+00:00,2018-05-27 23:59:59.999000+00:00,2018-05-27 10:24:15+00:00,2018-05-27 19:39:15+00:00,2781,0.0729809999,0.0734509006,0.0693804994,0.0706012994,311443008.0,4641902154.69,2018-05-27 23:59:59.999000+00:00,TRON_01_01_2018-01_01_2019_historical_data_coinmarketcap.csv,TRON,2018,5,27,0,23,10,19
2018-05-26 00:00:00+00:00,2018-05-26 23:59:59.999000+00:00,2018-05-26 18:29:16+00:00,2018-05-26 05:14:15+00:00,2781,0.0710669011,0.076324597,0.0704820976,0.0731621981,334004992.0,4810276493.8,2018-05-26 23:59:59.999000+00:00,TRON_01_01_2018-01_01_2019_historical_data_coinmarketcap.csv,TRON,2018,5,26,0,23,18,5
2018-05-25 00:00:00+00:00,2018-05-25 23:59:59.999000+00:00,2018-05-25 02:39:16+00:00,2018-05-25 11:09:15+00:00,2781,0.0732008964,0.0732788965,0.0694668964,0.0712788031,301519008.0,4686446500.33,2018-05-25 23:59:59.999000+00:00,TRON_01_01_2018-01_01_2019_historical_data_coinmarketcap.csv,TRON,2018,5,25,0,23,2,11
2018-05-24 00:00:00+00:00,2018-05-24 23:59:59.999000+00:00,2018-05-24 05:09:15+00:00,2018-05-24 09:19:15+00:00,2781,0.0700865984,0.074386701,0.068700403,0.0730948001,587902016.0,4805845071.08,2018-05-24 23:59:59.999000+00:00,TRON_01_01_2018-01_01_2019_historical_data_coinmarketcap.csv,TRON,2018,5,24,0,23,5,9
2018-05-23 00:00:00+00:00,2018-05-23 23:59:59.999000+00:00,2018-05-23 03:39:15+00:00,2018-05-23 17:54:14+00:00,2781,0.0750721991,0.0766960979,0.0678113028,0.0698478967,608060032.0,4592367527.38,2018-05-23 23:59:59.999000+00:00,TRON_01_01_2018-01_01_2019_historical_data_coinmarketcap.csv,TRON,2018,5,23,0,23,3,17
2018-05-22 00:00:00+00:00,2018-05-22 23:59:59.999000+00:00,2018-05-22 00:49:15+00:00,2018-05-22 22:54:17+00:00,2781,0.0822525024,0.0832113996,0.0742712989,0.0748293027,498436000.0,4919885170.72,2018-05-22 23:59:59.999000+00:00,TRON_01_01_2018-01_01_2019_historical_data_coinmarketcap.csv,TRON,2018,5,22,0,23,0,22
2018-05-21 00:00:00+00:00,2018-05-21 23:59:59.999000+00:00,2018-05-21 04:49:16+00:00,2018-05-21 02:04:15+00:00,2781,0.0776998997,0.0847280994,0.0773814991,0.0823775008,802233024.0,5416165067.04,2018-05-21 23:59:59.999000+00:00,TRON_01_01_2018-01_01_2019_historical_data_coinmarketcap.csv,TRON,2018,5,21,0,23,4,2
2018-05-20 00:00:00+00:00,2018-05-20 23:59:59.999000+00:00,2018-05-20 19:09:14+00:00,2018-05-20 01:09:15+00:00,2781,0.0692692026,0.0781965032,0.0684735999,0.0772690028,470467008.0,5080290838.71,2018-05-20 23:59:59.999000+00:00,TRON_01_01_2018-01_01_2019_historical_data_coinmarketcap.csv,TRON,2018,5,20,0,23,19,1
2018-05-19 00:00:00+00:00,2018-05-19 23:59:59.999000+00:00,2018-05-19 13:19:15+00:00,2018-05-19 08:14:16+00:00,2781,0.0694807991,0.0705640987,0.0676181987,0.0691438019,206880992.0,4546074281.97,2018-05-19 23:59:59.999000+00:00,TRON_01_01_2018-01_01_2019_historical_data_coinmarketcap.csv,TRON,2018,5,19,0,23,13,8
2018-05-18 00:00:00+00:00,2018-05-18 23:59:59.999000+00:00,2018-05-18 19:29:15+00:00,2018-05-18 00:54:15+00:00,2781,0.0670227036,0.0695296973,0.0649767965,0.0693866983,263304992.0,4562044498.29,2018-05-18 23:59:59.999000+00:00,TRON_01_01_2018-01_01_2019_historical_data_coinmarketcap.csv,TRON,2018,5,18,0,23,19,0
2018-05-17 00:00:00+00:00,2018-05-17 23:59:59.999000+00:00,2018-05-17 03:14:14+00:00,2018-05-17 23:34:17+00:00,2781,0.0719124004,0.0734416991,0.0662563965,0.0674369037,304225984.0,4433848830.2,2018-05-17 23:59:59.999000+00:00,TRON_01_01_2018-01_01_2019_historical_data_coinmarketcap.csv,TRON,2018,5,17,0,23,3,23
2018-05-16 00:00:00+00:00,2018-05-16 23:59:59.999000+00:00,2018-05-16 23:34:15+00:00,2018-05-16 02:34:14+00:00,2781,0.0681911036,0.0721831992,0.0640709996,0.0719541982,492396000.0,4730852774.93,2018-05-16 23:59:59.999000+00:00,TRON_01_01_2018-01_01_2019_historical_data_coinmarketcap.csv,TRON,2018,5,16,0,23,23,2
2018-05-15 00:00:00+00:00,2018-05-15 23:59:59.999000+00:00,2018-05-15 00:29:16+00:00,2018-05-15 22:59:15+00:00,2781,0.0728387982,0.0736192986,0.0675550029,0.0685655028,287628000.0,4508052149.0,2018-05-15 23:59:59.999000+00:00,TRON_01_01_2018-01_01_2019_historical_data_coinmarketcap.csv,TRON,2018,5,15,0,23,0,22
2018-05-14 00:00:00+00:00,2018-05-14 23:59:59.999000+00:00,2018-05-14 00:04:15+00:00,2018-05-14 13:34:16+00:00,2781,0.0761084035,0.0761084035,0.0706719011,0.0728121996,463712000.0,4787264654.73,2018-05-14 23:59:59.999000+00:00,TRON_01_01_2018-01_01_2019_historical_data_coinmarketcap.csv,TRON,2018,5,14,0,23,0,13
2018-05-13 00:00:00+00:00,2018-05-13 23:59:59.999000+00:00,2018-05-13 16:39:15+00:00,2018-05-13 02:34:15+00:00,2781,0.0691531971,0.0770108029,0.0679818988,0.0756129026,601064000.0,4971405391.01,2018-05-13 23:59:59.999000+00:00,TRON_01_01_2018-01_01_2019_historical_data_coinmarketcap.csv,TRON,2018,5,13,0,23,16,2
2018-05-12 00:00:00+00:00,2018-05-12 23:59:59.999000+00:00,2018-05-12 12:54:14+00:00,2018-05-12 06:24:14+00:00,2781,0.0661818981,0.0716359988,0.0606358014,0.0687308013,615174016.0,4518920311.86,2018-05-12 23:59:59.999000+00:00,TRON_01_01_2018-01_01_2019_historical_data_coinmarketcap.csv,TRON,2018,5,12,0,23,12,6
2018-05-11 00:00:00+00:00,2018-05-11 23:59:59.999000+00:00,2018-05-11 01:44:15+00:00,2018-05-11 12:19:16+00:00,2781,0.0736009032,0.0772091001,0.0639062002,0.0659331977,836388992.0,4334983394.72,2018-05-11 23:59:59.999000+00:00,TRON_01_01_2018-01_01_2019_historical_data_coinmarketcap.csv,TRON,2018,5,11,0,23,1,12
2018-05-10 00:00:00+00:00,2018-05-10 23:59:59.999000+00:00,2018-05-10 04:54:17+00:00,2018-05-10 23:49:15+00:00,2781,0.0810068026,0.0816086009,0.0731564984,0.0735737979,352612992.0,4837338416.55,2018-05-10 23:59:59.999000+00:00,TRON_01_01_2018-01_01_2019_historical_data_coinmarketcap.csv,TRON,2018,5,10,0,23,4,23
2018-05-09 00:00:00+00:00,2018-05-09 23:59:59.999000+00:00,2018-05-09 00:04:15+00:00,2018-05-09 04:34:15+00:00,2781,0.0829792023,0.0829792023,0.0788884014,0.0810061991,357911008.0,5326004681.55,2018-05-09 23:59:59.999000+00:00,TRON_01_01_2018-01_01_2019_historical_data_coinmarketcap.csv,TRON,2018,5,9,0,23,0,4
2018-05-08 00:00:00+00:00,2018-05-08 23:59:59.999000+00:00,2018-05-08 03:54:16+00:00,2018-05-08 12:09:16+00:00,2781,0.0834046006,0.0860354006,0.0807595029,0.0830710009,372063008.0,5461761382.47,2018-05-08 23:59:59.999000+00:00,TRON_01_01_2018-01_01_2019_historical_data_coinmarketcap.csv,TRON,2018,5,8,0,23,3,12
2018-05-07 00:00:00+00:00,2018-05-07 23:59:59.999000+00:00,2018-05-07 00:04:16+00:00,2018-05-07 03:34:16+00:00,2781,0.0849656984,0.0849656984,0.0797165036,0.0830862001,412406016.0,5462760753.77,2018-05-07 23:59:59.999000+00:00,TRON_01_01_2018-01_01_2019_historical_data_coinmarketcap.csv,TRON,2018,5,7,0,23,0,3
2018-05-06 00:00:00+00:00,2018-05-06 23:59:59.999000+00:00,2018-05-06 00:04:16+00:00,2018-05-06 08:59:15+00:00,2781,0.0870980024,0.0870980024,0.081906803,0.0847780034,388707008.0,5573993409.05,2018-05-06 23:59:59.999000+00:00,TRON_01_01_2018-01_01_2019_historical_data_coinmarketcap.csv,TRON,2018,5,6,0,23,0,8
2018-05-05 00:00:00+00:00,2018-05-05 23:59:59.999000+00:00,2018-05-05 06:09:15+00:00,2018-05-05 00:09:15+00:00,2781,0.0862120986,0.0908747017,0.0861866027,0.0871021971,476743008.0,5726805170.13,2018-05-05 23:59:59.999000+00:00,TRON_01_01_2018-01_01_2019_historical_data_coinmarketcap.csv,TRON,2018,5,5,0,23,6,0
2018-05-04 00:00:00+00:00,2018-05-04 23:59:59.999000+00:00,2018-05-04 00:14:15+00:00,2018-05-04 13:59:17+00:00,2781,0.0870847031,0.0888665989,0.0810829997,0.0868104994,727056000.0,5707626445.97,2018-05-04 23:59:59.999000+00:00,TRON_01_01_2018-01_01_2019_historical_data_coinmarketcap.csv,TRON,2018,5,4,0,23,0,13
2018-05-03 00:00:00+00:00,2018-05-03 23:59:59.999000+00:00,2018-05-03 00:09:15+00:00,2018-05-03 08:19:15+00:00,2781,0.0913218036,0.0914380997,0.0845327005,0.0873403996,789150976.0,5742466370.33,2018-05-03 23:59:59.999000+00:00,TRON_01_01_2018-01_01_2019_historical_data_coinmarketcap.csv,TRON,2018,5,3,0,23,0,8
2018-05-02 00:00:00+00:00,2018-05-02 23:59:59.999000+00:00,2018-05-02 00:09:16+00:00,2018-05-02 19:44:16+00:00,2781,0.0927643031,0.093037799,0.0901734978,0.091396898,401505984.0,6009173585.22,2018-05-02 23:59:59.999000+00:00,TRON_01_01_2018-01_01_2019_historical_data_coinmarketcap.csv,TRON,2018,5,2,0,23,0,19
2018-05-01 00:00:00+00:00,2018-05-01 23:59:59.999000+00:00,2018-05-01 02:39:14+00:00,2018-05-01 14:54:15+00:00,2781,0.0937452987,0.0942789987,0.086773403,0.0933604017,1043369984.0,6138270002.43,2018-05-01 23:59:59.999000+00:00,TRON_01_01_2018-01_01_2019_historical_data_coinmarketcap.csv,TRON,2018,5,1,0,23,2,14
2018-04-30 00:00:00+00:00,2018-04-30 23:59:59.999000+00:00,2018-04-30 17:49:16+00:00,2018-04-30 04:04:18+00:00,2781,0.0896560028,0.1011969969,0.0861020014,0.0937767029,1749639936.0,6165640941.31,2018-04-30 23:59:59.999000+00:00,TRON_01_01_2018-01_01_2019_historical_data_coinmarketcap.csv,TRON,2018,4,30,0,23,17,4
2018-04-29 00:00:00+00:00,2018-04-29 23:59:59.999000+00:00,2018-04-29 08:19:17+00:00,2018-04-29 10:49:18+00:00,2781,0.0816958025,0.0903306007,0.0806839019,0.0891451985,1161459968.0,5861128562.22,2018-04-29 23:59:59.999000+00:00,TRON_01_01_2018-01_01_2019_historical_data_coinmarketcap.csv,TRON,2018,4,29,0,23,8,10
2018-04-28 00:00:00+00:00,2018-04-28 23:59:59.999000+00:00,2018-04-28 14:34:17+00:00,2018-04-28 00:04:17+00:00,2781,0.0738070011,0.084222801,0.0738070011,0.0816621035,718297984.0,5369128867.97,2018-04-28 23:59:59.999000+00:00,TRON_01_01_2018-01_01_2019_historical_data_coinmarketcap.csv,TRON,2018,4,28,0,23,14,0
2018-04-27 00:00:00+00:00,2018-04-27 23:59:59.999000+00:00,2018-04-27 16:09:17+00:00,2018-04-27 04:04:17+00:00,2781,0.0748941004,0.0791542009,0.0718396008,0.0740369037,717529984.0,4867786367.06,2018-04-27 23:59:59.999000+00:00,TRON_01_01_2018-01_01_2019_historical_data_coinmarketcap.csv,TRON,2018,4,27,0,23,16,4
2018-04-26 00:00:00+00:00,2018-04-26 23:59:59.999000+00:00,2018-04-26 23:59:17+00:00,2018-04-26 00:34:17+00:00,2781,0.0699829981,0.0745659024,0.0667499974,0.0745659024,759337024.0,4902567118.12,2018-04-26 23:59:59.999000+00:00,TRON_01_01_2018-01_01_2019_historical_data_coinmarketcap.csv,TRON,2018,4,26,0,23,23,0
2018-04-25 00:00:00+00:00,2018-04-25 23:59:59.999000+00:00,2018-04-25 02:54:19+00:00,2018-04-25 10:24:20+00:00,2781,0.0716812983,0.0813923031,0.0664673001,0.0700146034,2124440064.0,4603327737.59,2018-04-25 23:59:59.999000+00:00,TRON_01_01_2018-01_01_2019_historical_data_coinmarketcap.csv,TRON,2018,4,25,0,23,2,10
2018-04-24 00:00:00+00:00,2018-04-24 23:59:59.999000+00:00,2018-04-24 22:29:20+00:00,2018-04-24 00:29:15+00:00,2781,0.0583491996,0.0774687007,0.0572207011,0.0733600035,1561020032.0,4823281470.28,2018-04-24 23:59:59.999000+00:00,TRON_01_01_2018-01_01_2019_historical_data_coinmarketcap.csv,TRON,2018,4,24,0,23,22,0
2018-04-23 00:00:00+00:00,2018-04-23 23:59:59.999000+00:00,2018-04-23 23:59:16+00:00,2018-04-23 00:09:14+00:00,2781,0.0524301007,0.0585455,0.0523837991,0.0585455,472464000.0,3849256070.32,2018-04-23 23:59:59.999000+00:00,TRON_01_01_2018-01_01_2019_historical_data_coinmarketcap.csv,TRON,2018,4,23,0,23,23,0
2018-04-22 00:00:00+00:00,2018-04-22 23:59:59.999000+00:00,2018-04-22 11:49:13+00:00,2018-04-22 01:14:14+00:00,2781,0.0534065999,0.0545097999,0.0518371016,0.0524200015,319432000.0,3446516012.44,2018-04-22 23:59:59.999000+00:00,TRON_01_01_2018-01_01_2019_historical_data_coinmarketcap.csv,TRON,2018,4,22,0,23,11,1
2018-04-21 00:00:00+00:00,2018-04-21 23:59:59.999000+00:00,2018-04-21 03:34:15+00:00,2018-04-21 11:19:16+00:00,2781,0.0536593013,0.0566193014,0.0497209989,0.0536766984,715849024.0,3529141664.34,2018-04-21 23:59:59.999000+00:00,TRON_01_01_2018-01_01_2019_historical_data_coinmarketcap.csv,TRON,2018,4,21,0,23,3,11
2018-04-20 00:00:00+00:00,2018-04-20 23:59:59.999000+00:00,2018-04-20 23:59:16+00:00,2018-04-20 05:09:15+00:00,2781,0.0491340011,0.0536732003,0.0481988005,0.0536732003,477675008.0,3528911545.95,2018-04-20 23:59:59.999000+00:00,TRON_01_01_2018-01_01_2019_historical_data_coinmarketcap.csv,TRON,2018,4,20,0,23,23,5
2018-04-19 00:00:00+00:00,2018-04-19 23:59:59.999000+00:00,2018-04-19 02:39:15+00:00,2018-04-19 00:29:15+00:00,2781,0.0474294983,0.0518069007,0.0469104014,0.0493921004,587153984.0,3247437305.19,2018-04-19 23:59:59.999000+00:00,TRON_01_01_2018-01_01_2019_historical_data_coinmarketcap.csv,TRON,2018,4,19,0,23,2,0
2018-04-18 00:00:00+00:00,2018-04-18 23:59:59.999000+00:00,2018-04-18 23:59:16+00:00,2018-04-18 00:09:16+00:00,2781,0.0420060009,0.0475212,0.0419959016,0.0475212,475425984.0,3124429163.11,2018-04-18 23:59:59.999000+00:00,TRON_01_01_2018-01_01_2019_historical_data_coinmarketcap.csv,TRON,2018,4,18,0,23,23,0
2018-04-17 00:00:00+00:00,2018-04-17 23:59:59.999000+00:00,2018-04-17 14:29:15+00:00,2018-04-17 02:34:16+00:00,2781,0.0412753001,0.0433999002,0.0406999998,0.0421160012,359111008.0,2769047470.05,2018-04-17 23:59:59.999000+00:00,TRON_01_01_2018-01_01_2019_historical_data_coinmarketcap.csv,TRON,2018,4,17,0,23,14,2
2018-04-16 00:00:00+00:00,2018-04-16 23:59:59.999000+00:00,2018-04-16 00:44:15+00:00,2018-04-16 13:34:15+00:00,2781,0.0428979993,0.0439027995,0.0402205996,0.0412560999,296337984.0,2712510668.84,2018-04-16 23:59:59.999000+00:00,TRON_01_01_2018-01_01_2019_historical_data_coinmarketcap.csv,TRON,2018,4,16,0,23,0,13
2018-04-15 00:00:00+00:00,2018-04-15 23:59:59.999000+00:00,2018-04-15 19:59:15+00:00,2018-04-15 01:09:16+00:00,2781,0.0400622003,0.043278899,0.0400130004,0.0429710001,306262016.0,2825262105.5,2018-04-15 23:59:59.999000+00:00,TRON_01_01_2018-01_01_2019_historical_data_coinmarketcap.csv,TRON,2018,4,15,0,23,19,1
2018-04-14 00:00:00+00:00,2018-04-14 23:59:59.999000+00:00,2018-04-14 04:29:16+00:00,2018-04-14 00:14:17+00:00,2781,0.0386848003,0.0415146984,0.0385670997,0.0400106013,307575008.0,2630621395.79,2018-04-14 23:59:59.999000+00:00,TRON_01_01_2018-01_01_2019_historical_data_coinmarketcap.csv,TRON,2018,4,14,0,23,4,0
2018-04-13 00:00:00+00:00,2018-04-13 23:59:59.999000+00:00,2018-04-13 08:59:16+00:00,2018-04-13 02:44:16+00:00,2781,0.039414499,0.0432256982,0.0382242016,0.0390057005,484566016.0,2564551118.4,2018-04-13 23:59:59.999000+00:00,TRON_01_01_2018-01_01_2019_historical_data_coinmarketcap.csv,TRON,2018,4,13,0,23,8,2
2018-04-12 00:00:00+00:00,2018-04-12 23:59:59.999000+00:00,2018-04-12 23:09:16+00:00,2018-04-12 07:04:17+00:00,2781,0.0361425988,0.0398701988,0.0352387987,0.0395643003,415956992.0,2601278013.56,2018-04-12 23:59:59.999000+00:00,TRON_01_01_2018-01_01_2019_historical_data_coinmarketcap.csv,TRON,2018,4,12,0,23,23,7
2018-04-11 00:00:00+00:00,2018-04-11 23:59:59.999000+00:00,2018-04-11 14:44:16+00:00,2018-04-11 18:39:17+00:00,2781,0.0368508995,0.0374930985,0.0360006988,0.0362709984,301439008.0,2384749757.48,2018-04-11 23:59:59.999000+00:00,TRON_01_01_2018-01_01_2019_historical_data_coinmarketcap.csv,TRON,2018,4,11,0,23,14,18
2018-04-10 00:00:00+00:00,2018-04-10 23:59:59.999000+00:00,2018-04-10 11:34:13+00:00,2018-04-10 04:44:13+00:00,2781,0.0357915983,0.0371687002,0.0350075997,0.0369275995,303561984.0,2427919967.59,2018-04-10 23:59:59.999000+00:00,TRON_01_01_2018-01_01_2019_historical_data_coinmarketcap.csv,TRON,2018,4,10,0,23,11,4
2018-04-09 00:00:00+00:00,2018-04-09 23:59:59.999000+00:00,2018-04-09 02:34:14+00:00,2018-04-09 14:14:14+00:00,2781,0.0376453996,0.0379860997,0.0343382992,0.0357562006,295115008.0,2350902629.6,2018-04-09 23:59:59.999000+00:00,TRON_01_01_2018-01_01_2019_historical_data_coinmarketcap.csv,TRON,2018,4,9,0,23,2,14
2018-04-08 00:00:00+00:00,2018-04-08 23:59:59.999000+00:00,2018-04-08 12:19:13+00:00,2018-04-08 03:24:13+00:00,2781,0.0369774997,0.0386844017,0.0367345996,0.0376319997,215712992.0,2474232937.43,2018-04-08 23:59:59.999000+00:00,TRON_01_01_2018-01_01_2019_historical_data_coinmarketcap.csv,TRON,2018,4,8,0,23,12,3
2018-04-07 00:00:00+00:00,2018-04-07 23:59:59.999000+00:00,2018-04-07 13:04:14+00:00,2018-04-07 10:14:13+00:00,2781,0.0368792005,0.0381503999,0.0362620987,0.0370635986,245334000.0,2436861710.77,2018-04-07 23:59:59.999000+00:00,TRON_01_01_2018-01_01_2019_historical_data_coinmarketcap.csv,TRON,2018,4,7,0,23,13,10
2018-04-06 00:00:00+00:00,2018-04-06 23:59:59.999000+00:00,2018-04-06 05:09:14+00:00,2018-04-06 10:59:13+00:00,2781,0.0392937995,0.0441052988,0.0358516015,0.0369183011,661966976.0,2427308510.15,2018-04-06 23:59:59.999000+00:00,TRON_01_01_2018-01_01_2019_historical_data_coinmarketcap.csv,TRON,2018,4,6,0,23,5,10
2018-04-05 00:00:00+00:00,2018-04-05 23:59:59.999000+00:00,2018-04-05 07:49:14+00:00,2018-04-05 01:34:13+00:00,2781,0.0300955996,0.0501305982,0.0290246997,0.0400136001,1488739968.0,2630818640.12,2018-04-05 23:59:59.999000+00:00,TRON_01_01_2018-01_01_2019_historical_data_coinmarketcap.csv,TRON,2018,4,5,0,23,7,1
2018-04-04 00:00:00+00:00,2018-04-04 23:59:59.999000+00:00,2018-04-04 01:14:13+00:00,2018-04-04 16:04:14+00:00,2781,0.0346839018,0.0351583995,0.0297161005,0.0301363003,157468992.0,1981407252.9,2018-04-04 23:59:59.999000+00:00,TRON_01_01_2018-01_01_2019_historical_data_coinmarketcap.csv,TRON,2018,4,4,0,23,1,16
2018-04-03 00:00:00+00:00,2018-04-03 23:59:59.999000+00:00,2018-04-03 13:39:14+00:00,2018-04-03 02:19:14+00:00,2781,0.0356907994,0.0358266011,0.0334705003,0.0348008014,240608000.0,2288089696.7,2018-04-03 23:59:59.999000+00:00,TRON_01_01_2018-01_01_2019_historical_data_coinmarketcap.csv,TRON,2018,4,3,0,23,13,2
2018-04-02 00:00:00+00:00,2018-04-02 23:59:59.999000+00:00,2018-04-02 23:59:13+00:00,2018-04-02 06:54:13+00:00,2781,0.0322708003,0.035755001,0.0310213007,0.035755001,241103008.0,2350826621.96,2018-04-02 23:59:59.999000+00:00,TRON_01_01_2018-01_01_2019_historical_data_coinmarketcap.csv,TRON,2018,4,2,0,23,23,6
2018-04-01 00:00:00+00:00,2018-04-01 23:59:59.999000+00:00,2018-04-01 00:34:14+00:00,2018-04-01 14:29:13+00:00,2781,0.0339546986,0.0348417982,0.0286068991,0.0321515985,219372992.0,2113909585.2,2018-04-01 23:59:59.999000+00:00,TRON_01_01_2018-01_01_2019_historical_data_coinmarketcap.csv,TRON,2018,4,1,0,23,0,14
2018-03-31 00:00:00+00:00,2018-03-31 23:59:59.999000+00:00,2018-03-31 00:54:13+00:00,2018-03-31 20:34:14+00:00,2781,0.0412826017,0.0429711007,0.0335911997,0.0339719988,358492000.0,2233597594.78,2018-03-31 23:59:59.999000+00:00,TRON_01_01_2018-01_01_2019_historical_data_coinmarketcap.csv,TRON,2018,3,31,0,23,0,20
2018-03-30 00:00:00+00:00,2018-03-30 23:59:59.999000+00:00,2018-03-30 08:14:14+00:00,2018-03-30 17:29:14+00:00,2781,0.0426306017,0.0456091985,0.0391269997,0.0412774011,349432992.0,2713914440.09,2018-03-30 23:59:59.999000+00:00,TRON_01_01_2018-01_01_2019_historical_data_coinmarketcap.csv,TRON,2018,3,30,0,23,8,17
2018-03-29 00:00:00+00:00,2018-03-29 23:59:59.999000+00:00,2018-03-29 12:24:14+00:00,2018-03-29 23:59:13+00:00,2781,0.0489660017,0.0506095998,0.0430023,0.0430023,483100992.0,2827323497.29,2018-03-29 23:59:59.999000+00:00,TRON_01_01_2018-01_01_2019_historical_data_coinmarketcap.csv,TRON,2018,3,29,0,23,12,23
2018-03-28 00:00:00+00:00,2018-03-28 23:59:59.999000+00:00,2018-03-28 23:24:14+00:00,2018-03-28 00:39:13+00:00,2781,0.0428544991,0.0495054014,0.0425997004,0.0488172993,280836000.0,3209649236.53,2018-03-28 23:59:59.999000+00:00,TRON_01_01_2018-01_01_2019_historical_data_coinmarketcap.csv,TRON,2018,3,28,0,23,23,0
2018-03-27 00:00:00+00:00,2018-03-27 23:59:59.999000+00:00,2018-03-27 15:49:13+00:00,2018-03-27 04:59:12+00:00,2781,0.0443732999,0.0461320989,0.0404707007,0.0430750996,274910016.0,2832109965.7,2018-03-27 23:59:59.999000+00:00,TRON_01_01_2018-01_01_2019_historical_data_coinmarketcap.csv,TRON,2018,3,27,0,23,15,4
2018-03-26 00:00:00+00:00,2018-03-26 23:59:59.999000+00:00,2018-03-26 00:09:13+00:00,2018-03-26 12:14:14+00:00,2781,0.0453406014,0.0464476012,0.0394603983,0.0443781987,327374016.0,2917786435.32,2018-03-26 23:59:59.999000+00:00,TRON_01_01_2018-01_01_2019_historical_data_coinmarketcap.csv,TRON,2018,3,26,0,23,0,12
2018-03-25 00:00:00+00:00,2018-03-25 23:59:59.999000+00:00,2018-03-25 01:14:13+00:00,2018-03-25 20:39:13+00:00,2781,0.0494181998,0.0496121012,0.0448605008,0.0453108996,320430016.0,2979109774.44,2018-03-25 23:59:59.999000+00:00,TRON_01_01_2018-01_01_2019_historical_data_coinmarketcap.csv,TRON,2018,3,25,0,23,1,20
2018-03-24 00:00:00+00:00,2018-03-24 23:59:59.999000+00:00,2018-03-24 06:19:13+00:00,2018-03-24 00:59:13+00:00,2781,0.0417172015,0.0529887006,0.0410912,0.0497796014,706931008.0,3272918722.15,2018-03-24 23:59:59.999000+00:00,TRON_01_01_2018-01_01_2019_historical_data_coinmarketcap.csv,TRON,2018,3,24,0,23,6,0
2018-03-23 00:00:00+00:00,2018-03-23 23:59:59.999000+00:00,2018-03-23 23:59:13+00:00,2018-03-23 03:29:13+00:00,2781,0.0378529988,0.0411373004,0.0350801982,0.0411373004,230134000.0,2704703118.32,2018-03-23 23:59:59.999000+00:00,TRON_01_01_2018-01_01_2019_historical_data_coinmarketcap.csv,TRON,2018,3,23,0,23,23,3
2018-03-22 00:00:00+00:00,2018-03-22 23:59:59.999000+00:00,2018-03-22 01:54:13+00:00,2018-03-22 14:54:13+00:00,2781,0.0371589996,0.0390769988,0.0345224999,0.0379244015,227472000.0,2493460750.72,2018-03-22 23:59:59.999000+00:00,TRON_01_01_2018-01_01_2019_historical_data_coinmarketcap.csv,TRON,2018,3,22,0,23,1,14
2018-03-21 00:00:00+00:00,2018-03-21 23:59:59.999000+00:00,2018-03-21 04:34:14+00:00,2018-03-21 17:44:14+00:00,2781,0.0380849987,0.0400394015,0.0363490991,0.0371064991,232926000.0,2439685304.09,2018-03-21 23:59:59.999000+00:00,TRON_01_01_2018-01_01_2019_historical_data_coinmarketcap.csv,TRON,2018,3,21,0,23,4,17
2018-03-20 00:00:00+00:00,2018-03-20 23:59:59.999000+00:00,2018-03-20 22:14:13+00:00,2018-03-20 09:19:14+00:00,2781,0.0327281989,0.0403538011,0.0314292982,0.0381124988,250396992.0,2505827985.72,2018-03-20 23:59:59.999000+00:00,TRON_01_01_2018-01_01_2019_historical_data_coinmarketcap.csv,TRON,2018,3,20,0,23,22,9
2018-03-19 00:00:00+00:00,2018-03-19 23:59:59.999000+00:00,2018-03-19 14:29:14+00:00,2018-03-19 01:34:13+00:00,2781,0.0289702006,0.0329947993,0.0282208007,0.0323638991,183591008.0,2127867926.46,2018-03-19 23:59:59.999000+00:00,TRON_01_01_2018-01_01_2019_historical_data_coinmarketcap.csv,TRON,2018,3,19,0,23,14,1
2018-03-18 00:00:00+00:00,2018-03-18 23:59:59.999000+00:00,2018-03-18 22:04:13+00:00,2018-03-18 14:39:13+00:00,2781,0.0282854997,0.0293866992,0.0231170002,0.0286209993,127381000.0,1881779016.84,2018-03-18 23:59:59.999000+00:00,TRON_01_01_2018-01_01_2019_historical_data_coinmarketcap.csv,TRON,2018,3,18,0,23,22,14
2018-03-17 00:00:00+00:00,2018-03-17 23:59:59.999000+00:00,2018-03-17 09:34:13+00:00,2018-03-17 20:14:13+00:00,2781,0.0301639009,0.0303093009,0.0280022994,0.0283581,116472000.0,1864493817.04,2018-03-17 23:59:59.999000+00:00,TRON_01_01_2018-01_01_2019_historical_data_coinmarketcap.csv,TRON,2018,3,17,0,23,9,20
2018-03-16 00:00:00+00:00,2018-03-16 23:59:59.999000+00:00,2018-03-16 22:14:13+00:00,2018-03-16 02:04:14+00:00,2781,0.0300488006,0.0312446002,0.0289539993,0.0301187001,149356000.0,1980250084.71,2018-03-16 23:59:59.999000+00:00,TRON_01_01_2018-01_01_2019_historical_data_coinmarketcap.csv,TRON,2018,3,16,0,23,22,2
2018-03-15 00:00:00+00:00,2018-03-15 23:59:59.999000+00:00,2018-03-15 00:14:13+00:00,2018-03-15 06:14:13+00:00,2781,0.0310469996,0.0311901998,0.0283566993,0.0301188994,169547008.0,1980263234.35,2018-03-15 23:59:59.999000+00:00,TRON_01_01_2018-01_01_2019_historical_data_coinmarketcap.csv,TRON,2018,3,15,0,23,0,6
2018-03-14 00:00:00+00:00,2018-03-14 23:59:59.999000+00:00,2018-03-14 00:54:12+00:00,2018-03-14 21:59:14+00:00,2781,0.0357005,0.0363229997,0.0302366,0.0310564991,197406000.0,2041908739.62,2018-03-14 23:59:59.999000+00:00,TRON_01_01_2018-01_01_2019_historical_data_coinmarketcap.csv,TRON,2018,3,14,0,23,0,21
2018-03-13 00:00:00+00:00,2018-03-13 23:59:59.999000+00:00,2018-03-13 06:14:14+00:00,2018-03-13 12:59:13+00:00,2781,0.0359684005,0.0371221006,0.0345251001,0.0357263982,200526000.0,2348946223.66,2018-03-13 23:59:59.999000+00:00,TRON_01_01_2018-01_01_2019_historical_data_coinmarketcap.csv,TRON,2018,3,13,0,23,6,12
2018-03-12 00:00:00+00:00,2018-03-12 23:59:59.999000+00:00,2018-03-12 10:24:13+00:00,2018-03-12 20:19:13+00:00,2781,0.0385611989,0.0395082012,0.0346443988,0.0361318998,228564992.0,2375607115.71,2018-03-12 23:59:59.999000+00:00,TRON_01_01_2018-01_01_2019_historical_data_coinmarketcap.csv,TRON,2018,3,12,0,23,10,20
2018-03-11 00:00:00+00:00,2018-03-11 23:59:59.999000+00:00,2018-03-11 22:24:12+00:00,2018-03-11 01:04:13+00:00,2781,0.0347510986,0.0393205993,0.0334916003,0.0387157016,266342000.0,2545487295.42,2018-03-11 23:59:59.999000+00:00,TRON_01_01_2018-01_01_2019_historical_data_coinmarketcap.csv,TRON,2018,3,11,0,23,22,1
2018-03-10 00:00:00+00:00,2018-03-10 23:59:59.999000+00:00,2018-03-10 07:59:12+00:00,2018-03-10 22:14:13+00:00,2781,0.0369407982,0.0381824002,0.0344843008,0.0349276997,253447008.0,2296433142.33,2018-03-10 23:59:59.999000+00:00,TRON_01_01_2018-01_01_2019_historical_data_coinmarketcap.csv,TRON,2018,3,10,0,23,7,22
2018-03-09 00:00:00+00:00,2018-03-09 23:59:59.999000+00:00,2018-03-09 23:54:13+00:00,2018-03-09 06:09:13+00:00,2781,0.0363634005,0.0374023989,0.0308292005,0.0369805992,295228992.0,2431407606.66,2018-03-09 23:59:59.999000+00:00,TRON_01_01_2018-01_01_2019_historical_data_coinmarketcap.csv,TRON,2018,3,9,0,23,23,6
2018-03-08 00:00:00+00:00,2018-03-08 23:59:59.999000+00:00,2018-03-08 09:39:14+00:00,2018-03-08 17:24:13+00:00,2781,0.0384875014,0.0395944007,0.0352781005,0.0364250988,236262000.0,2394884485.74,2018-03-08 23:59:59.999000+00:00,TRON_01_01_2018-01_01_2019_historical_data_coinmarketcap.csv,TRON,2018,3,8,0,23,9,17
2018-03-07 00:00:00+00:00,2018-03-07 23:59:59.999000+00:00,2018-03-07 01:59:13+00:00,2018-03-07 17:24:18+00:00,2781,0.0439442992,0.0448988006,0.0348160006,0.038601201,290193984.0,2537959127.39,2018-03-07 23:59:59.999000+00:00,TRON_01_01_2018-01_01_2019_historical_data_coinmarketcap.csv,TRON,2018,3,7,0,23,1,17
2018-03-06 00:00:00+00:00,2018-03-06 23:59:59.999000+00:00,2018-03-06 06:24:12+00:00,2018-03-06 23:39:13+00:00,2781,0.046743501,0.0476263016,0.0435670987,0.0439581983,262251008.0,2890172194.48,2018-03-06 23:59:59.999000+00:00,TRON_01_01_2018-01_01_2019_historical_data_coinmarketcap.csv,TRON,2018,3,6,0,23,6,23
2018-03-05 00:00:00+00:00,2018-03-05 23:59:59.999000+00:00,2018-03-05 04:19:12+00:00,2018-03-05 07:59:13+00:00,2781,0.0477549993,0.0479048006,0.0463895984,0.0467762984,284713984.0,3075457175.69,2018-03-05 23:59:59.999000+00:00,TRON_01_01_2018-01_01_2019_historical_data_coinmarketcap.csv,TRON,2018,3,5,0,23,4,7
2018-03-04 00:00:00+00:00,2018-03-04 23:59:59.999000+00:00,2018-03-04 00:14:13+00:00,2018-03-04 17:14:12+00:00,2781,0.0487890989,0.049674999,0.0471617989,0.0478009991,314648992.0,3142829348.52,2018-03-04 23:59:59.999000+00:00,TRON_01_01_2018-01_01_2019_historical_data_coinmarketcap.csv,TRON,2018,3,4,0,23,0,17
2018-03-03 00:00:00+00:00,2018-03-03 23:59:59.999000+00:00,2018-03-03 01:19:13+00:00,2018-03-03 14:04:12+00:00,2781,0.0525248013,0.0527371988,0.0477508008,0.0489179008,399204992.0,3216263504.7,2018-03-03 23:59:59.999000+00:00,TRON_01_01_2018-01_01_2019_historical_data_coinmarketcap.csv,TRON,2018,3,3,0,23,1,14
2018-03-02 00:00:00+00:00,2018-03-02 23:59:59.999000+00:00,2018-03-02 01:39:15+00:00,2018-03-02 06:04:14+00:00,2781,0.0486999005,0.0564742982,0.0475944988,0.0529465005,824566016.0,3481136672.9,2018-03-02 23:59:59.999000+00:00,TRON_01_01_2018-01_01_2019_historical_data_coinmarketcap.csv,TRON,2018,3,2,0,23,1,6
2018-03-01 00:00:00+00:00,2018-03-01 23:59:59.999000+00:00,2018-03-01 23:54:14+00:00,2018-03-01 01:19:15+00:00,2781,0.0435139984,0.0492249988,0.0423668995,0.0488467999,318231008.0,3211588808.21,2018-03-01 23:59:59.999000+00:00,TRON_01_01_2018-01_01_2019_historical_data_coinmarketcap.csv,TRON,2018,3,1,0,23,23,1
2018-02-28 00:00:00+00:00,2018-02-28 23:59:59.999000+00:00,2018-02-28 20:34:14+00:00,2018-02-28 13:09:15+00:00,2781,0.0427361988,0.0464051999,0.0406849012,0.0433504991,298758016.0,2850217017.91,2018-02-28 23:59:59.999000+00:00,TRON_01_01_2018-01_01_2019_historical_data_coinmarketcap.csv,TRON,2018,2,28,0,23,20,13
2018-02-27 00:00:00+00:00,2018-02-27 23:59:59.999000+00:00,2018-02-27 23:24:14+00:00,2018-02-27 02:24:14+00:00,2781,0.0417916998,0.0430992991,0.0411865003,0.0427311994,219795008.0,2809499162.31,2018-02-27 23:59:59.999000+00:00,TRON_01_01_2018-01_01_2019_historical_data_coinmarketcap.csv,TRON,2018,2,27,0,23,23,2
2018-02-26 00:00:00+00:00,2018-02-26 23:59:59.999000+00:00,2018-02-26 14:19:14+00:00,2018-02-26 08:49:13+00:00,2781,0.0398994014,0.0428935997,0.0389996991,0.0417685993,189976000.0,2746209952.23,2018-02-26 23:59:59.999000+00:00,TRON_01_01_2018-01_01_2019_historical_data_coinmarketcap.csv,TRON,2018,2,26,0,23,14,8
2018-02-25 00:00:00+00:00,2018-02-25 23:59:59.999000+00:00,2018-02-25 07:19:14+00:00,2018-02-25 15:39:14+00:00,2781,0.040821299,0.0416028984,0.0391076989,0.0398833007,182260000.0,2622254884.96,2018-02-25 23:59:59.999000+00:00,TRON_01_01_2018-01_01_2019_historical_data_coinmarketcap.csv,TRON,2018,2,25,0,23,7,15
2018-02-24 00:00:00+00:00,2018-02-24 23:59:59.999000+00:00,2018-02-24 01:09:14+00:00,2018-02-24 20:59:13+00:00,2781,0.0428560004,0.0456080996,0.0393741988,0.0409291983,194792992.0,2691020919.47,2018-02-24 23:59:59.999000+00:00,TRON_01_01_2018-01_01_2019_historical_data_coinmarketcap.csv,TRON,2018,2,24,0,23,1,20
2018-02-23 00:00:00+00:00,2018-02-23 23:59:59.999000+00:00,2018-02-23 14:24:14+00:00,2018-02-23 01:19:14+00:00,2781,0.0402746014,0.0435517989,0.0391392,0.0428748988,159880992.0,2818947177.57,2018-02-23 23:59:59.999000+00:00,TRON_01_01_2018-01_01_2019_historical_data_coinmarketcap.csv,TRON,2018,2,23,0,23,14,1
2018-02-22 00:00:00+00:00,2018-02-22 23:59:59.999000+00:00,2018-02-22 06:34:17+00:00,2018-02-22 17:44:13+00:00,2781,0.0444610007,0.0461460985,0.0395909995,0.0406743996,162732992.0,2674268280.03,2018-02-22 23:59:59.999000+00:00,TRON_01_01_2018-01_01_2019_historical_data_coinmarketcap.csv,TRON,2018,2,22,0,23,6,17
2018-02-21 00:00:00+00:00,2018-02-21 23:59:59.999000+00:00,2018-02-21 10:09:14+00:00,2018-02-21 16:54:13+00:00,2781,0.0469091013,0.0482348986,0.0429348983,0.0445800014,179052992.0,2931054420.56,2018-02-21 23:59:59.999000+00:00,TRON_01_01_2018-01_01_2019_historical_data_coinmarketcap.csv,TRON,2018,2,21,0,23,10,16
2018-02-20 00:00:00+00:00,2018-02-20 23:59:59.999000+00:00,2018-02-20 01:44:14+00:00,2018-02-20 23:49:14+00:00,2781,0.051536601,0.0520741008,0.0465601012,0.0468610004,198212992.0,3081026047.59,2018-02-20 23:59:59.999000+00:00,TRON_01_01_2018-01_01_2019_historical_data_coinmarketcap.csv,TRON,2018,2,20,0,23,1,23
2018-02-19 00:00:00+00:00,2018-02-19 23:59:59.999000+00:00,2018-02-19 10:29:13+00:00,2018-02-19 00:19:14+00:00,2781,0.0495553017,0.0527004004,0.0493635982,0.051541999,178480992.0,3388793336.57,2018-02-19 23:59:59.999000+00:00,TRON_01_01_2018-01_01_2019_historical_data_coinmarketcap.csv,TRON,2018,2,19,0,23,10,0
2018-02-18 00:00:00+00:00,2018-02-18 23:59:59.999000+00:00,2018-02-18 01:34:14+00:00,2018-02-18 10:04:13+00:00,2781,0.0549345985,0.0553109013,0.0487080999,0.0496058017,195043008.0,3261491686.3,2018-02-18 23:59:59.999000+00:00,TRON_01_01_2018-01_01_2019_historical_data_coinmarketcap.csv,TRON,2018,2,18,0,23,1,10
2018-02-17 00:00:00+00:00,2018-02-17 23:59:59.999000+00:00,2018-02-17 23:59:14+00:00,2018-02-17 00:34:14+00:00,2781,0.0521547012,0.0549136996,0.0509685986,0.0549136996,231988000.0,3610476517.14,2018-02-17 23:59:59.999000+00:00,TRON_01_01_2018-01_01_2019_historical_data_coinmarketcap.csv,TRON,2018,2,17,0,23,23,0
2018-02-16 00:00:00+00:00,2018-02-16 23:59:59.999000+00:00,2018-02-16 01:09:13+00:00,2018-02-16 00:09:13+00:00,2781,0.0464886986,0.0530816019,0.0463792011,0.0524486005,310512992.0,3448400647.87,2018-02-16 23:59:59.999000+00:00,TRON_01_01_2018-01_01_2019_historical_data_coinmarketcap.csv,TRON,2018,2,16,0,23,1,0
2018-02-15 00:00:00+00:00,2018-02-15 23:59:59.999000+00:00,2018-02-15 09:39:14+00:00,2018-02-15 03:09:15+00:00,2781,0.0459223986,0.0484566018,0.0450867005,0.0464960001,178912992.0,3057027957.34,2018-02-15 23:59:59.999000+00:00,TRON_01_01_2018-01_01_2019_historical_data_coinmarketcap.csv,TRON,2018,2,15,0,23,9,3
2018-02-14 00:00:00+00:00,2018-02-14 23:59:59.999000+00:00,2018-02-14 13:39:14+00:00,2018-02-14 03:14:13+00:00,2781,0.0432951003,0.0467486009,0.0430216007,0.0459357984,186660000.0,3020195819.92,2018-02-14 23:59:59.999000+00:00,TRON_01_01_2018-01_01_2019_historical_data_coinmarketcap.csv,TRON,2018,2,14,0,23,13,3
2018-02-13 00:00:00+00:00,2018-02-13 23:59:59.999000+00:00,2018-02-13 00:14:14+00:00,2018-02-13 11:29:13+00:00,2781,0.0461031012,0.0464826003,0.0424984992,0.0433558002,178960992.0,2850565483.33,2018-02-13 23:59:59.999000+00:00,TRON_01_01_2018-01_01_2019_historical_data_coinmarketcap.csv,TRON,2018,2,13,0,23,0,11
2018-02-12 00:00:00+00:00,2018-02-12 23:59:59.999000+00:00,2018-02-12 10:49:13+00:00,2018-02-12 00:04:13+00:00,2781,0.0426033996,0.047492899,0.0426033996,0.0461162999,219120000.0,3032063368.66,2018-02-12 23:59:59.999000+00:00,TRON_01_01_2018-01_01_2019_historical_data_coinmarketcap.csv,TRON,2018,2,12,0,23,10,0
2018-02-11 00:00:00+00:00,2018-02-11 23:59:59.999000+00:00,2018-02-11 00:04:13+00:00,2018-02-11 08:09:13+00:00,2781,0.0485638008,0.0485638008,0.0400662012,0.0424009003,273583008.0,2787782534.33,2018-02-11 23:59:59.999000+00:00,TRON_01_01_2018-01_01_2019_historical_data_coinmarketcap.csv,TRON,2018,2,11,0,23,0,8
2018-02-10 00:00:00+00:00,2018-02-10 23:59:59.999000+00:00,2018-02-10 03:44:14+00:00,2018-02-10 21:29:14+00:00,2781,0.0474241003,0.0559413992,0.0447805002,0.0486993007,470408992.0,3201890949.82,2018-02-10 23:59:59.999000+00:00,TRON_01_01_2018-01_01_2019_historical_data_coinmarketcap.csv,TRON,2018,2,10,0,23,3,21
2018-02-09 00:00:00+00:00,2018-02-09 23:59:59.999000+00:00,2018-02-09 23:59:14+00:00,2018-02-09 05:29:13+00:00,2781,0.0367852002,0.047967501,0.0349512994,0.047967501,176363008.0,3153776422.57,2018-02-09 23:59:59.999000+00:00,TRON_01_01_2018-01_01_2019_historical_data_coinmarketcap.csv,TRON,2018,2,9,0,23,23,5
2018-02-08 00:00:00+00:00,2018-02-08 23:59:59.999000+00:00,2018-02-08 10:34:19+00:00,2018-02-08 00:04:19+00:00,2781,0.0326679014,0.0380475,0.0326679014,0.0367252007,193436992.0,2414615518.3,2018-02-08 23:59:59.999000+00:00,TRON_01_01_2018-01_01_2019_historical_data_coinmarketcap.csv,TRON,2018,2,8,0,23,10,0
2018-02-07 00:00:00+00:00,2018-02-07 23:59:59.999000+00:00,2018-02-07 13:34:19+00:00,2018-02-07 04:09:20+00:00,2781,0.0362349004,0.0389565006,0.0319052003,0.0327458009,204200000.0,2152977161.16,2018-02-07 23:59:59.999000+00:00,TRON_01_01_2018-01_01_2019_historical_data_coinmarketcap.csv,TRON,2018,2,7,0,23,13,4
2018-02-06 00:00:00+00:00,2018-02-06 23:59:59.999000+00:00,2018-02-06 23:49:19+00:00,2018-02-06 08:04:20+00:00,2781,0.0303674005,0.0369712003,0.0251094997,0.0364775993,271110016.0,2398336265.84,2018-02-06 23:59:59.999000+00:00,TRON_01_01_2018-01_01_2019_historical_data_coinmarketcap.csv,TRON,2018,2,6,0,23,23,8
2018-02-05 00:00:00+00:00,2018-02-05 23:59:59.999000+00:00,2018-02-05 05:19:19+00:00,2018-02-05 20:04:20+00:00,2781,0.0377900004,0.0389029011,0.0280547999,0.0301607996,167296992.0,1983018083.61,2018-02-05 23:59:59.999000+00:00,TRON_01_01_2018-01_01_2019_historical_data_coinmarketcap.csv,TRON,2018,2,5,0,23,5,20
2018-02-04 00:00:00+00:00,2018-02-04 23:59:59.999000+00:00,2018-02-04 06:09:20+00:00,2018-02-04 20:39:20+00:00,2781,0.0445246994,0.0460198,0.0360485986,0.0379329994,169960992.0,2494026185.17,2018-02-04 23:59:59.999000+00:00,TRON_01_01_2018-01_01_2019_historical_data_coinmarketcap.csv,TRON,2018,2,4,0,23,6,20
2018-02-03 00:00:00+00:00,2018-02-03 23:59:59.999000+00:00,2018-02-03 15:14:20+00:00,2018-02-03 04:09:20+00:00,2781,0.0410347991,0.0473382995,0.0350800008,0.0444720984,241928992.0,2923960190.59,2018-02-03 23:59:59.999000+00:00,TRON_01_01_2018-01_01_2019_historical_data_coinmarketcap.csv,TRON,2018,2,3,0,23,15,4
2018-02-02 00:00:00+00:00,2018-02-02 23:59:59.999000+00:00,2018-02-02 00:04:20+00:00,2018-02-02 12:29:19+00:00,2781,0.0460423008,0.0460423008,0.0310912002,0.0407991,363928992.0,2682467079.63,2018-02-02 23:59:59.999000+00:00,TRON_01_01_2018-01_01_2019_historical_data_coinmarketcap.csv,TRON,2018,2,2,0,23,0,12
2018-02-01 00:00:00+00:00,2018-02-01 23:59:59.999000+00:00,2018-02-01 01:39:20+00:00,2018-02-01 20:24:18+00:00,2781,0.0547532998,0.0585630983,0.0431611016,0.0462273993,288656000.0,3039367992.84,2018-02-01 23:59:59.999000+00:00,TRON_01_01_2018-01_01_2019_historical_data_coinmarketcap.csv,TRON,2018,2,1,0,23,1,20
2018-01-31 00:00:00+00:00,2018-01-31 23:59:59.999000+00:00,2018-01-31 23:59:19+00:00,2018-01-31 01:09:20+00:00,2781,0.0539580993,0.0544539988,0.0496358015,0.0544539988,251080992.0,3580252073.06,2018-01-31 23:59:59.999000+00:00,TRON_01_01_2018-01_01_2019_historical_data_coinmarketcap.csv,TRON,2018,1,31,0,23,23,1
2018-01-30 00:00:00+00:00,2018-01-30 23:59:59.999000+00:00,2018-01-30 00:54:19+00:00,2018-01-30 19:19:20+00:00,2781,0.0640650019,0.0641198978,0.0515814982,0.0537612997,267126000.0,3534708300.13,2018-01-30 23:59:59.999000+00:00,TRON_01_01_2018-01_01_2019_historical_data_coinmarketcap.csv,TRON,2018,1,30,0,23,0,19
2018-01-29 00:00:00+00:00,2018-01-29 23:59:59.999000+00:00,2018-01-29 06:04:20+00:00,2018-01-29 11:59:18+00:00,2781,0.0654314011,0.0667689964,0.0631131008,0.0640008971,256876000.0,4207943491.8,2018-01-29 23:59:59.999000+00:00,TRON_01_01_2018-01_01_2019_historical_data_coinmarketcap.csv,TRON,2018,1,29,0,23,6,11
2018-01-28 00:00:00+00:00,2018-01-28 23:59:59.999000+00:00,2018-01-28 06:54:19+00:00,2018-01-28 20:24:19+00:00,2781,0.0689160004,0.070875302,0.0650485978,0.0654949024,276320992.0,4306171291.36,2018-01-28 23:59:59.999000+00:00,TRON_01_01_2018-01_01_2019_historical_data_coinmarketcap.csv,TRON,2018,1,28,0,23,6,20
2018-01-27 00:00:00+00:00,2018-01-27 23:59:59.999000+00:00,2018-01-27 23:14:18+00:00,2018-01-27 02:14:18+00:00,2781,0.0664947033,0.069426097,0.0649731979,0.0684219003,282556992.0,4498616250.74,2018-01-27 23:59:59.999000+00:00,TRON_01_01_2018-01_01_2019_historical_data_coinmarketcap.csv,TRON,2018,1,27,0,23,23,2
2018-01-26 00:00:00+00:00,2018-01-26 23:59:59.999000+00:00,2018-01-26 02:59:20+00:00,2018-01-26 09:59:19+00:00,2781,0.0685997978,0.0710550025,0.0603595003,0.0666299984,381401984.0,4380802064.64,2018-01-26 23:59:59.999000+00:00,TRON_01_01_2018-01_01_2019_historical_data_coinmarketcap.csv,TRON,2018,1,26,0,23,2,9
2018-01-25 00:00:00+00:00,2018-01-25 23:59:59.999000+00:00,2018-01-25 07:54:19+00:00,2018-01-25 17:24:18+00:00,2781,0.0712518021,0.0736809969,0.0670221969,0.0687656999,362497984.0,4521220479.31,2018-01-25 23:59:59.999000+00:00,TRON_01_01_2018-01_01_2019_historical_data_coinmarketcap.csv,TRON,2018,1,25,0,23,7,17
2018-01-24 00:00:00+00:00,2018-01-24 23:59:59.999000+00:00,2018-01-24 15:09:19+00:00,2018-01-24 00:59:18+00:00,2781,0.0685964003,0.0743203983,0.0669386014,0.0704208016,505468992.0,4630040312.68,2018-01-24 23:59:59.999000+00:00,TRON_01_01_2018-01_01_2019_historical_data_coinmarketcap.csv,TRON,2018,1,24,0,23,15,0
2018-01-23 00:00:00+00:00,2018-01-23 23:59:59.999000+00:00,2018-01-23 17:04:19+00:00,2018-01-23 11:59:18+00:00,2781,0.0712101981,0.0740351006,0.0628907979,0.0685717016,409592000.0,4508465329.97,2018-01-23 23:59:59.999000+00:00,TRON_01_01_2018-01_01_2019_historical_data_coinmarketcap.csv,TRON,2018,1,23,0,23,17,11
2018-01-22 00:00:00+00:00,2018-01-22 23:59:59.999000+00:00,2018-01-22 08:39:18+00:00,2018-01-22 21:54:18+00:00,2781,0.0719472021,0.0828094035,0.0638305992,0.0714116991,623766976.0,4695190196.6,2018-01-22 23:59:59.999000+00:00,TRON_01_01_2018-01_01_2019_historical_data_coinmarketcap.csv,TRON,2018,1,22,0,23,8,21
2018-01-21 00:00:00+00:00,2018-01-21 23:59:59.999000+00:00,2018-01-21 00:19:18+00:00,2018-01-21 20:59:18+00:00,2781,0.0848682001,0.0856975988,0.0684214011,0.0711861029,561259008.0,4680357404.38,2018-01-21 23:59:59.999000+00:00,TRON_01_01_2018-01_01_2019_historical_data_coinmarketcap.csv,TRON,2018,1,21,0,23,0,20
2018-01-20 00:00:00+00:00,2018-01-20 23:59:59.999000+00:00,2018-01-20 21:59:18+00:00,2018-01-20 02:39:19+00:00,2781,0.0811581016,0.0887240022,0.0806080028,0.0852013007,626438976.0,5601831471.56,2018-01-20 23:59:59.999000+00:00,TRON_01_01_2018-01_01_2019_historical_data_coinmarketcap.csv,TRON,2018,1,20,0,23,21,2
2018-01-19 00:00:00+00:00,2018-01-19 23:59:59.999000+00:00,2018-01-19 13:04:19+00:00,2018-01-19 03:24:19+00:00,2781,0.0824085027,0.088132903,0.0729947016,0.080499202,706521984.0,5292676895.72,2018-01-19 23:59:59.999000+00:00,TRON_01_01_2018-01_01_2019_historical_data_coinmarketcap.csv,TRON,2018,1,19,0,23,13,3
2018-01-18 00:00:00+00:00,2018-01-18 23:59:59.999000+00:00,2018-01-18 12:24:18+00:00,2018-01-18 05:24:18+00:00,2781,0.0764323995,0.1108670011,0.073540099,0.0831791013,1392329984.0,5468875476.74,2018-01-18 23:59:59.999000+00:00,TRON_01_01_2018-01_01_2019_historical_data_coinmarketcap.csv,TRON,2018,1,18,0,23,12,5
2018-01-17 00:00:00+00:00,2018-01-17 23:59:59.999000+00:00,2018-01-17 21:09:18+00:00,2018-01-17 15:39:19+00:00,2781,0.0537963994,0.0843096003,0.0446506999,0.0756229013,1326569984.0,4972068984.76,2018-01-17 23:59:59.999000+00:00,TRON_01_01_2018-01_01_2019_historical_data_coinmarketcap.csv,TRON,2018,1,17,0,23,21,15
2018-01-16 00:00:00+00:00,2018-01-16 23:59:59.999000+00:00,2018-01-16 00:09:13+00:00,2018-01-16 22:34:18+00:00,2781,0.076044701,0.0763705969,0.0405496992,0.0544878989,695308992.0,3582480936.79,2018-01-16 23:59:59.999000+00:00,TRON_01_01_2018-01_01_2019_historical_data_coinmarketcap.csv,TRON,2018,1,16,0,23,0,22
2018-01-15 00:00:00+00:00,2018-01-15 23:59:59.999000+00:00,2018-01-15 13:54:14+00:00,2018-01-15 10:14:14+00:00,2781,0.0848895982,0.0978967994,0.0677210987,0.0756938979,1013430016.0,4976737106.42,2018-01-15 23:59:59.999000+00:00,TRON_01_01_2018-01_01_2019_historical_data_coinmarketcap.csv,TRON,2018,1,15,0,23,13,10
2018-01-14 00:00:00+00:00,2018-01-14 23:59:59.999000+00:00,2018-01-14 01:44:13+00:00,2018-01-14 23:54:14+00:00,2781,0.1026339978,0.1031690016,0.0842714012,0.0847823992,714278976.0,5574289553.73,2018-01-14 23:59:59.999000+00:00,TRON_01_01_2018-01_01_2019_historical_data_coinmarketcap.csv,TRON,2018,1,14,0,23,1,23
2018-01-13 00:00:00+00:00,2018-01-13 23:59:59.999000+00:00,2018-01-13 01:54:14+00:00,2018-01-13 21:34:13+00:00,2781,0.108694002,0.1192189977,0.1001019999,0.1030350029,819091008.0,6774365011.71,2018-01-13 23:59:59.999000+00:00,TRON_01_01_2018-01_01_2019_historical_data_coinmarketcap.csv,TRON,2018,1,13,0,23,1,21
2018-01-12 00:00:00+00:00,2018-01-12 23:59:59.999000+00:00,2018-01-12 05:14:14+00:00,2018-01-12 00:39:14+00:00,2781,0.1098020002,0.1129190028,0.1048910022,0.1088579968,679499008.0,7157216736.5,2018-01-12 23:59:59.999000+00:00,TRON_01_01_2018-01_01_2019_historical_data_coinmarketcap.csv,TRON,2018,1,12,0,23,5,0
2018-01-11 00:00:00+00:00,2018-01-11 23:59:59.999000+00:00,2018-01-11 00:04:14+00:00,2018-01-11 04:34:15+00:00,2781,0.1308269948,0.1308269948,0.097424902,0.1090800017,1074579968.0,7171812835.23,2018-01-11 23:59:59.999000+00:00,TRON_01_01_2018-01_01_2019_historical_data_coinmarketcap.csv,TRON,2018,1,11,0,23,0,4
2018-01-10 00:00:00+00:00,2018-01-10 23:59:59.999000+00:00,2018-01-10 01:54:14+00:00,2018-01-10 08:29:14+00:00,2781,0.1270200014,0.1367769986,0.0974349007,0.1295530051,1729920000.0,8517875579.78,2018-01-10 23:59:59.999000+00:00,TRON_01_01_2018-01_01_2019_historical_data_coinmarketcap.csv,TRON,2018,1,10,0,23,1,8
2018-01-09 00:00:00+00:00,2018-01-09 23:59:59.999000+00:00,2018-01-09 01:24:15+00:00,2018-01-09 22:59:15+00:00,2781,0.1541649997,0.156468004,0.1059629992,0.1247820035,1262109952.0,8204190953.48,2018-01-09 23:59:59.999000+00:00,TRON_01_01_2018-01_01_2019_historical_data_coinmarketcap.csv,TRON,2018,1,9,0,23,1,22
2018-01-08 00:00:00+00:00,2018-01-08 23:59:59.999000+00:00,2018-01-08 00:04:14+00:00,2018-01-08 15:14:15+00:00,2781,0.2051949948,0.2051949948,0.1315820068,0.1519930065,1532320000.0,9993265018.93,2018-01-08 23:59:59.999000+00:00,TRON_01_01_2018-01_01_2019_historical_data_coinmarketcap.csv,TRON,2018,1,8,0,23,0,15
2018-01-07 00:00:00+00:00,2018-01-07 23:59:59.999000+00:00,2018-01-07 23:59:13+00:00,2018-01-07 20:29:13+00:00,2781,0.1736779958,0.1996549964,0.1456969976,0.1996549964,1750349952.0,13126955368.7,2018-01-07 23:59:59.999000+00:00,TRON_01_01_2018-01_01_2019_historical_data_coinmarketcap.csv,TRON,2018,1,7,0,23,23,20
2018-01-06 00:00:00+00:00,2018-01-06 23:59:59.999000+00:00,2018-01-06 00:29:13+00:00,2018-01-06 14:34:14+00:00,2781,0.2244990021,0.2321719974,0.1431490034,0.1747969985,2437349888.0,11492586800.1,2018-01-06 23:59:59.999000+00:00,TRON_01_01_2018-01_01_2019_historical_data_coinmarketcap.csv,TRON,2018,1,6,0,23,0,14
2018-01-05 00:00:00+00:00,2018-01-05 23:59:59.999000+00:00,2018-01-05 02:24:15+00:00,2018-01-05 17:49:13+00:00,2781,0.2095790058,0.3003630042,0.1767120063,0.2205549926,3864399872.0,14501092591.4,2018-01-05 23:59:59.999000+00:00,TRON_01_01_2018-01_01_2019_historical_data_coinmarketcap.csv,TRON,2018,1,5,0,23,2,17
2018-01-04 00:00:00+00:00,2018-01-04 23:59:59.999000+00:00,2018-01-04 23:44:14+00:00,2018-01-04 00:04:13+00:00,2781,0.0949200988,0.2171140015,0.0949200988,0.2079740018,4089410048.0,13673914581.9,2018-01-04 23:59:59.999000+00:00,TRON_01_01_2018-01_01_2019_historical_data_coinmarketcap.csv,TRON,2018,1,4,0,23,23,0
2018-01-03 00:00:00+00:00,2018-01-03 23:59:59.999000+00:00,2018-01-03 23:54:13+00:00,2018-01-03 04:44:14+00:00,2781,0.0786484033,0.0947029963,0.0683057979,0.0947028026,1136850048.0,6226537922.37,2018-01-03 23:59:59.999000+00:00,TRON_01_01_2018-01_01_2019_historical_data_coinmarketcap.csv,TRON,2018,1,3,0,23,23,4
2018-01-02 00:00:00+00:00,2018-01-02 23:59:59.999000+00:00,2018-01-02 16:14:15+00:00,2018-01-02 00:04:14+00:00,2781,0.0520704016,0.0869889036,0.0520704016,0.0786816999,1604039936.0,5173179555.9,2018-01-02 23:59:59.999000+00:00,TRON_01_01_2018-01_01_2019_historical_data_coinmarketcap.csv,TRON,2018,1,2,0,23,16,0
2018-01-01 00:00:00+00:00,2018-01-01 23:59:59.999000+00:00,2018-01-01 23:14:14+00:00,2018-01-01 05:19:13+00:00,2781,0.0446817018,0.052813299,0.0434000008,0.0516946018,516798016.0,3398826510.74,2018-01-01 23:59:59.999000+00:00,TRON_01_01_2018-01_01_2019_historical_data_coinmarketcap.csv,TRON,2018,1,1,0,23,23,5
2019-12-31 00:00:00+00:00,2019-12-31 23:59:59.999000+00:00,2019-12-31 14:56:01+00:00,2019-12-31 20:24:03+00:00,2781,0.0134057656,0.0134897379,0.0131537027,0.0133056944,1065550361.3,887251273.503935,2019-12-31 23:59:59.999000+00:00,TRON_01_01_2019-01_01_2020_historical_data_coinmarketcap.csv,TRON,2019,12,31,0,23,14,20
2019-12-30 00:00:00+00:00,2019-12-30 23:59:59.999000+00:00,2019-12-30 07:37:01+00:00,2019-12-30 21:28:02+00:00,2781,0.0137440775,0.0139888374,0.0133227923,0.0134004227,1180670787.63,893567952.916453,2019-12-30 23:59:59.999000+00:00,TRON_01_01_2019-01_01_2020_historical_data_coinmarketcap.csv,TRON,2019,12,30,0,23,7,21
2019-12-29 00:00:00+00:00,2019-12-29 23:59:59.999000+00:00,2019-12-29 23:00:07+00:00,2019-12-29 01:14:01+00:00,2781,0.0135036945,0.0139252092,0.0134331462,0.0137434526,1090566659.99,916441896.985283,2019-12-29 23:59:59.999000+00:00,TRON_01_01_2019-01_01_2020_historical_data_coinmarketcap.csv,TRON,2019,12,29,0,23,23,1
2019-12-28 00:00:00+00:00,2019-12-28 23:59:59.999000+00:00,2019-12-28 18:08:06+00:00,2019-12-28 00:04:02+00:00,2781,0.013297309,0.0137876106,0.0132886965,0.0135148685,1159949302.9,901199434.300327,2019-12-28 23:59:59.999000+00:00,TRON_01_01_2019-01_01_2020_historical_data_coinmarketcap.csv,TRON,2019,12,28,0,23,18,0
2019-12-27 00:00:00+00:00,2019-12-27 23:59:59.999000+00:00,2019-12-27 16:11:02+00:00,2019-12-27 12:06:01+00:00,2781,0.0134113875,0.0134542289,0.0132213833,0.0133000234,1113460814.14,886873122.599926,2019-12-27 23:59:59.999000+00:00,TRON_01_01_2019-01_01_2020_historical_data_coinmarketcap.csv,TRON,2019,12,27,0,23,16,12
2019-12-26 00:00:00+00:00,2019-12-26 23:59:59.999000+00:00,2019-12-26 19:37:02+00:00,2019-12-26 13:55:02+00:00,2781,0.0133509326,0.0137010267,0.0132587787,0.0134121849,1111971331.07,894352281.886237,2019-12-26 23:59:59.999000+00:00,TRON_01_01_2019-01_01_2020_historical_data_coinmarketcap.csv,TRON,2019,12,26,0,23,19,13
2019-12-25 00:00:00+00:00,2019-12-25 23:59:59.999000+00:00,2019-12-25 00:00:04+00:00,2019-12-25 16:25:01+00:00,2781,0.0136465525,0.0136465525,0.0131750897,0.0133386335,1074051749.17,889447723.148563,2019-12-25 23:59:59.999000+00:00,TRON_01_01_2019-01_01_2020_historical_data_coinmarketcap.csv,TRON,2019,12,25,0,23,0,16
2019-12-24 00:00:00+00:00,2019-12-24 23:59:59.999000+00:00,2019-12-24 15:04:02+00:00,2019-12-24 18:47:01+00:00,2781,0.0138416505,0.0139736767,0.013411175,0.0136328882,1184108107.85,909069237.756959,2019-12-24 23:59:59.999000+00:00,TRON_01_01_2019-01_01_2020_historical_data_coinmarketcap.csv,TRON,2019,12,24,0,23,15,18
2019-12-23 00:00:00+00:00,2019-12-23 23:59:59.999000+00:00,2019-12-23 04:02:06+00:00,2019-12-23 22:58:03+00:00,2781,0.0149176764,0.0152265734,0.013782358,0.013842943,1237088083.05,923076121.393392,2019-12-23 23:59:59.999000+00:00,TRON_01_01_2019-01_01_2020_historical_data_coinmarketcap.csv,TRON,2019,12,23,0,23,4,22
2019-12-22 00:00:00+00:00,2019-12-22 23:59:59.999000+00:00,2019-12-22 21:39:01+00:00,2019-12-22 00:00:01+00:00,2781,0.0135954555,0.0150145758,0.0135954555,0.0149128788,1319603646.54,994421661.049941,2019-12-22 23:59:59.999000+00:00,TRON_01_01_2019-01_01_2020_historical_data_coinmarketcap.csv,TRON,2019,12,22,0,23,21,0
2019-12-21 00:00:00+00:00,2019-12-21 23:59:59.999000+00:00,2019-12-21 23:59:02+00:00,2019-12-21 09:59:03+00:00,2781,0.0134648887,0.0136011555,0.0133386743,0.0136011555,1104610704.79,906953229.836741,2019-12-21 23:59:59.999000+00:00,TRON_01_01_2019-01_01_2020_historical_data_coinmarketcap.csv,TRON,2019,12,21,0,23,23,9
2019-12-20 00:00:00+00:00,2019-12-20 23:59:59.999000+00:00,2019-12-20 22:44:02+00:00,2019-12-20 00:55:01+00:00,2781,0.0130824447,0.0135525091,0.0129555889,0.0134644704,1189193476.66,897838784.037697,2019-12-20 23:59:59.999000+00:00,TRON_01_01_2019-01_01_2020_historical_data_coinmarketcap.csv,TRON,2019,12,20,0,23,22,0
2019-12-19 00:00:00+00:00,2019-12-19 23:59:59.999000+00:00,2019-12-19 00:28:01+00:00,2019-12-19 09:44:01+00:00,2781,0.0133873337,0.013511136,0.0127557051,0.0130783124,1176707541.68,872088969.571347,2019-12-19 23:59:59.999000+00:00,TRON_01_01_2019-01_01_2020_historical_data_coinmarketcap.csv,TRON,2019,12,19,0,23,0,9
2019-12-18 00:00:00+00:00,2019-12-18 23:59:59.999000+00:00,2019-12-18 20:43:02+00:00,2019-12-18 13:26:01+00:00,2781,0.0124598064,0.0134771301,0.0123113089,0.0133764797,1277690945.34,891971387.842848,2019-12-18 23:59:59.999000+00:00,TRON_01_01_2019-01_01_2020_historical_data_coinmarketcap.csv,TRON,2019,12,18,0,23,20,13
2019-12-17 00:00:00+00:00,2019-12-17 23:59:59.999000+00:00,2019-12-17 00:50:03+00:00,2019-12-17 21:33:02+00:00,2781,0.0134970996,0.013510751,0.0123297346,0.0124776843,1090326003.18,832037848.441497,2019-12-17 23:59:59.999000+00:00,TRON_01_01_2019-01_01_2020_historical_data_coinmarketcap.csv,TRON,2019,12,17,0,23,0,21
2019-12-16 00:00:00+00:00,2019-12-16 23:59:59.999000+00:00,2019-12-16 00:11:02+00:00,2019-12-16 19:33:02+00:00,2781,0.0140255493,0.0140456666,0.0133529514,0.0134892817,1114277014.99,899493258.936846,2019-12-16 23:59:59.999000+00:00,TRON_01_01_2019-01_01_2020_historical_data_coinmarketcap.csv,TRON,2019,12,16,0,23,0,19
2019-12-15 00:00:00+00:00,2019-12-15 23:59:59.999000+00:00,2019-12-15 08:56:06+00:00,2019-12-15 14:02:04+00:00,2781,0.0139367014,0.014153922,0.0137941522,0.0140282496,1025255094.27,935432753.733119,2019-12-15 23:59:59.999000+00:00,TRON_01_01_2019-01_01_2020_historical_data_coinmarketcap.csv,TRON,2019,12,15,0,23,8,14
2019-12-14 00:00:00+00:00,2019-12-14 23:59:59.999000+00:00,2019-12-14 02:05:02+00:00,2019-12-14 16:13:02+00:00,2781,0.01409004,0.0145879371,0.0139128042,0.0139423614,969812672.25,929705549.826822,2019-12-14 23:59:59.999000+00:00,TRON_01_01_2019-01_01_2020_historical_data_coinmarketcap.csv,TRON,2019,12,14,0,23,2,16
2019-12-13 00:00:00+00:00,2019-12-13 23:59:59.999000+00:00,2019-12-13 13:10:06+00:00,2019-12-13 03:42:02+00:00,2781,0.0138617184,0.0142276716,0.0137166542,0.0140976956,973273278.01,940063553.631097,2019-12-13 23:59:59.999000+00:00,TRON_01_01_2019-01_01_2020_historical_data_coinmarketcap.csv,TRON,2019,12,13,0,23,13,3
2019-12-12 00:00:00+00:00,2019-12-12 23:59:59.999000+00:00,2019-12-12 00:11:06+00:00,2019-12-12 14:57:01+00:00,2781,0.0141848284,0.0141998776,0.0135268069,0.0138618404,1001541934.39,924336244.405628,2019-12-12 23:59:59.999000+00:00,TRON_01_01_2019-01_01_2020_historical_data_coinmarketcap.csv,TRON,2019,12,12,0,23,0,14
2019-12-11 00:00:00+00:00,2019-12-11 23:59:59.999000+00:00,2019-12-11 13:07:01+00:00,2019-12-11 16:13:02+00:00,2781,0.0141592375,0.0143736579,0.0141028262,0.0141791321,919584734.89,945493906.996166,2019-12-11 23:59:59.999000+00:00,TRON_01_01_2019-01_01_2020_historical_data_coinmarketcap.csv,TRON,2019,12,11,0,23,13,16
2019-12-10 00:00:00+00:00,2019-12-10 23:59:59.999000+00:00,2019-12-10 00:57:02+00:00,2019-12-10 20:27:04+00:00,2781,0.0144588482,0.0144986083,0.0140967577,0.0141531425,920910087.99,943760869.40672,2019-12-10 23:59:59.999000+00:00,TRON_01_01_2019-01_01_2020_historical_data_coinmarketcap.csv,TRON,2019,12,10,0,23,0,20
2019-12-09 00:00:00+00:00,2019-12-09 23:59:59.999000+00:00,2019-12-09 00:23:01+00:00,2019-12-09 22:21:05+00:00,2781,0.0147291591,0.014767781,0.0143872498,0.0144691978,945176794.98,964836090.397484,2019-12-09 23:59:59.999000+00:00,TRON_01_01_2019-01_01_2020_historical_data_coinmarketcap.csv,TRON,2019,12,9,0,23,0,22
2019-12-08 00:00:00+00:00,2019-12-08 23:59:59.999000+00:00,2019-12-08 16:02:05+00:00,2019-12-08 04:27:01+00:00,2781,0.0146004304,0.0148216805,0.0145051395,0.0147537868,909202289.13,983813077.754416,2019-12-08 23:59:59.999000+00:00,TRON_01_01_2019-01_01_2020_historical_data_coinmarketcap.csv,TRON,2019,12,8,0,23,16,4
2019-12-07 00:00:00+00:00,2019-12-07 23:59:59.999000+00:00,2019-12-07 04:57:05+00:00,2019-12-07 23:53:04+00:00,2781,0.0147102901,0.0148517927,0.0145901044,0.0145945736,932823180.16,973196409.751084,2019-12-07 23:59:59.999000+00:00,TRON_01_01_2019-01_01_2020_historical_data_coinmarketcap.csv,TRON,2019,12,7,0,23,4,23
2019-12-06 00:00:00+00:00,2019-12-06 23:59:59.999000+00:00,2019-12-06 22:48:03+00:00,2019-12-06 09:10:02+00:00,2781,0.0146153284,0.0147235485,0.0144938039,0.0147084861,1016590545.51,980792334.466986,2019-12-06 23:59:59.999000+00:00,TRON_01_01_2019-01_01_2020_historical_data_coinmarketcap.csv,TRON,2019,12,6,0,23,22,9
2019-12-05 00:00:00+00:00,2019-12-05 23:59:59.999000+00:00,2019-12-05 12:22:03+00:00,2019-12-05 17:35:05+00:00,2781,0.0144294352,0.0149498284,0.0142974295,0.0146059714,1063061041.46,973956438.940236,2019-12-05 23:59:59.999000+00:00,TRON_01_01_2019-01_01_2020_historical_data_coinmarketcap.csv,TRON,2019,12,5,0,23,12,17
2019-12-04 00:00:00+00:00,2019-12-04 23:59:59.999000+00:00,2019-12-04 00:01:03+00:00,2019-12-04 05:10:02+00:00,2781,0.0152458565,0.0152551616,0.0142088047,0.0144281926,1017108758.09,962101783.732026,2019-12-04 23:59:59.999000+00:00,TRON_01_01_2019-01_01_2020_historical_data_coinmarketcap.csv,TRON,2019,12,4,0,23,0,5
2019-12-03 00:00:00+00:00,2019-12-03 23:59:59.999000+00:00,2019-12-03 17:48:00+00:00,2019-12-03 10:22:02+00:00,2781,0.0152647291,0.0155784117,0.0150375958,0.0152508815,847268484.15,1016960379.83185,2019-12-03 23:59:59.999000+00:00,TRON_01_01_2019-01_01_2020_historical_data_coinmarketcap.csv,TRON,2019,12,3,0,23,17,10
2019-12-02 00:00:00+00:00,2019-12-02 23:59:59.999000+00:00,2019-12-02 00:23:03+00:00,2019-12-02 19:30:00+00:00,2781,0.0159437039,0.0159924782,0.0151658116,0.0152467794,1078642608.02,1016686847.67118,2019-12-02 23:59:59.999000+00:00,TRON_01_01_2019-01_01_2020_historical_data_coinmarketcap.csv,TRON,2019,12,2,0,23,0,19
2019-12-01 00:00:00+00:00,2019-12-01 23:59:59.999000+00:00,2019-12-01 13:57:06+00:00,2019-12-01 03:40:02+00:00,2781,0.0155102744,0.0160657514,0.0151380454,0.0159503394,1221749577.2,1063601685.20189,2019-12-01 23:59:59.999000+00:00,TRON_01_01_2019-01_01_2020_historical_data_coinmarketcap.csv,TRON,2019,12,1,0,23,13,3
2019-11-30 00:00:00+00:00,2019-11-30 23:59:59.999000+00:00,2019-11-30 02:21:04+00:00,2019-11-30 21:11:03+00:00,2781,0.0161842021,0.0163064518,0.0153925863,0.0155053469,1106913967.81,1033928662.86552,2019-11-30 23:59:59.999000+00:00,TRON_01_01_2019-01_01_2020_historical_data_coinmarketcap.csv,TRON,2019,11,30,0,23,2,21
2019-11-29 00:00:00+00:00,2019-11-29 23:59:59.999000+00:00,2019-11-29 14:41:01+00:00,2019-11-29 06:35:04+00:00,2781,0.0158880514,0.0163347711,0.0158207813,0.0161926396,1203702929.28,1079758762.21639,2019-11-29 23:59:59.999000+00:00,TRON_01_01_2019-01_01_2020_historical_data_coinmarketcap.csv,TRON,2019,11,29,0,23,14,6
2019-11-28 00:00:00+00:00,2019-11-28 23:59:59.999000+00:00,2019-11-28 06:11:02+00:00,2019-11-28 23:09:00+00:00,2781,0.0161512885,0.0163770595,0.0157929974,0.0158779935,1266811965.74,1058777506.00093,2019-11-28 23:59:59.999000+00:00,TRON_01_01_2019-01_01_2020_historical_data_coinmarketcap.csv,TRON,2019,11,28,0,23,6,23
2019-11-27 00:00:00+00:00,2019-11-27 23:59:59.999000+00:00,2019-11-27 19:05:03+00:00,2019-11-27 09:38:01+00:00,2781,0.0153913687,0.0163977386,0.014670884,0.0161494476,2021635639.71,1076878629.56083,2019-11-27 23:59:59.999000+00:00,TRON_01_01_2019-01_01_2020_historical_data_coinmarketcap.csv,TRON,2019,11,27,0,23,19,9
2019-11-26 00:00:00+00:00,2019-11-26 23:59:59.999000+00:00,2019-11-26 18:07:04+00:00,2019-11-26 00:48:00+00:00,2781,0.0142917849,0.0155252174,0.0141547089,0.0154166208,1188544727.71,1028012219.85274,2019-11-26 23:59:59.999000+00:00,TRON_01_01_2019-01_01_2020_historical_data_coinmarketcap.csv,TRON,2019,11,26,0,23,18,0
2019-11-25 00:00:00+00:00,2019-11-25 23:59:59.999000+00:00,2019-11-25 16:15:03+00:00,2019-11-25 05:52:02+00:00,2781,0.0139227544,0.0146334076,0.0131590191,0.0142922897,1304867280.6,953039490.58845,2019-11-25 23:59:59.999000+00:00,TRON_01_01_2019-01_01_2020_historical_data_coinmarketcap.csv,TRON,2019,11,25,0,23,16,5
2019-11-24 00:00:00+00:00,2019-11-24 23:59:59.999000+00:00,2019-11-24 00:10:02+00:00,2019-11-24 23:59:03+00:00,2781,0.0151920544,0.0152539771,0.0139303567,0.0139303567,1212567751.36,928905052.13492,2019-11-24 23:59:59.999000+00:00,TRON_01_01_2019-01_01_2020_historical_data_coinmarketcap.csv,TRON,2019,11,24,0,23,0,23
2019-11-23 00:00:00+00:00,2019-11-23 23:59:59.999000+00:00,2019-11-23 23:58:03+00:00,2019-11-23 09:42:02+00:00,2781,0.014480379,0.0151846375,0.0141011925,0.0151799812,1137753708.93,1012232599.54187,2019-11-23 23:59:59.999000+00:00,TRON_01_01_2019-01_01_2020_historical_data_coinmarketcap.csv,TRON,2019,11,23,0,23,23,9
2019-11-22 00:00:00+00:00,2019-11-22 23:59:59.999000+00:00,2019-11-22 02:26:01+00:00,2019-11-22 14:16:01+00:00,2781,0.0154206361,0.0155731689,0.0135118894,0.0144820944,1319516654.07,965696064.436843,2019-11-22 23:59:59.999000+00:00,TRON_01_01_2019-01_01_2020_historical_data_coinmarketcap.csv,TRON,2019,11,22,0,23,2,14
2019-11-21 00:00:00+00:00,2019-11-21 23:59:59.999000+00:00,2019-11-21 01:30:03+00:00,2019-11-21 18:11:02+00:00,2781,0.0166431953,0.0166641074,0.015069161,0.0154217827,1152178109.96,1028356428.86184,2019-11-21 23:59:59.999000+00:00,TRON_01_01_2019-01_01_2020_historical_data_coinmarketcap.csv,TRON,2019,11,21,0,23,1,18
2019-11-20 00:00:00+00:00,2019-11-20 23:59:59.999000+00:00,2019-11-20 04:24:02+00:00,2019-11-20 21:26:04+00:00,2781,0.0170655377,0.0172108829,0.0165114898,0.016643775,1055792316.02,1109841404.18031,2019-11-20 23:59:59.999000+00:00,TRON_01_01_2019-01_01_2020_historical_data_coinmarketcap.csv,TRON,2019,11,20,0,23,4,21
2019-11-19 00:00:00+00:00,2019-11-19 23:59:59.999000+00:00,2019-11-19 02:21:00+00:00,2019-11-19 13:44:03+00:00,2781,0.0173992922,0.0175658617,0.0166323991,0.0170680346,1091020963.63,1138131914.96242,2019-11-19 23:59:59.999000+00:00,TRON_01_01_2019-01_01_2020_historical_data_coinmarketcap.csv,TRON,2019,11,19,0,23,2,13
2019-11-18 00:00:00+00:00,2019-11-18 23:59:59.999000+00:00,2019-11-18 01:53:03+00:00,2019-11-18 18:39:04+00:00,2781,0.0188882117,0.0189164203,0.0172018717,0.0173972175,991930690.7,1160082510.98396,2019-11-18 23:59:59.999000+00:00,TRON_01_01_2019-01_01_2020_historical_data_coinmarketcap.csv,TRON,2019,11,18,0,23,1,18
2019-11-17 00:00:00+00:00,2019-11-17 23:59:59.999000+00:00,2019-11-17 22:09:02+00:00,2019-11-17 08:09:03+00:00,2781,0.0187966241,0.0191962917,0.0184680102,0.0188928219,896891601.94,1259812513.04155,2019-11-17 23:59:59.999000+00:00,TRON_01_01_2019-01_01_2020_historical_data_coinmarketcap.csv,TRON,2019,11,17,0,23,22,8
2019-11-16 00:00:00+00:00,2019-11-16 23:59:59.999000+00:00,2019-11-16 10:45:02+00:00,2019-11-16 00:35:03+00:00,2781,0.0186113951,0.0188849286,0.0185412884,0.0187944695,884418647.62,1253254175.12545,2019-11-16 23:59:59.999000+00:00,TRON_01_01_2019-01_01_2020_historical_data_coinmarketcap.csv,TRON,2019,11,16,0,23,10,0
2019-11-15 00:00:00+00:00,2019-11-15 23:59:59.999000+00:00,2019-11-15 00:13:05+00:00,2019-11-15 16:33:04+00:00,2781,0.0194931126,0.0195354503,0.0184792296,0.0186171538,987509599.0,1241430395.76381,2019-11-15 23:59:59.999000+00:00,TRON_01_01_2019-01_01_2020_historical_data_coinmarketcap.csv,TRON,2019,11,15,0,23,0,16
2019-11-14 00:00:00+00:00,2019-11-14 23:59:59.999000+00:00,2019-11-14 01:55:04+00:00,2019-11-14 12:50:03+00:00,2781,0.0201140697,0.0202526883,0.0192419535,0.0195094969,1002646257.32,1300933683.13092,2019-11-14 23:59:59.999000+00:00,TRON_01_01_2019-01_01_2020_historical_data_coinmarketcap.csv,TRON,2019,11,14,0,23,1,12
2019-11-13 00:00:00+00:00,2019-11-13 23:59:59.999000+00:00,2019-11-13 20:19:06+00:00,2019-11-13 06:25:04+00:00,2781,0.0196036455,0.0202368882,0.0193581946,0.0201125111,985820300.55,1341143915.22676,2019-11-13 23:59:59.999000+00:00,TRON_01_01_2019-01_01_2020_historical_data_coinmarketcap.csv,TRON,2019,11,13,0,23,20,6
2019-11-12 00:00:00+00:00,2019-11-12 23:59:59.999000+00:00,2019-11-12 21:16:02+00:00,2019-11-12 00:06:03+00:00,2781,0.0190912288,0.0197101659,0.0190823234,0.0196135118,1016783749.5,1307869611.56822,2019-11-12 23:59:59.999000+00:00,TRON_01_01_2019-01_01_2020_historical_data_coinmarketcap.csv,TRON,2019,11,12,0,23,21,0
2019-11-11 00:00:00+00:00,2019-11-11 23:59:59.999000+00:00,2019-11-11 00:01:04+00:00,2019-11-11 10:15:01+00:00,2781,0.0194013958,0.0194060391,0.0187431808,0.0190957878,984056557.33,1273346697.99065,2019-11-11 23:59:59.999000+00:00,TRON_01_01_2019-01_01_2020_historical_data_coinmarketcap.csv,TRON,2019,11,11,0,23,0,10
2019-11-10 00:00:00+00:00,2019-11-10 23:59:59.999000+00:00,2019-11-10 17:26:01+00:00,2019-11-10 00:16:04+00:00,2781,0.0189675135,0.0195548016,0.018924124,0.019402354,1197385478.24,1293789172.92508,2019-11-10 23:59:59.999000+00:00,TRON_01_01_2019-01_01_2020_historical_data_coinmarketcap.csv,TRON,2019,11,10,0,23,17,0
2019-11-09 00:00:00+00:00,2019-11-09 23:59:59.999000+00:00,2019-11-09 07:03:01+00:00,2019-11-09 00:23:05+00:00,2781,0.0187955172,0.0191029842,0.0187618786,0.0189641569,1154702393.51,1264569279.44817,2019-11-09 23:59:59.999000+00:00,TRON_01_01_2019-01_01_2020_historical_data_coinmarketcap.csv,TRON,2019,11,9,0,23,7,0
2019-11-08 00:00:00+00:00,2019-11-08 23:59:59.999000+00:00,2019-11-08 03:04:02+00:00,2019-11-08 15:50:03+00:00,2781,0.0196025646,0.0197123484,0.0185172132,0.0187944762,1247102504.19,1253254616.04065,2019-11-08 23:59:59.999000+00:00,TRON_01_01_2019-01_01_2020_historical_data_coinmarketcap.csv,TRON,2019,11,8,0,23,3,15
2019-11-07 00:00:00+00:00,2019-11-07 23:59:59.999000+00:00,2019-11-07 00:04:01+00:00,2019-11-07 10:31:04+00:00,2781,0.0201810191,0.0202024938,0.0193149227,0.0196228523,992198179.18,1308492455.52354,2019-11-07 23:59:59.999000+00:00,TRON_01_01_2019-01_01_2020_historical_data_coinmarketcap.csv,TRON,2019,11,7,0,23,0,10
2019-11-06 00:00:00+00:00,2019-11-06 23:59:59.999000+00:00,2019-11-06 09:26:03+00:00,2019-11-06 01:16:05+00:00,2781,0.0198469277,0.0205793672,0.0196784172,0.0201878978,999616731.0,1346170856.21835,2019-11-06 23:59:59.999000+00:00,TRON_01_01_2019-01_01_2020_historical_data_coinmarketcap.csv,TRON,2019,11,6,0,23,9,1
2019-11-05 00:00:00+00:00,2019-11-05 23:59:59.999000+00:00,2019-11-05 22:08:05+00:00,2019-11-05 07:21:06+00:00,2781,0.019830982,0.0200218031,0.0194786804,0.0198523666,893103611.06,1323796944.205,2019-11-05 23:59:59.999000+00:00,TRON_01_01_2019-01_01_2020_historical_data_coinmarketcap.csv,TRON,2019,11,5,0,23,22,7
2019-11-04 00:00:00+00:00,2019-11-04 23:59:59.999000+00:00,2019-11-04 21:16:04+00:00,2019-11-04 05:08:02+00:00,2781,0.0196974376,0.0198900571,0.0188831415,0.0198309947,968918172.44,1322371820.99285,2019-11-04 23:59:59.999000+00:00,TRON_01_01_2019-01_01_2020_historical_data_coinmarketcap.csv,TRON,2019,11,4,0,23,21,5
2019-11-03 00:00:00+00:00,2019-11-03 23:59:59.999000+00:00,2019-11-03 02:33:06+00:00,2019-11-03 17:32:01+00:00,2781,0.0199669181,0.0201122374,0.0193875573,0.0196999862,854200817.26,1313635904.74529,2019-11-03 23:59:59.999000+00:00,TRON_01_01_2019-01_01_2020_historical_data_coinmarketcap.csv,TRON,2019,11,3,0,23,2,17
2019-11-02 00:00:00+00:00,2019-11-02 23:59:59.999000+00:00,2019-11-02 16:54:02+00:00,2019-11-02 00:02:02+00:00,2781,0.019673166,0.0202295961,0.0196620919,0.019957749,847828051.37,1330824058.39556,2019-11-02 23:59:59.999000+00:00,TRON_01_01_2019-01_01_2020_historical_data_coinmarketcap.csv,TRON,2019,11,2,0,23,16,0
2019-11-01 00:00:00+00:00,2019-11-01 23:59:59.999000+00:00,2019-11-01 01:25:03+00:00,2019-11-01 16:20:04+00:00,2781,0.0199023826,0.0200899781,0.0193501623,0.0196757166,868159776.84,1312017557.52604,2019-11-01 23:59:59.999000+00:00,TRON_01_01_2019-01_01_2020_historical_data_coinmarketcap.csv,TRON,2019,11,1,0,23,1,16
2019-10-31 00:00:00+00:00,2019-10-31 23:59:59.999000+00:00,2019-10-31 08:46:02+00:00,2019-10-31 10:12:01+00:00,2781,0.0200988911,0.0207262089,0.019277788,0.0198978233,1075269260.67,1326828090.57585,2019-10-31 23:59:59.999000+00:00,TRON_01_01_2019-01_01_2020_historical_data_coinmarketcap.csv,TRON,2019,10,31,0,23,8,10
2019-10-30 00:00:00+00:00,2019-10-30 23:59:59.999000+00:00,2019-10-30 01:22:05+00:00,2019-10-30 16:38:01+00:00,2781,0.0220024268,0.0228182539,0.0199510309,0.0201139334,1452165853.57,1341238757.22473,2019-10-30 23:59:59.999000+00:00,TRON_01_01_2019-01_01_2020_historical_data_coinmarketcap.csv,TRON,2019,10,30,0,23,1,16
2019-10-29 00:00:00+00:00,2019-10-29 23:59:59.999000+00:00,2019-10-29 16:04:02+00:00,2019-10-29 00:03:04+00:00,2781,0.0201876676,0.0223186903,0.020046175,0.021990974,1785310976.56,1466403716.95413,2019-10-29 23:59:59.999000+00:00,TRON_01_01_2019-01_01_2020_historical_data_coinmarketcap.csv,TRON,2019,10,29,0,23,16,0
2019-10-28 00:00:00+00:00,2019-10-28 23:59:59.999000+00:00,2019-10-28 01:12:06+00:00,2019-10-28 00:02:06+00:00,2781,0.019134433,0.021888843,0.0191203112,0.0201842809,2072365497.38,1345929676.21866,2019-10-28 23:59:59.999000+00:00,TRON_01_01_2019-01_01_2020_historical_data_coinmarketcap.csv,TRON,2019,10,28,0,23,1,0
2019-10-27 00:00:00+00:00,2019-10-27 23:59:59.999000+00:00,2019-10-27 18:58:02+00:00,2019-10-27 04:21:02+00:00,2781,0.0165889468,0.0195506314,0.0161954902,0.0191317302,1578939461.96,1275743415.00294,2019-10-27 23:59:59.999000+00:00,TRON_01_01_2019-01_01_2020_historical_data_coinmarketcap.csv,TRON,2019,10,27,0,23,18,4
2019-10-26 00:00:00+00:00,2019-10-26 23:59:59.999000+00:00,2019-10-26 02:15:02+00:00,2019-10-26 18:56:02+00:00,2781,0.017632744,0.018014558,0.0159870394,0.0165817696,1328873817.54,1105706758.06849,2019-10-26 23:59:59.999000+00:00,TRON_01_01_2019-01_01_2020_historical_data_coinmarketcap.csv,TRON,2019,10,26,0,23,2,18
2019-10-25 00:00:00+00:00,2019-10-25 23:59:59.999000+00:00,2019-10-25 23:59:01+00:00,2019-10-25 05:00:02+00:00,2781,0.0152924858,0.0176394665,0.0151239978,0.0176394665,1083716136.33,1176236181.55147,2019-10-25 23:59:59.999000+00:00,TRON_01_01_2019-01_01_2020_historical_data_coinmarketcap.csv,TRON,2019,10,25,0,23,23,5
2019-10-24 00:00:00+00:00,2019-10-24 23:59:59.999000+00:00,2019-10-24 16:53:02+00:00,2019-10-24 00:00:01+00:00,2781,0.0143262445,0.0153751997,0.0143262445,0.0152979169,810730076.34,1020096796.95001,2019-10-24 23:59:59.999000+00:00,TRON_01_01_2019-01_01_2020_historical_data_coinmarketcap.csv,TRON,2019,10,24,0,23,16,0
2019-10-23 00:00:00+00:00,2019-10-23 23:59:59.999000+00:00,2019-10-23 03:05:02+00:00,2019-10-23 16:09:05+00:00,2781,0.0151951327,0.0152447256,0.0139144914,0.0143181955,725581899.58,954766947.675303,2019-10-23 23:59:59.999000+00:00,TRON_01_01_2019-01_01_2020_historical_data_coinmarketcap.csv,TRON,2019,10,23,0,23,3,16
2019-10-22 00:00:00+00:00,2019-10-22 23:59:59.999000+00:00,2019-10-22 03:33:02+00:00,2019-10-22 23:31:05+00:00,2781,0.0155994577,0.0156917385,0.0151713246,0.0152117461,742578864.45,1014350753.88464,2019-10-22 23:59:59.999000+00:00,TRON_01_01_2019-01_01_2020_historical_data_coinmarketcap.csv,TRON,2019,10,22,0,23,3,23
2019-10-21 00:00:00+00:00,2019-10-21 23:59:59.999000+00:00,2019-10-21 11:08:06+00:00,2019-10-21 10:03:01+00:00,2781,0.0155526577,0.01572685,0.0154105415,0.0155977977,748254274.62,1040093474.30539,2019-10-21 23:59:59.999000+00:00,TRON_01_01_2019-01_01_2020_historical_data_coinmarketcap.csv,TRON,2019,10,21,0,23,11,10
2019-10-20 00:00:00+00:00,2019-10-20 23:59:59.999000+00:00,2019-10-20 22:37:04+00:00,2019-10-20 08:51:02+00:00,2781,0.0155262916,0.0155871541,0.0152254081,0.0155523707,632826319.36,1037064304.49785,2019-10-20 23:59:59.999000+00:00,TRON_01_01_2019-01_01_2020_historical_data_coinmarketcap.csv,TRON,2019,10,20,0,23,22,8
2019-10-19 00:00:00+00:00,2019-10-19 23:59:59.999000+00:00,2019-10-19 13:33:02+00:00,2019-10-19 02:13:07+00:00,2781,0.0154194553,0.0158047919,0.0152206938,0.0155248441,733897947.43,1035228775.12312,2019-10-19 23:59:59.999000+00:00,TRON_01_01_2019-01_01_2020_historical_data_coinmarketcap.csv,TRON,2019,10,19,0,23,13,2
2019-10-18 00:00:00+00:00,2019-10-18 23:59:59.999000+00:00,2019-10-18 22:37:04+00:00,2019-10-18 08:57:02+00:00,2781,0.0154421853,0.0155611715,0.0147038087,0.0154163072,626283795.14,1027991310.99551,2019-10-18 23:59:59.999000+00:00,TRON_01_01_2019-01_01_2020_historical_data_coinmarketcap.csv,TRON,2019,10,18,0,23,22,8
2019-10-17 00:00:00+00:00,2019-10-17 23:59:59.999000+00:00,2019-10-17 18:44:03+00:00,2019-10-17 04:54:02+00:00,2781,0.0152819889,0.0154626944,0.0146889097,0.0154421853,644710023.04,1029716914.75419,2019-10-17 23:59:59.999000+00:00,TRON_01_01_2019-01_01_2020_historical_data_coinmarketcap.csv,TRON,2019,10,17,0,23,18,4
2019-10-16 00:00:00+00:00,2019-10-16 23:59:59.999000+00:00,2019-10-16 01:43:04+00:00,2019-10-16 15:11:02+00:00,2781,0.0157415645,0.0158761589,0.0148480396,0.0152866085,625699157.68,1019342732.82563,2019-10-16 23:59:59.999000+00:00,TRON_01_01_2019-01_01_2020_historical_data_coinmarketcap.csv,TRON,2019,10,16,0,23,1,15
2019-10-15 00:00:00+00:00,2019-10-15 23:59:59.999000+00:00,2019-10-15 00:23:04+00:00,2019-10-15 21:12:02+00:00,2781,0.0167274131,0.0168229297,0.0155391254,0.0157442618,637965137.8,1049859999.95411,2019-10-15 23:59:59.999000+00:00,TRON_01_01_2019-01_01_2020_historical_data_coinmarketcap.csv,TRON,2019,10,15,0,23,0,21
2019-10-14 00:00:00+00:00,2019-10-14 23:59:59.999000+00:00,2019-10-14 05:44:03+00:00,2019-10-14 00:15:01+00:00,2781,0.016137771,0.0167468962,0.0160715221,0.0167317709,642336082.03,1115709151.92304,2019-10-14 23:59:59.999000+00:00,TRON_01_01_2019-01_01_2020_historical_data_coinmarketcap.csv,TRON,2019,10,14,0,23,5,0
2019-10-13 00:00:00+00:00,2019-10-13 23:59:59.999000+00:00,2019-10-13 19:48:05+00:00,2019-10-13 00:27:02+00:00,2781,0.0157316777,0.0163793792,0.0156863087,0.0161366031,622543636.11,1076022132.73148,2019-10-13 23:59:59.999000+00:00,TRON_01_01_2019-01_01_2020_historical_data_coinmarketcap.csv,TRON,2019,10,13,0,23,19,0
2019-10-12 00:00:00+00:00,2019-10-12 23:59:59.999000+00:00,2019-10-12 09:46:02+00:00,2019-10-12 20:59:01+00:00,2781,0.015998412,0.0162423663,0.015672002,0.0157412801,571352239.03,1049661173.81941,2019-10-12 23:59:59.999000+00:00,TRON_01_01_2019-01_01_2020_historical_data_coinmarketcap.csv,TRON,2019,10,12,0,23,9,20
2019-10-11 00:00:00+00:00,2019-10-11 23:59:59.999000+00:00,2019-10-11 04:40:03+00:00,2019-10-11 08:09:02+00:00,2781,0.0163190625,0.016680589,0.0158457444,0.0159933739,666304121.93,1066471311.59687,2019-10-11 23:59:59.999000+00:00,TRON_01_01_2019-01_01_2020_historical_data_coinmarketcap.csv,TRON,2019,10,11,0,23,4,8
2019-10-10 00:00:00+00:00,2019-10-10 23:59:59.999000+00:00,2019-10-10 00:24:04+00:00,2019-10-10 10:08:05+00:00,2781,0.0169824838,0.0170397835,0.0160956589,0.0163129965,659340342.97,1087784411.01789,2019-10-10 23:59:59.999000+00:00,TRON_01_01_2019-01_01_2020_historical_data_coinmarketcap.csv,TRON,2019,10,10,0,23,0,10
2019-10-09 00:00:00+00:00,2019-10-09 23:59:59.999000+00:00,2019-10-09 14:34:02+00:00,2019-10-09 02:42:02+00:00,2781,0.0170929045,0.0172817768,0.0166983462,0.0169838297,777844288.8,1132516956.68151,2019-10-09 23:59:59.999000+00:00,TRON_01_01_2019-01_01_2020_historical_data_coinmarketcap.csv,TRON,2019,10,9,0,23,14,2
2019-10-08 00:00:00+00:00,2019-10-08 23:59:59.999000+00:00,2019-10-08 23:24:02+00:00,2019-10-08 08:43:03+00:00,2781,0.0163489938,0.0172338604,0.0159488239,0.0170779664,751448971.19,1138794190.08083,2019-10-08 23:59:59.999000+00:00,TRON_01_01_2019-01_01_2020_historical_data_coinmarketcap.csv,TRON,2019,10,8,0,23,23,8
2019-10-07 00:00:00+00:00,2019-10-07 23:59:59.999000+00:00,2019-10-07 20:18:06+00:00,2019-10-07 00:43:02+00:00,2781,0.0147687766,0.0165739375,0.0146574356,0.0163550695,772577284.62,1090589922.76716,2019-10-07 23:59:59.999000+00:00,TRON_01_01_2019-01_01_2020_historical_data_coinmarketcap.csv,TRON,2019,10,7,0,23,20,0
2019-10-06 00:00:00+00:00,2019-10-06 23:59:59.999000+00:00,2019-10-06 06:11:02+00:00,2019-10-06 23:44:02+00:00,2781,0.0151122141,0.0154316971,0.0147398284,0.0147892773,647870693.94,986179655.130232,2019-10-06 23:59:59.999000+00:00,TRON_01_01_2019-01_01_2020_historical_data_coinmarketcap.csv,TRON,2019,10,6,0,23,6,23
2019-10-05 00:00:00+00:00,2019-10-05 23:59:59.999000+00:00,2019-10-05 23:50:02+00:00,2019-10-05 13:09:04+00:00,2781,0.0147092314,0.0151461015,0.0144214544,0.0151134518,605918087.13,1007796284.98908,2019-10-05 23:59:59.999000+00:00,TRON_01_01_2019-01_01_2020_historical_data_coinmarketcap.csv,TRON,2019,10,5,0,23,23,13
2019-10-04 00:00:00+00:00,2019-10-04 23:59:59.999000+00:00,2019-10-04 20:16:02+00:00,2019-10-04 05:13:03+00:00,2781,0.0143498331,0.0148143832,0.0142310907,0.0147084181,594460352.55,980787799.372579,2019-10-04 23:59:59.999000+00:00,TRON_01_01_2019-01_01_2020_historical_data_coinmarketcap.csv,TRON,2019,10,4,0,23,20,5
2019-10-03 00:00:00+00:00,2019-10-03 23:59:59.999000+00:00,2019-10-03 05:02:04+00:00,2019-10-03 15:25:04+00:00,2781,0.0144625833,0.0145100638,0.0140564304,0.0143547871,577538791.66,957206949.661036,2019-10-03 23:59:59.999000+00:00,TRON_01_01_2019-01_01_2020_historical_data_coinmarketcap.csv,TRON,2019,10,3,0,23,5,15
2019-10-02 00:00:00+00:00,2019-10-02 23:59:59.999000+00:00,2019-10-02 23:59:02+00:00,2019-10-02 06:11:05+00:00,2781,0.0140685271,0.0144674014,0.0138247824,0.0144674014,559687304.39,964716302.216216,2019-10-02 23:59:59.999000+00:00,TRON_01_01_2019-01_01_2020_historical_data_coinmarketcap.csv,TRON,2019,10,2,0,23,23,6
2019-10-01 00:00:00+00:00,2019-10-01 23:59:59.999000+00:00,2019-10-01 03:09:04+00:00,2019-10-01 19:30:03+00:00,2781,0.0145429784,0.0148392392,0.0139151381,0.0140724172,615910233.24,938377942.518565,2019-10-01 23:59:59.999000+00:00,TRON_01_01_2019-01_01_2020_historical_data_coinmarketcap.csv,TRON,2019,10,1,0,23,3,19
2019-09-30 00:00:00+00:00,2019-09-30 23:59:59.999000+00:00,2019-09-30 18:17:02+00:00,2019-09-30 07:15:01+00:00,2781,0.0133985475,0.0148563822,0.0130192806,0.0145235458,663359128.86,968460128.923902,2019-09-30 23:59:59.999000+00:00,TRON_01_01_2019-01_01_2020_historical_data_coinmarketcap.csv,TRON,2019,9,30,0,23,18,7
2019-09-29 00:00:00+00:00,2019-09-29 23:59:59.999000+00:00,2019-09-29 00:10:04+00:00,2019-09-29 13:15:02+00:00,2781,0.0136844948,0.0137279215,0.0130474785,0.0134020515,523279121.01,893676568.869941,2019-09-29 23:59:59.999000+00:00,TRON_01_01_2019-01_01_2020_historical_data_coinmarketcap.csv,TRON,2019,9,29,0,23,0,13
2019-09-28 00:00:00+00:00,2019-09-28 23:59:59.999000+00:00,2019-09-28 00:48:03+00:00,2019-09-28 12:47:06+00:00,2781,0.0137643827,0.0138923263,0.0134638964,0.0136850164,573461375.16,912545252.765579,2019-09-28 23:59:59.999000+00:00,TRON_01_01_2019-01_01_2020_historical_data_coinmarketcap.csv,TRON,2019,9,28,0,23,0,12
2019-09-27 00:00:00+00:00,2019-09-27 23:59:59.999000+00:00,2019-09-27 21:48:01+00:00,2019-09-27 01:53:04+00:00,2781,0.0128692669,0.0139251735,0.0127171246,0.013771711,730136370.92,918326229.208251,2019-09-27 23:59:59.999000+00:00,TRON_01_01_2019-01_01_2020_historical_data_coinmarketcap.csv,TRON,2019,9,27,0,23,21,1
2019-09-26 00:00:00+00:00,2019-09-26 23:59:59.999000+00:00,2019-09-26 11:31:01+00:00,2019-09-26 16:44:02+00:00,2781,0.0132483029,0.0135874324,0.0123215632,0.0128836304,597128849.95,859107169.899533,2019-09-26 23:59:59.999000+00:00,TRON_01_01_2019-01_01_2020_historical_data_coinmarketcap.csv,TRON,2019,9,26,0,23,11,16
2019-09-25 00:00:00+00:00,2019-09-25 23:59:59.999000+00:00,2019-09-25 02:02:01+00:00,2019-09-25 11:41:02+00:00,2781,0.0127972742,0.0134943436,0.0124919033,0.0132521946,702110437.99,883683793.830946,2019-09-25 23:59:59.999000+00:00,TRON_01_01_2019-01_01_2020_historical_data_coinmarketcap.csv,TRON,2019,9,25,0,23,2,11
2019-09-24 00:00:00+00:00,2019-09-24 23:59:59.999000+00:00,2019-09-24 06:18:04+00:00,2019-09-24 19:55:05+00:00,2781,0.0160742492,0.0163131086,0.0123793299,0.0127942102,736691185.25,853144451.509113,2019-09-24 23:59:59.999000+00:00,TRON_01_01_2019-01_01_2020_historical_data_coinmarketcap.csv,TRON,2019,9,24,0,23,6,19
2019-09-23 00:00:00+00:00,2019-09-23 23:59:59.999000+00:00,2019-09-23 15:18:04+00:00,2019-09-23 23:59:03+00:00,2781,0.0169242892,0.0171121183,0.0160812623,0.0160812623,618313969.21,1072331896.10468,2019-09-23 23:59:59.999000+00:00,TRON_01_01_2019-01_01_2020_historical_data_coinmarketcap.csv,TRON,2019,9,23,0,23,15,23
2019-09-22 00:00:00+00:00,2019-09-22 23:59:59.999000+00:00,2019-09-22 00:00:04+00:00,2019-09-22 18:06:01+00:00,2781,0.0182272026,0.0182272026,0.016601746,0.0169205979,652943017.21,1128300529.76257,2019-09-22 23:59:59.999000+00:00,TRON_01_01_2019-01_01_2020_historical_data_coinmarketcap.csv,TRON,2019,9,22,0,23,0,18
2019-09-21 00:00:00+00:00,2019-09-21 23:59:59.999000+00:00,2019-09-21 20:10:03+00:00,2019-09-21 11:08:01+00:00,2781,0.0173947132,0.0185095869,0.0172209162,0.0182269418,651793485.39,1215410248.92271,2019-09-21 23:59:59.999000+00:00,TRON_01_01_2019-01_01_2020_historical_data_coinmarketcap.csv,TRON,2019,9,21,0,23,20,11
2019-09-20 00:00:00+00:00,2019-09-20 23:59:59.999000+00:00,2019-09-20 00:07:02+00:00,2019-09-20 20:28:01+00:00,2781,0.0176423385,0.0176999878,0.0171025851,0.0173926749,616635633.25,1159779602.52318,2019-09-20 23:59:59.999000+00:00,TRON_01_01_2019-01_01_2020_historical_data_coinmarketcap.csv,TRON,2019,9,20,0,23,0,20
2019-09-19 00:00:00+00:00,2019-09-19 23:59:59.999000+00:00,2019-09-19 00:00:05+00:00,2019-09-19 03:33:03+00:00,2781,0.0180083588,0.0180083588,0.0166443189,0.0176509232,736829335.47,1177000134.56714,2019-09-19 23:59:59.999000+00:00,TRON_01_01_2019-01_01_2020_historical_data_coinmarketcap.csv,TRON,2019,9,19,0,23,0,3
2019-09-18 00:00:00+00:00,2019-09-18 23:59:59.999000+00:00,2019-09-18 14:43:01+00:00,2019-09-18 00:02:06+00:00,2781,0.0167893057,0.018552816,0.016767124,0.0180172072,799716562.16,1201424708.34382,2019-09-18 23:59:59.999000+00:00,TRON_01_01_2019-01_01_2020_historical_data_coinmarketcap.csv,TRON,2019,9,18,0,23,14,0
2019-09-17 00:00:00+00:00,2019-09-17 23:59:59.999000+00:00,2019-09-17 21:27:05+00:00,2019-09-17 00:06:03+00:00,2781,0.0156899984,0.0172870265,0.0156891686,0.0167853756,667459151.78,1119283625.41181,2019-09-17 23:59:59.999000+00:00,TRON_01_01_2019-01_01_2020_historical_data_coinmarketcap.csv,TRON,2019,9,17,0,23,21,0
2019-09-16 00:00:00+00:00,2019-09-16 23:59:59.999000+00:00,2019-09-16 03:14:03+00:00,2019-09-16 14:08:02+00:00,2781,0.0155915919,0.0158339472,0.0154370669,0.0156899102,527588255.16,1046235725.87994,2019-09-16 23:59:59.999000+00:00,TRON_01_01_2019-01_01_2020_historical_data_coinmarketcap.csv,TRON,2019,9,16,0,23,3,14
2019-09-15 00:00:00+00:00,2019-09-15 23:59:59.999000+00:00,2019-09-15 10:59:01+00:00,2019-09-15 18:27:01+00:00,2781,0.0158058439,0.0160414298,0.015474663,0.015592298,554916296.04,1039726738.83202,2019-09-15 23:59:59.999000+00:00,TRON_01_01_2019-01_01_2020_historical_data_coinmarketcap.csv,TRON,2019,9,15,0,23,10,18
2019-09-14 00:00:00+00:00,2019-09-14 23:59:59.999000+00:00,2019-09-14 17:42:01+00:00,2019-09-14 13:16:05+00:00,2781,0.0155281118,0.0159217066,0.0152252938,0.0158078325,565011950.06,1054099026.92766,2019-09-14 23:59:59.999000+00:00,TRON_01_01_2019-01_01_2020_historical_data_coinmarketcap.csv,TRON,2019,9,14,0,23,17,13
2019-09-13 00:00:00+00:00,2019-09-13 23:59:59.999000+00:00,2019-09-13 23:47:08+00:00,2019-09-13 08:57:01+00:00,2781,0.0148652961,0.015565123,0.0147502748,0.0155158967,510685257.43,1034632145.63078,2019-09-13 23:59:59.999000+00:00,TRON_01_01_2019-01_01_2020_historical_data_coinmarketcap.csv,TRON,2019,9,13,0,23,23,8
2019-09-12 00:00:00+00:00,2019-09-12 23:59:59.999000+00:00,2019-09-12 11:02:03+00:00,2019-09-12 06:50:03+00:00,2781,0.0149572705,0.0150084425,0.0145544626,0.0148643718,525523848.1,991187112.160446,2019-09-12 23:59:59.999000+00:00,TRON_01_01_2019-01_01_2020_historical_data_coinmarketcap.csv,TRON,2019,9,12,0,23,11,6
2019-09-11 00:00:00+00:00,2019-09-11 23:59:59.999000+00:00,2019-09-11 01:00:04+00:00,2019-09-11 21:57:03+00:00,2781,0.0156229568,0.0157096785,0.0148588919,0.0149551242,538549615.6,997238672.442629,2019-09-11 23:59:59.999000+00:00,TRON_01_01_2019-01_01_2020_historical_data_coinmarketcap.csv,TRON,2019,9,11,0,23,1,21
2019-09-10 00:00:00+00:00,2019-09-10 23:59:59.999000+00:00,2019-09-10 02:38:05+00:00,2019-09-10 20:49:02+00:00,2781,0.0157422888,0.0161533267,0.0154749572,0.0156226964,550196165.12,1041753771.43632,2019-09-10 23:59:59.999000+00:00,TRON_01_01_2019-01_01_2020_historical_data_coinmarketcap.csv,TRON,2019,9,10,0,23,2,20
2019-09-09 00:00:00+00:00,2019-09-09 23:59:59.999000+00:00,2019-09-09 09:55:02+00:00,2019-09-09 07:39:02+00:00,2781,0.0158395522,0.0160204997,0.0152901383,0.0157415649,669187813.5,1049680166.67398,2019-09-09 23:59:59.999000+00:00,TRON_01_01_2019-01_01_2020_historical_data_coinmarketcap.csv,TRON,2019,9,9,0,23,9,7
2019-09-08 00:00:00+00:00,2019-09-08 23:59:59.999000+00:00,2019-09-08 04:04:02+00:00,2019-09-08 00:04:03+00:00,2781,0.0154364496,0.0160910175,0.0154225748,0.0158404731,565551912.16,1056275571.47362,2019-09-08 23:59:59.999000+00:00,TRON_01_01_2019-01_01_2020_historical_data_coinmarketcap.csv,TRON,2019,9,8,0,23,4,0
2019-09-07 00:00:00+00:00,2019-09-07 23:59:59.999000+00:00,2019-09-07 22:31:01+00:00,2019-09-07 00:07:06+00:00,2781,0.0142617566,0.0156755611,0.0142098555,0.0154336108,527720264.12,1029145148.47266,2019-09-07 23:59:59.999000+00:00,TRON_01_01_2019-01_01_2020_historical_data_coinmarketcap.csv,TRON,2019,9,7,0,23,22,0
2019-09-06 00:00:00+00:00,2019-09-06 23:59:59.999000+00:00,2019-09-06 11:18:02+00:00,2019-09-06 20:42:01+00:00,2781,0.0150056302,0.0150867009,0.0140534134,0.0142562993,465868869.39,950639582.265535,2019-09-06 23:59:59.999000+00:00,TRON_01_01_2019-01_01_2020_historical_data_coinmarketcap.csv,TRON,2019,9,6,0,23,11,20
2019-09-05 00:00:00+00:00,2019-09-05 23:59:59.999000+00:00,2019-09-05 01:01:01+00:00,2019-09-05 18:12:05+00:00,2781,0.0155907521,0.0156133259,0.0146911258,0.0150089962,441122940.55,1000830966.26842,2019-09-05 23:59:59.999000+00:00,TRON_01_01_2019-01_01_2020_historical_data_coinmarketcap.csv,TRON,2019,9,5,0,23,1,18
2019-09-04 00:00:00+00:00,2019-09-04 23:59:59.999000+00:00,2019-09-04 00:20:05+00:00,2019-09-04 23:36:04+00:00,2781,0.0159608183,0.0159721901,0.0154994546,0.0155926104,407752909.51,1039747569.38449,2019-09-04 23:59:59.999000+00:00,TRON_01_01_2019-01_01_2020_historical_data_coinmarketcap.csv,TRON,2019,9,4,0,23,0,23
2019-09-03 00:00:00+00:00,2019-09-03 23:59:59.999000+00:00,2019-09-03 17:40:02+00:00,2019-09-03 10:03:05+00:00,2781,0.0159348781,0.0160936708,0.0157388678,0.0159494243,422623093.26,1063540664.49765,2019-09-03 23:59:59.999000+00:00,TRON_01_01_2019-01_01_2020_historical_data_coinmarketcap.csv,TRON,2019,9,3,0,23,17,10
2019-09-02 00:00:00+00:00,2019-09-02 23:59:59.999000+00:00,2019-09-02 20:37:02+00:00,2019-09-02 04:55:04+00:00,2781,0.0156078932,0.0161010639,0.0152696368,0.0159241299,458500298.33,1061853981.71086,2019-09-02 23:59:59.999000+00:00,TRON_01_01_2019-01_01_2020_historical_data_coinmarketcap.csv,TRON,2019,9,2,0,23,20,4
2019-09-01 00:00:00+00:00,2019-09-01 23:59:59.999000+00:00,2019-09-01 23:24:02+00:00,2019-09-01 11:43:03+00:00,2781,0.0155709289,0.0156861266,0.0154150733,0.0156250794,424372233.76,1041912670.74674,2019-09-01 23:59:59.999000+00:00,TRON_01_01_2019-01_01_2020_historical_data_coinmarketcap.csv,TRON,2019,9,1,0,23,23,11
2019-08-31 00:00:00+00:00,2019-08-31 23:59:59.999000+00:00,2019-08-31 01:29:02+00:00,2019-08-31 21:16:03+00:00,2781,0.0156078386,0.0156976539,0.0152512515,0.015559779,467796843.52,1037558304.43307,2019-08-31 23:59:59.999000+00:00,TRON_01_01_2019-01_01_2020_historical_data_coinmarketcap.csv,TRON,2019,8,31,0,23,1,21
2019-08-30 00:00:00+00:00,2019-08-30 23:59:59.999000+00:00,2019-08-30 14:11:01+00:00,2019-08-30 01:26:04+00:00,2781,0.0155380753,0.0158080794,0.0152648189,0.0156064761,439318789.56,1040672168.77421,2019-08-30 23:59:59.999000+00:00,TRON_01_01_2019-01_01_2020_historical_data_coinmarketcap.csv,TRON,2019,8,30,0,23,14,1
2019-08-29 00:00:00+00:00,2019-08-29 23:59:59.999000+00:00,2019-08-29 00:01:01+00:00,2019-08-29 07:47:01+00:00,2781,0.016000354,0.0160043036,0.0151370917,0.0155333692,481464078.77,1035797245.70325,2019-08-29 23:59:59.999000+00:00,TRON_01_01_2019-01_01_2020_historical_data_coinmarketcap.csv,TRON,2019,8,29,0,23,0,7
2019-08-28 00:00:00+00:00,2019-08-28 23:59:59.999000+00:00,2019-08-28 00:59:02+00:00,2019-08-28 18:34:02+00:00,2781,0.017616623,0.0176739017,0.0158239082,0.0160002847,485624918.12,1066932137.82798,2019-08-28 23:59:59.999000+00:00,TRON_01_01_2019-01_01_2020_historical_data_coinmarketcap.csv,TRON,2019,8,28,0,23,0,18
2019-08-27 00:00:00+00:00,2019-08-27 23:59:59.999000+00:00,2019-08-27 00:02:07+00:00,2019-08-27 12:33:05+00:00,2781,0.0177193033,0.0177235092,0.0173433286,0.0176109195,461705867.82,1174332606.92961,2019-08-27 23:59:59.999000+00:00,TRON_01_01_2019-01_01_2020_historical_data_coinmarketcap.csv,TRON,2019,8,27,0,23,0,12
2019-08-26 00:00:00+00:00,2019-08-26 23:59:59.999000+00:00,2019-08-26 02:54:02+00:00,2019-08-26 00:06:04+00:00,2781,0.0175615558,0.0179606248,0.0174669553,0.0177166385,491414307.65,1181382165.49215,2019-08-26 23:59:59.999000+00:00,TRON_01_01_2019-01_01_2020_historical_data_coinmarketcap.csv,TRON,2019,8,26,0,23,2,0
2019-08-25 00:00:00+00:00,2019-08-25 23:59:59.999000+00:00,2019-08-25 10:34:02+00:00,2019-08-25 21:42:02+00:00,2781,0.0177895877,0.0183183059,0.0175049653,0.0175670213,482224129.2,1171405384.61495,2019-08-25 23:59:59.999000+00:00,TRON_01_01_2019-01_01_2020_historical_data_coinmarketcap.csv,TRON,2019,8,25,0,23,10,21
2019-08-24 00:00:00+00:00,2019-08-24 23:59:59.999000+00:00,2019-08-24 01:28:05+00:00,2019-08-24 16:07:02+00:00,2781,0.0180851039,0.0182214955,0.0174361936,0.0178009814,487645267.3,1187006326.67254,2019-08-24 23:59:59.999000+00:00,TRON_01_01_2019-01_01_2020_historical_data_coinmarketcap.csv,TRON,2019,8,24,0,23,1,16
2019-08-23 00:00:00+00:00,2019-08-23 23:59:59.999000+00:00,2019-08-23 08:17:01+00:00,2019-08-23 00:11:01+00:00,2781,0.0175004144,0.0183771659,0.0174075078,0.0180829371,490595580.39,1205807717.48149,2019-08-23 23:59:59.999000+00:00,TRON_01_01_2019-01_01_2020_historical_data_coinmarketcap.csv,TRON,2019,8,23,0,23,8,0
2019-08-22 00:00:00+00:00,2019-08-22 23:59:59.999000+00:00,2019-08-22 22:15:03+00:00,2019-08-22 02:17:02+00:00,2781,0.0166922488,0.0179791937,0.0166704155,0.0175383921,537114538.04,1169496328.25331,2019-08-22 23:59:59.999000+00:00,TRON_01_01_2019-01_01_2020_historical_data_coinmarketcap.csv,TRON,2019,8,22,0,23,22,2
2019-08-21 00:00:00+00:00,2019-08-21 23:59:59.999000+00:00,2019-08-21 00:02:05+00:00,2019-08-21 12:54:01+00:00,2781,0.0176016211,0.0176108219,0.0163707417,0.0166897603,469160737.06,1112907798.94791,2019-08-21 23:59:59.999000+00:00,TRON_01_01_2019-01_01_2020_historical_data_coinmarketcap.csv,TRON,2019,8,21,0,23,0,12
2019-08-20 00:00:00+00:00,2019-08-20 23:59:59.999000+00:00,2019-08-20 00:33:03+00:00,2019-08-20 20:27:04+00:00,2781,0.0180799386,0.0181038602,0.0173909498,0.0176000374,366355787.55,1173606965.67842,2019-08-20 23:59:59.999000+00:00,TRON_01_01_2019-01_01_2020_historical_data_coinmarketcap.csv,TRON,2019,8,20,0,23,0,20
2019-08-19 00:00:00+00:00,2019-08-19 23:59:59.999000+00:00,2019-08-19 12:00:03+00:00,2019-08-19 00:31:02+00:00,2781,0.0178316676,0.0183290304,0.0176951872,0.0180830627,398770744.36,1205816091.94957,2019-08-19 23:59:59.999000+00:00,TRON_01_01_2019-01_01_2020_historical_data_coinmarketcap.csv,TRON,2019,8,19,0,23,12,0
2019-08-18 00:00:00+00:00,2019-08-18 23:59:59.999000+00:00,2019-08-18 17:20:02+00:00,2019-08-18 04:40:01+00:00,2781,0.016942972,0.0182378062,0.0167697008,0.0178328548,386511456.0,1189131713.72628,2019-08-18 23:59:59.999000+00:00,TRON_01_01_2019-01_01_2020_historical_data_coinmarketcap.csv,TRON,2019,8,18,0,23,17,4
2019-08-17 00:00:00+00:00,2019-08-17 23:59:59.999000+00:00,2019-08-17 13:53:03+00:00,2019-08-17 21:56:01+00:00,2781,0.0169734707,0.0173394945,0.0167578393,0.0169411805,359367689.27,1129673021.26857,2019-08-17 23:59:59.999000+00:00,TRON_01_01_2019-01_01_2020_historical_data_coinmarketcap.csv,TRON,2019,8,17,0,23,13,21
2019-08-16 00:00:00+00:00,2019-08-16 23:59:59.999000+00:00,2019-08-16 02:21:03+00:00,2019-08-16 11:50:01+00:00,2781,0.017608893,0.0176923015,0.0166914812,0.0169677962,444447812.02,1131447808.37672,2019-08-16 23:59:59.999000+00:00,TRON_01_01_2019-01_01_2020_historical_data_coinmarketcap.csv,TRON,2019,8,16,0,23,2,11
2019-08-15 00:00:00+00:00,2019-08-15 23:59:59.999000+00:00,2019-08-15 00:46:03+00:00,2019-08-15 06:29:02+00:00,2781,0.0177194909,0.0179963553,0.0165421291,0.0176080426,564505966.3,1174140765.70196,2019-08-15 23:59:59.999000+00:00,TRON_01_01_2019-01_01_2020_historical_data_coinmarketcap.csv,TRON,2019,8,15,0,23,0,6
2019-08-14 00:00:00+00:00,2019-08-14 23:59:59.999000+00:00,2019-08-14 00:09:03+00:00,2019-08-14 23:51:05+00:00,2781,0.0203229395,0.0204312988,0.0176787407,0.0177037254,483213275.85,1180521094.9328,2019-08-14 23:59:59.999000+00:00,TRON_01_01_2019-01_01_2020_historical_data_coinmarketcap.csv,TRON,2019,8,14,0,23,0,23
2019-08-13 00:00:00+00:00,2019-08-13 23:59:59.999000+00:00,2019-08-13 00:28:07+00:00,2019-08-13 18:34:08+00:00,2781,0.0206781182,0.0207203216,0.0200414343,0.0203252374,440513693.99,1355328946.76061,2019-08-13 23:59:59.999000+00:00,TRON_01_01_2019-01_01_2020_historical_data_coinmarketcap.csv,TRON,2019,8,13,0,23,0,18
2019-08-12 00:00:00+00:00,2019-08-12 23:59:59.999000+00:00,2019-08-12 14:45:01+00:00,2019-08-12 07:37:06+00:00,2781,0.0207124595,0.020999331,0.0204171275,0.0206766533,460097012.99,1378762089.42747,2019-08-12 23:59:59.999000+00:00,TRON_01_01_2019-01_01_2020_historical_data_coinmarketcap.csv,TRON,2019,8,12,0,23,14,7
2019-08-11 00:00:00+00:00,2019-08-11 23:59:59.999000+00:00,2019-08-11 17:59:02+00:00,2019-08-11 09:21:01+00:00,2781,0.0204600105,0.0211514775,0.0200976017,0.0207155914,452209004.2,1381358563.1828,2019-08-11 23:59:59.999000+00:00,TRON_01_01_2019-01_01_2020_historical_data_coinmarketcap.csv,TRON,2019,8,11,0,23,17,9
2019-08-10 00:00:00+00:00,2019-08-10 23:59:59.999000+00:00,2019-08-10 18:34:04+00:00,2019-08-10 11:43:07+00:00,2781,0.0197773951,0.0205998305,0.0196634635,0.0204629739,493857969.65,1364513500.81673,2019-08-10 23:59:59.999000+00:00,TRON_01_01_2019-01_01_2020_historical_data_coinmarketcap.csv,TRON,2019,8,10,0,23,18,11
2019-08-09 00:00:00+00:00,2019-08-09 23:59:59.999000+00:00,2019-08-09 03:09:03+00:00,2019-08-09 20:49:06+00:00,2781,0.021890753,0.0219961199,0.01953243,0.0197893921,465725220.05,1319597672.52276,2019-08-09 23:59:59.999000+00:00,TRON_01_01_2019-01_01_2020_historical_data_coinmarketcap.csv,TRON,2019,8,9,0,23,3,20
2019-08-08 00:00:00+00:00,2019-08-08 23:59:59.999000+00:00,2019-08-08 08:58:01+00:00,2019-08-08 04:04:07+00:00,2781,0.0216766923,0.0223501002,0.0215994858,0.0218867287,451114467.79,1459452420.52637,2019-08-08 23:59:59.999000+00:00,TRON_01_01_2019-01_01_2020_historical_data_coinmarketcap.csv,TRON,2019,8,8,0,23,8,4
2019-08-07 00:00:00+00:00,2019-08-07 23:59:59.999000+00:00,2019-08-07 11:59:06+00:00,2019-08-07 20:38:06+00:00,2781,0.0216716997,0.022074692,0.0215410012,0.0216755977,434015911.97,1445373772.65695,2019-08-07 23:59:59.999000+00:00,TRON_01_01_2019-01_01_2020_historical_data_coinmarketcap.csv,TRON,2019,8,7,0,23,11,20
2019-08-06 00:00:00+00:00,2019-08-06 23:59:59.999000+00:00,2019-08-06 00:00:02+00:00,2019-08-06 23:17:06+00:00,2781,0.0230804982,0.0230804982,0.0215452541,0.021669363,464780300.82,1444958025.60712,2019-08-06 23:59:59.999000+00:00,TRON_01_01_2019-01_01_2020_historical_data_coinmarketcap.csv,TRON,2019,8,6,0,23,0,23
2019-08-05 00:00:00+00:00,2019-08-05 23:59:59.999000+00:00,2019-08-05 16:02:07+00:00,2019-08-05 02:20:04+00:00,2781,0.0224095991,0.0234990825,0.0222350676,0.0230883072,469772898.69,1539576165.02705,2019-08-05 23:59:59.999000+00:00,TRON_01_01_2019-01_01_2020_historical_data_coinmarketcap.csv,TRON,2019,8,5,0,23,16,2
2019-08-04 00:00:00+00:00,2019-08-04 23:59:59.999000+00:00,2019-08-04 10:05:03+00:00,2019-08-04 05:19:06+00:00,2781,0.0219174056,0.0226604472,0.0214781181,0.0224150711,410756046.04,1494683390.07909,2019-08-04 23:59:59.999000+00:00,TRON_01_01_2019-01_01_2020_historical_data_coinmarketcap.csv,TRON,2019,8,4,0,23,10,5
2019-08-03 00:00:00+00:00,2019-08-03 23:59:59.999000+00:00,2019-08-03 23:21:01+00:00,2019-08-03 00:50:02+00:00,2781,0.0217595772,0.0220811179,0.0216356758,0.0219290657,377614598.13,1462275541.5839,2019-08-03 23:59:59.999000+00:00,TRON_01_01_2019-01_01_2020_historical_data_coinmarketcap.csv,TRON,2019,8,3,0,23,23,0
2019-08-02 00:00:00+00:00,2019-08-02 23:59:59.999000+00:00,2019-08-02 07:51:02+00:00,2019-08-02 21:08:03+00:00,2781,0.0222617172,0.0222959151,0.021590269,0.0217586713,373625483.37,1450913287.15479,2019-08-02 23:59:59.999000+00:00,TRON_01_01_2019-01_01_2020_historical_data_coinmarketcap.csv,TRON,2019,8,2,0,23,7,21
2019-08-01 00:00:00+00:00,2019-08-01 23:59:59.999000+00:00,2019-08-01 00:12:05+00:00,2019-08-01 11:12:01+00:00,2781,0.0224794771,0.0225046643,0.021914938,0.0222532273,431296973.76,1483891309.66365,2019-08-01 23:59:59.999000+00:00,TRON_01_01_2019-01_01_2020_historical_data_coinmarketcap.csv,TRON,2019,8,1,0,23,0,11
2019-07-31 00:00:00+00:00,2019-07-31 23:59:59.999000+00:00,2019-07-31 14:16:01+00:00,2019-07-31 00:01:01+00:00,2781,0.0221774052,0.0227224172,0.0221747002,0.0224794576,493826285.29,1498976815.11352,2019-07-31 23:59:59.999000+00:00,TRON_01_01_2019-01_01_2020_historical_data_coinmarketcap.csv,TRON,2019,7,31,0,23,14,0
2019-07-30 00:00:00+00:00,2019-07-30 23:59:59.999000+00:00,2019-07-30 17:00:02+00:00,2019-07-30 05:47:07+00:00,2781,0.0220549891,0.0223328623,0.0217071577,0.0221774556,393692744.7,1478838693.95378,2019-07-30 23:59:59.999000+00:00,TRON_01_01_2019-01_01_2020_historical_data_coinmarketcap.csv,TRON,2019,7,30,0,23,17,5
2019-07-29 00:00:00+00:00,2019-07-29 23:59:59.999000+00:00,2019-07-29 04:45:04+00:00,2019-07-29 18:38:03+00:00,2781,0.0223267873,0.0226084767,0.0218668147,0.0220533153,411851025.63,1470560761.12723,2019-07-29 23:59:59.999000+00:00,TRON_01_01_2019-01_01_2020_historical_data_coinmarketcap.csv,TRON,2019,7,29,0,23,4,18
2019-07-28 00:00:00+00:00,2019-07-28 23:59:59.999000+00:00,2019-07-28 15:39:04+00:00,2019-07-28 22:36:02+00:00,2781,0.0219714119,0.0227273053,0.0215754533,0.0223314419,438015796.33,1489106818.57998,2019-07-28 23:59:59.999000+00:00,TRON_01_01_2019-01_01_2020_historical_data_coinmarketcap.csv,TRON,2019,7,28,0,23,15,22
2019-07-27 00:00:00+00:00,2019-07-27 23:59:59.999000+00:00,2019-07-27 00:49:03+00:00,2019-07-27 12:41:03+00:00,2781,0.0232488385,0.0236309162,0.0217311504,0.0219455929,500070946.34,1463377611.74127,2019-07-27 23:59:59.999000+00:00,TRON_01_01_2019-01_01_2020_historical_data_coinmarketcap.csv,TRON,2019,7,27,0,23,0,12
2019-07-26 00:00:00+00:00,2019-07-26 23:59:59.999000+00:00,2019-07-26 19:49:04+00:00,2019-07-26 03:35:05+00:00,2781,0.0230702536,0.0234781152,0.0224030118,0.0232433661,469799594.6,1549915814.31756,2019-07-26 23:59:59.999000+00:00,TRON_01_01_2019-01_01_2020_historical_data_coinmarketcap.csv,TRON,2019,7,26,0,23,19,3
2019-07-25 00:00:00+00:00,2019-07-25 23:59:59.999000+00:00,2019-07-25 01:02:08+00:00,2019-07-25 20:20:02+00:00,2781,0.023905163,0.0243469628,0.0228790209,0.0230707527,527822927.77,1538405597.84485,2019-07-25 23:59:59.999000+00:00,TRON_01_01_2019-01_01_2020_historical_data_coinmarketcap.csv,TRON,2019,7,25,0,23,1,20
2019-07-24 00:00:00+00:00,2019-07-24 23:59:59.999000+00:00,2019-07-24 15:16:01+00:00,2019-07-24 04:32:02+00:00,2781,0.0242441195,0.0246125832,0.0226498438,0.0239259773,753418717.39,1595433745.275,2019-07-24 23:59:59.999000+00:00,TRON_01_01_2019-01_01_2020_historical_data_coinmarketcap.csv,TRON,2019,7,24,0,23,15,4
2019-07-23 00:00:00+00:00,2019-07-23 23:59:59.999000+00:00,2019-07-23 03:16:01+00:00,2019-07-23 15:24:04+00:00,2781,0.0265768917,0.0269056555,0.022091917,0.0243621279,1009280185.45,1624517170.52373,2019-07-23 23:59:59.999000+00:00,TRON_01_01_2019-01_01_2020_historical_data_coinmarketcap.csv,TRON,2019,7,23,0,23,3,15
2019-07-22 00:00:00+00:00,2019-07-22 23:59:59.999000+00:00,2019-07-22 03:00:02+00:00,2019-07-22 22:56:04+00:00,2781,0.0291525239,0.029868252,0.0263392698,0.0266190563,620867201.79,1775013833.28341,2019-07-22 23:59:59.999000+00:00,TRON_01_01_2019-01_01_2020_historical_data_coinmarketcap.csv,TRON,2019,7,22,0,23,3,22
2019-07-21 00:00:00+00:00,2019-07-21 23:59:59.999000+00:00,2019-07-21 09:16:04+00:00,2019-07-21 17:08:02+00:00,2781,0.0291563548,0.029794388,0.0272767075,0.0291587942,579044738.31,1944368817.05126,2019-07-21 23:59:59.999000+00:00,TRON_01_01_2019-01_01_2020_historical_data_coinmarketcap.csv,TRON,2019,7,21,0,23,9,17
2019-07-20 00:00:00+00:00,2019-07-20 23:59:59.999000+00:00,2019-07-20 22:13:04+00:00,2019-07-20 02:38:03+00:00,2781,0.0280603239,0.0307223769,0.0276825575,0.029156657,623539107.67,1944226305.2735,2019-07-20 23:59:59.999000+00:00,TRON_01_01_2019-01_01_2020_historical_data_coinmarketcap.csv,TRON,2019,7,20,0,23,22,2
2019-07-19 00:00:00+00:00,2019-07-19 23:59:59.999000+00:00,2019-07-19 23:57:01+00:00,2019-07-19 10:34:07+00:00,2781,0.0258101861,0.0280655022,0.0249860369,0.0280460188,621357651.45,1870166652.95024,2019-07-19 23:59:59.999000+00:00,TRON_01_01_2019-01_01_2020_historical_data_coinmarketcap.csv,TRON,2019,7,19,0,23,23,10
2019-07-18 00:00:00+00:00,2019-07-18 23:59:59.999000+00:00,2019-07-18 20:10:01+00:00,2019-07-18 00:48:00+00:00,2781,0.022869282,0.0261069464,0.0224203947,0.0258047055,610044767.41,1720711238.12286,2019-07-18 23:59:59.999000+00:00,TRON_01_01_2019-01_01_2020_historical_data_coinmarketcap.csv,TRON,2019,7,18,0,23,20,0
2019-07-17 00:00:00+00:00,2019-07-17 23:59:59.999000+00:00,2019-07-17 18:48:01+00:00,2019-07-17 11:52:06+00:00,2781,0.0211398189,0.0237023883,0.0204348067,0.0228691946,571051869.52,1524965286.32995,2019-07-17 23:59:59.999000+00:00,TRON_01_01_2019-01_01_2020_historical_data_coinmarketcap.csv,TRON,2019,7,17,0,23,18,11
2019-07-16 00:00:00+00:00,2019-07-16 23:59:59.999000+00:00,2019-07-16 01:19:03+00:00,2019-07-16 17:24:01+00:00,2781,0.0253975869,0.0257098035,0.0210001501,0.021201746,544125553.5,1413776358.06922,2019-07-16 23:59:59.999000+00:00,TRON_01_01_2019-01_01_2020_historical_data_coinmarketcap.csv,TRON,2019,7,16,0,23,1,17
2019-07-15 00:00:00+00:00,2019-07-15 23:59:59.999000+00:00,2019-07-15 16:04:02+00:00,2019-07-15 02:21:05+00:00,2781,0.0252997222,0.0257425468,0.0239886257,0.0254017538,624412206.11,1693841583.92052,2019-07-15 23:59:59.999000+00:00,TRON_01_01_2019-01_01_2020_historical_data_coinmarketcap.csv,TRON,2019,7,15,0,23,16,2
2019-07-14 00:00:00+00:00,2019-07-14 23:59:59.999000+00:00,2019-07-14 06:21:06+00:00,2019-07-14 23:54:08+00:00,2781,0.0284056584,0.0292642758,0.0251931759,0.0253324518,570381989.25,1689220379.49938,2019-07-14 23:59:59.999000+00:00,TRON_01_01_2019-01_01_2020_historical_data_coinmarketcap.csv,TRON,2019,7,14,0,23,6,23
2019-07-13 00:00:00+00:00,2019-07-13 23:59:59.999000+00:00,2019-07-13 02:18:01+00:00,2019-07-13 21:07:03+00:00,2781,0.0295868256,0.0296468435,0.0276331172,0.0284063783,432108329.59,1894196165.17605,2019-07-13 23:59:59.999000+00:00,TRON_01_01_2019-01_01_2020_historical_data_coinmarketcap.csv,TRON,2019,7,13,0,23,2,21
2019-07-12 00:00:00+00:00,2019-07-12 23:59:59.999000+00:00,2019-07-12 23:45:04+00:00,2019-07-12 04:37:06+00:00,2781,0.0279271741,0.0297176128,0.0277445732,0.0295860996,549684165.99,1972862429.10242,2019-07-12 23:59:59.999000+00:00,TRON_01_01_2019-01_01_2020_historical_data_coinmarketcap.csv,TRON,2019,7,12,0,23,23,4
2019-07-11 00:00:00+00:00,2019-07-11 23:59:59.999000+00:00,2019-07-11 00:00:02+00:00,2019-07-11 16:06:04+00:00,2781,0.0320972932,0.0320972932,0.0272254953,0.0279326601,688476105.02,1862607656.37249,2019-07-11 23:59:59.999000+00:00,TRON_01_01_2019-01_01_2020_historical_data_coinmarketcap.csv,TRON,2019,7,11,0,23,0,16
2019-07-10 00:00:00+00:00,2019-07-10 23:59:59.999000+00:00,2019-07-10 00:57:01+00:00,2019-07-10 15:19:02+00:00,2781,0.0343715893,0.0345589982,0.0312208671,0.0321028804,770045697.56,2140686586.00413,2019-07-10 23:59:59.999000+00:00,TRON_01_01_2019-01_01_2020_historical_data_coinmarketcap.csv,TRON,2019,7,10,0,23,0,15
2019-07-09 00:00:00+00:00,2019-07-09 23:59:59.999000+00:00,2019-07-09 09:39:02+00:00,2019-07-09 03:30:02+00:00,2781,0.0345029087,0.0351353778,0.033800976,0.0343733735,757844450.07,2292087772.8222,2019-07-09 23:59:59.999000+00:00,TRON_01_01_2019-01_01_2020_historical_data_coinmarketcap.csv,TRON,2019,7,9,0,23,9,3
2019-07-08 00:00:00+00:00,2019-07-08 23:59:59.999000+00:00,2019-07-08 09:15:06+00:00,2019-07-08 11:30:01+00:00,2781,0.0349023864,0.0354099828,0.0335951999,0.0345020264,856758104.31,2300666613.01389,2019-07-08 23:59:59.999000+00:00,TRON_01_01_2019-01_01_2020_historical_data_coinmarketcap.csv,TRON,2019,7,8,0,23,9,11
2019-07-07 00:00:00+00:00,2019-07-07 23:59:59.999000+00:00,2019-07-07 21:09:08+00:00,2019-07-07 00:11:04+00:00,2781,0.0320478867,0.0355228188,0.0320126714,0.0349327192,761416388.19,2329386104.43651,2019-07-07 23:59:59.999000+00:00,TRON_01_01_2019-01_01_2020_historical_data_coinmarketcap.csv,TRON,2019,7,7,0,23,21,0
2019-07-06 00:00:00+00:00,2019-07-06 23:59:59.999000+00:00,2019-07-06 15:29:01+00:00,2019-07-06 00:04:03+00:00,2781,0.0318450451,0.0327340366,0.0318382525,0.032047239,603802953.27,2136976307.76046,2019-07-06 23:59:59.999000+00:00,TRON_01_01_2019-01_01_2020_historical_data_coinmarketcap.csv,TRON,2019,7,6,0,23,15,0
2019-07-05 00:00:00+00:00,2019-07-05 23:59:59.999000+00:00,2019-07-05 15:15:02+00:00,2019-07-05 07:26:01+00:00,2781,0.0314059239,0.0322950685,0.0310872524,0.0318493701,787943843.47,2123781993.23812,2019-07-05 23:59:59.999000+00:00,TRON_01_01_2019-01_01_2020_historical_data_coinmarketcap.csv,TRON,2019,7,5,0,23,15,7
2019-07-04 00:00:00+00:00,2019-07-04 23:59:59.999000+00:00,2019-07-04 00:09:02+00:00,2019-07-04 23:30:02+00:00,2781,0.0329977129,0.033073226,0.0311875333,0.0314043197,659688353.52,2094105110.32317,2019-07-04 23:59:59.999000+00:00,TRON_01_01_2019-01_01_2020_historical_data_coinmarketcap.csv,TRON,2019,7,4,0,23,0,23
2019-07-03 00:00:00+00:00,2019-07-03 23:59:59.999000+00:00,2019-07-03 23:59:02+00:00,2019-07-03 17:05:01+00:00,2781,0.0319458656,0.0330134381,0.0319019216,0.0330134381,813805576.3,2201404464.16419,2019-07-03 23:59:59.999000+00:00,TRON_01_01_2019-01_01_2020_historical_data_coinmarketcap.csv,TRON,2019,7,3,0,23,23,17
2019-07-02 00:00:00+00:00,2019-07-02 23:59:59.999000+00:00,2019-07-02 00:17:03+00:00,2019-07-02 11:41:05+00:00,2781,0.032587182,0.0329015198,0.0303451597,0.0319446989,909205912.72,2130138721.23638,2019-07-02 23:59:59.999000+00:00,TRON_01_01_2019-01_01_2020_historical_data_coinmarketcap.csv,TRON,2019,7,2,0,23,0,11
2019-07-01 00:00:00+00:00,2019-07-01 23:59:59.999000+00:00,2019-07-01 03:51:01+00:00,2019-07-01 15:43:02+00:00,2781,0.0318822714,0.0332355949,0.0309568487,0.0326015644,912290261.78,2173939871.44017,2019-07-01 23:59:59.999000+00:00,TRON_01_01_2019-01_01_2020_historical_data_coinmarketcap.csv,TRON,2019,7,1,0,23,3,15
2019-06-30 00:00:00+00:00,2019-06-30 23:59:59.999000+00:00,2019-06-30 00:20:02+00:00,2019-06-30 23:59:05+00:00,2781,0.0352942714,0.0355251468,0.0319393449,0.0319393449,956413297.85,2129781704.92175,2019-06-30 23:59:59.999000+00:00,TRON_01_01_2019-01_01_2020_historical_data_coinmarketcap.csv,TRON,2019,6,30,0,23,0,23
2019-06-29 00:00:00+00:00,2019-06-29 23:59:59.999000+00:00,2019-06-29 23:53:01+00:00,2019-06-29 04:09:01+00:00,2781,0.0339644882,0.0354324912,0.0323643524,0.0353587126,971687750.69,2357792224.1677,2019-06-29 23:59:59.999000+00:00,TRON_01_01_2019-01_01_2020_historical_data_coinmarketcap.csv,TRON,2019,6,29,0,23,23,4
2019-06-28 00:00:00+00:00,2019-06-28 23:59:59.999000+00:00,2019-06-28 23:59:01+00:00,2019-06-28 03:17:02+00:00,2781,0.0322793349,0.0339433869,0.0317359047,0.0339433869,1060684355.12,2263415377.60686,2019-06-28 23:59:59.999000+00:00,TRON_01_01_2019-01_01_2020_historical_data_coinmarketcap.csv,TRON,2019,6,28,0,23,23,3
2019-06-27 00:00:00+00:00,2019-06-27 23:59:59.999000+00:00,2019-06-27 05:56:02+00:00,2019-06-27 17:31:01+00:00,2781,0.0365107486,0.0373779959,0.0299096705,0.0322508974,1123269112.16,2150556666.45039,2019-06-27 23:59:59.999000+00:00,TRON_01_01_2019-01_01_2020_historical_data_coinmarketcap.csv,TRON,2019,6,27,0,23,5,17
2019-06-26 00:00:00+00:00,2019-06-26 23:59:59.999000+00:00,2019-06-26 12:55:05+00:00,2019-06-26 21:32:01+00:00,2781,0.0385437342,0.0397715753,0.0348677734,0.0364824063,1266096120.46,2432722451.72618,2019-06-26 23:59:59.999000+00:00,TRON_01_01_2019-01_01_2020_historical_data_coinmarketcap.csv,TRON,2019,6,26,0,23,12,21
2019-06-25 00:00:00+00:00,2019-06-25 23:59:59.999000+00:00,2019-06-25 05:52:02+00:00,2019-06-25 17:06:03+00:00,2781,0.0383850073,0.0402703641,0.0376184314,0.0385574186,1026593884.57,2571088572.45299,2019-06-25 23:59:59.999000+00:00,TRON_01_01_2019-01_01_2020_historical_data_coinmarketcap.csv,TRON,2019,6,25,0,23,5,17
2019-06-24 00:00:00+00:00,2019-06-24 23:59:59.999000+00:00,2019-06-24 13:37:01+00:00,2019-06-24 00:35:02+00:00,2781,0.0374121554,0.0394036654,0.0363585027,0.0383751929,918280358.08,2558937384.73703,2019-06-24 23:59:59.999000+00:00,TRON_01_01_2019-01_01_2020_historical_data_coinmarketcap.csv,TRON,2019,6,24,0,23,13,0
2019-06-23 00:00:00+00:00,2019-06-23 23:59:59.999000+00:00,2019-06-23 18:58:01+00:00,2019-06-23 10:41:07+00:00,2781,0.0373213992,0.0383530197,0.0362291163,0.0373691983,815907332.34,2491855575.62795,2019-06-23 23:59:59.999000+00:00,TRON_01_01_2019-01_01_2020_historical_data_coinmarketcap.csv,TRON,2019,6,23,0,23,18,10
2019-06-22 00:00:00+00:00,2019-06-22 23:59:59.999000+00:00,2019-06-22 14:35:07+00:00,2019-06-22 00:01:01+00:00,2781,0.033368368,0.0376553227,0.0333550519,0.0373269057,964802346.28,2489035420.9424,2019-06-22 23:59:59.999000+00:00,TRON_01_01_2019-01_01_2020_historical_data_coinmarketcap.csv,TRON,2019,6,22,0,23,14,0
2019-06-21 00:00:00+00:00,2019-06-21 23:59:59.999000+00:00,2019-06-21 10:47:04+00:00,2019-06-21 00:03:01+00:00,2781,0.0327300579,0.033955078,0.0327040991,0.0333445017,572181169.61,2223480469.89908,2019-06-21 23:59:59.999000+00:00,TRON_01_01_2019-01_01_2020_historical_data_coinmarketcap.csv,TRON,2019,6,21,0,23,10,0
2019-06-20 00:00:00+00:00,2019-06-20 23:59:59.999000+00:00,2019-06-20 04:17:03+00:00,2019-06-20 20:14:03+00:00,2781,0.0333204958,0.0335755103,0.0323968222,0.0327272804,575073618.52,2182322871.94712,2019-06-20 23:59:59.999000+00:00,TRON_01_01_2019-01_01_2020_historical_data_coinmarketcap.csv,TRON,2019,6,20,0,23,4,20
2019-06-19 00:00:00+00:00,2019-06-19 23:59:59.999000+00:00,2019-06-19 07:25:03+00:00,2019-06-19 02:50:02+00:00,2781,0.0331195936,0.0336603233,0.0329532698,0.0333093504,517681766.32,2221136507.10123,2019-06-19 23:59:59.999000+00:00,TRON_01_01_2019-01_01_2020_historical_data_coinmarketcap.csv,TRON,2019,6,19,0,23,7,2
2019-06-18 00:00:00+00:00,2019-06-18 23:59:59.999000+00:00,2019-06-18 01:55:03+00:00,2019-06-18 17:36:02+00:00,2781,0.0339172424,0.0341247541,0.0323375536,0.0331144373,557315112.09,2208139301.94362,2019-06-18 23:59:59.999000+00:00,TRON_01_01_2019-01_01_2020_historical_data_coinmarketcap.csv,TRON,2019,6,18,0,23,1,17
2019-06-17 00:00:00+00:00,2019-06-17 23:59:59.999000+00:00,2019-06-17 22:49:01+00:00,2019-06-17 06:15:01+00:00,2781,0.0330011088,0.0340821809,0.0329485862,0.0339196884,655296485.64,2261835111.39878,2019-06-17 23:59:59.999000+00:00,TRON_01_01_2019-01_01_2020_historical_data_coinmarketcap.csv,TRON,2019,6,17,0,23,22,6
2019-06-16 00:00:00+00:00,2019-06-16 23:59:59.999000+00:00,2019-06-16 16:32:04+00:00,2019-06-16 01:22:03+00:00,2781,0.0328977163,0.0338002245,0.0326830441,0.0330098474,757904532.7,2201165026.89379,2019-06-16 23:59:59.999000+00:00,TRON_01_01_2019-01_01_2020_historical_data_coinmarketcap.csv,TRON,2019,6,16,0,23,16,1
2019-06-15 00:00:00+00:00,2019-06-15 23:59:59.999000+00:00,2019-06-15 05:13:03+00:00,2019-06-15 13:36:04+00:00,2781,0.0325536031,0.0332013193,0.032082075,0.03288966,658268516.36,2193150685.45796,2019-06-15 23:59:59.999000+00:00,TRON_01_01_2019-01_01_2020_historical_data_coinmarketcap.csv,TRON,2019,6,15,0,23,5,13
2019-06-14 00:00:00+00:00,2019-06-14 23:59:59.999000+00:00,2019-06-14 00:43:04+00:00,2019-06-14 16:57:03+00:00,2781,0.0326356851,0.0328316187,0.0310879845,0.032538144,777742705.14,2169710868.34244,2019-06-14 23:59:59.999000+00:00,TRON_01_01_2019-01_01_2020_historical_data_coinmarketcap.csv,TRON,2019,6,14,0,23,0,16
2019-06-13 00:00:00+00:00,2019-06-13 23:59:59.999000+00:00,2019-06-13 01:04:03+00:00,2019-06-13 19:47:08+00:00,2781,0.0335899525,0.0338100191,0.0325025402,0.0326206871,711198893.6,2175215011.82853,2019-06-13 23:59:59.999000+00:00,TRON_01_01_2019-01_01_2020_historical_data_coinmarketcap.csv,TRON,2019,6,13,0,23,1,19
2019-06-12 00:00:00+00:00,2019-06-12 23:59:59.999000+00:00,2019-06-12 23:59:01+00:00,2019-06-12 01:07:02+00:00,2781,0.0313175698,0.0336231009,0.0311836842,0.0336231009,768394832.73,2242058040.89238,2019-06-12 23:59:59.999000+00:00,TRON_01_01_2019-01_01_2020_historical_data_coinmarketcap.csv,TRON,2019,6,12,0,23,23,1
2019-06-11 00:00:00+00:00,2019-06-11 23:59:59.999000+00:00,2019-06-11 00:02:02+00:00,2019-06-11 16:33:07+00:00,2781,0.0317068025,0.0317220851,0.0302609361,0.0312928479,659133706.87,2086671943.98925,2019-06-11 23:59:59.999000+00:00,TRON_01_01_2019-01_01_2020_historical_data_coinmarketcap.csv,TRON,2019,6,11,0,23,0,16
2019-06-10 00:00:00+00:00,2019-06-10 23:59:59.999000+00:00,2019-06-10 23:40:02+00:00,2019-06-10 00:37:02+00:00,2781,0.0301099211,0.0317464922,0.0293833469,0.0316898892,816346516.95,2113147481.9458,2019-06-10 23:59:59.999000+00:00,TRON_01_01_2019-01_01_2020_historical_data_coinmarketcap.csv,TRON,2019,6,10,0,23,23,0
2019-06-09 00:00:00+00:00,2019-06-09 23:59:59.999000+00:00,2019-06-09 00:20:06+00:00,2019-06-09 22:37:04+00:00,2781,0.0325410614,0.0326062062,0.0295519376,0.0300860328,717761803.76,2006199008.60851,2019-06-09 23:59:59.999000+00:00,TRON_01_01_2019-01_01_2020_historical_data_coinmarketcap.csv,TRON,2019,6,9,0,23,0,22
2019-06-08 00:00:00+00:00,2019-06-08 23:59:59.999000+00:00,2019-06-08 00:59:01+00:00,2019-06-08 16:51:02+00:00,2781,0.0338577691,0.0339627585,0.032255996,0.0325442225,686969778.5,2170116195.63166,2019-06-08 23:59:59.999000+00:00,TRON_01_01_2019-01_01_2020_historical_data_coinmarketcap.csv,TRON,2019,6,8,0,23,0,16
2019-06-07 00:00:00+00:00,2019-06-07 23:59:59.999000+00:00,2019-06-07 16:51:02+00:00,2019-06-07 05:15:04+00:00,2781,0.032826749,0.034505611,0.0324930894,0.0338609305,755133749.97,2257917009.45504,2019-06-07 23:59:59.999000+00:00,TRON_01_01_2019-01_01_2020_historical_data_coinmarketcap.csv,TRON,2019,6,7,0,23,16,5
2019-06-06 00:00:00+00:00,2019-06-06 23:59:59.999000+00:00,2019-06-06 03:51:08+00:00,2019-06-06 18:32:01+00:00,2781,0.0341802637,0.0344040637,0.0315060308,0.0328301884,874644103.06,2189184990.59219,2019-06-06 23:59:59.999000+00:00,TRON_01_01_2019-01_01_2020_historical_data_coinmarketcap.csv,TRON,2019,6,6,0,23,3,18
2019-06-05 00:00:00+00:00,2019-06-05 23:59:59.999000+00:00,2019-06-05 00:14:05+00:00,2019-06-05 15:38:05+00:00,2781,0.035061468,0.0357229542,0.0330521036,0.0342458503,1058786144.04,2283584261.96048,2019-06-05 23:59:59.999000+00:00,TRON_01_01_2019-01_01_2020_historical_data_coinmarketcap.csv,TRON,2019,6,5,0,23,0,15
2019-06-04 00:00:00+00:00,2019-06-04 23:59:59.999000+00:00,2019-06-04 13:32:02+00:00,2019-06-04 00:13:01+00:00,2781,0.0340206359,0.0360936387,0.0317499637,0.0349970988,1432646151.45,2333679070.03147,2019-06-04 23:59:59.999000+00:00,TRON_01_01_2019-01_01_2020_historical_data_coinmarketcap.csv,TRON,2019,6,4,0,23,13,0
2019-06-03 00:00:00+00:00,2019-06-03 23:59:59.999000+00:00,2019-06-03 16:11:02+00:00,2019-06-03 23:35:05+00:00,2781,0.0384123333,0.0390988003,0.0335697748,0.034115723,1452970554.38,2274907107.1152,2019-06-03 23:59:59.999000+00:00,TRON_01_01_2019-01_01_2020_historical_data_coinmarketcap.csv,TRON,2019,6,3,0,23,16,23
2019-06-02 00:00:00+00:00,2019-06-02 23:59:59.999000+00:00,2019-06-02 09:40:02+00:00,2019-06-02 18:03:02+00:00,2781,0.037490859,0.0409751445,0.0371114569,0.0384377913,1371641994.23,2563111571.32387,2019-06-02 23:59:59.999000+00:00,TRON_01_01_2019-01_01_2020_historical_data_coinmarketcap.csv,TRON,2019,6,2,0,23,9,18
2019-06-01 00:00:00+00:00,2019-06-01 23:59:59.999000+00:00,2019-06-01 16:35:01+00:00,2019-06-01 00:30:02+00:00,2781,0.0330604679,0.0390551582,0.0327098297,0.0374083282,1599163697.19,2494464841.39861,2019-06-01 23:59:59.999000+00:00,TRON_01_01_2019-01_01_2020_historical_data_coinmarketcap.csv,TRON,2019,6,1,0,23,16,0
2019-05-31 00:00:00+00:00,2019-05-31 23:59:59.999000+00:00,2019-05-31 23:59:01+00:00,2019-05-31 05:07:02+00:00,2781,0.0313019009,0.0330225505,0.0304635731,0.0330225505,855746409.91,2202012096.1451,2019-05-31 23:59:59.999000+00:00,TRON_01_01_2019-01_01_2020_historical_data_coinmarketcap.csv,TRON,2019,5,31,0,23,23,5
2019-05-30 00:00:00+00:00,2019-05-30 23:59:59.999000+00:00,2019-05-30 05:47:01+00:00,2019-05-30 21:38:03+00:00,2781,0.0337100683,0.0356956895,0.0303604674,0.0313531941,1085549023.74,2090695953.47409,2019-05-30 23:59:59.999000+00:00,TRON_01_01_2019-01_01_2020_historical_data_coinmarketcap.csv,TRON,2019,5,30,0,23,5,21
2019-05-29 00:00:00+00:00,2019-05-29 23:59:59.999000+00:00,2019-05-29 14:10:03+00:00,2019-05-29 05:51:04+00:00,2781,0.0346818807,0.0348733116,0.0321906415,0.0336927417,945010734.52,2246701834.679,2019-05-29 23:59:59.999000+00:00,TRON_01_01_2019-01_01_2020_historical_data_coinmarketcap.csv,TRON,2019,5,29,0,23,14,5
2019-05-28 00:00:00+00:00,2019-05-28 23:59:59.999000+00:00,2019-05-28 00:44:05+00:00,2019-05-28 13:34:06+00:00,2781,0.0351163369,0.0365335542,0.0329767945,0.0346945539,1300778740.9,2313504747.20141,2019-05-28 23:59:59.999000+00:00,TRON_01_01_2019-01_01_2020_historical_data_coinmarketcap.csv,TRON,2019,5,28,0,23,0,13
2019-05-27 00:00:00+00:00,2019-05-27 23:59:59.999000+00:00,2019-05-27 16:28:04+00:00,2019-05-27 02:34:03+00:00,2781,0.0314440623,0.0362812484,0.0312440758,0.0350679514,1526159935.13,2338403666.48589,2019-05-27 23:59:59.999000+00:00,TRON_01_01_2019-01_01_2020_historical_data_coinmarketcap.csv,TRON,2019,5,27,0,23,16,2
2019-05-26 00:00:00+00:00,2019-05-26 23:59:59.999000+00:00,2019-05-26 21:55:01+00:00,2019-05-26 05:59:02+00:00,2781,0.0280908576,0.0319538712,0.0275740862,0.0314295618,1145964555.89,2095788311.2122,2019-05-26 23:59:59.999000+00:00,TRON_01_01_2019-01_01_2020_historical_data_coinmarketcap.csv,TRON,2019,5,26,0,23,21,5
2019-05-25 00:00:00+00:00,2019-05-25 23:59:59.999000+00:00,2019-05-25 02:15:01+00:00,2019-05-25 17:45:02+00:00,2781,0.0280133184,0.0290753962,0.0278476877,0.0280849487,686519146.21,1872762575.41153,2019-05-25 23:59:59.999000+00:00,TRON_01_01_2019-01_01_2020_historical_data_coinmarketcap.csv,TRON,2019,5,25,0,23,2,17
2019-05-24 00:00:00+00:00,2019-05-24 23:59:59.999000+00:00,2019-05-24 11:33:01+00:00,2019-05-24 00:19:04+00:00,2781,0.0274086275,0.0286419245,0.0271507103,0.0279977555,722472479.58,1866948351.64775,2019-05-24 23:59:59.999000+00:00,TRON_01_01_2019-01_01_2020_historical_data_coinmarketcap.csv,TRON,2019,5,24,0,23,11,0
2019-05-23 00:00:00+00:00,2019-05-23 23:59:59.999000+00:00,2019-05-23 02:58:01+00:00,2019-05-23 09:34:01+00:00,2781,0.0272353005,0.0277145048,0.0260771705,0.0273864188,632341440.72,1826183152.85157,2019-05-23 23:59:59.999000+00:00,TRON_01_01_2019-01_01_2020_historical_data_coinmarketcap.csv,TRON,2019,5,23,0,23,2,9
2019-05-22 00:00:00+00:00,2019-05-22 23:59:59.999000+00:00,2019-05-22 06:16:01+00:00,2019-05-22 22:08:03+00:00,2781,0.0288561303,0.0293900666,0.0270123283,0.0272619195,717015280.66,1817881280.88771,2019-05-22 23:59:59.999000+00:00,TRON_01_01_2019-01_01_2020_historical_data_coinmarketcap.csv,TRON,2019,5,22,0,23,6,22
2019-05-21 00:00:00+00:00,2019-05-21 23:59:59.999000+00:00,2019-05-21 09:11:02+00:00,2019-05-21 04:59:04+00:00,2781,0.0285072778,0.0300784033,0.0279700802,0.0288814439,715128353.0,1925874524.55107,2019-05-21 23:59:59.999000+00:00,TRON_01_01_2019-01_01_2020_historical_data_coinmarketcap.csv,TRON,2019,5,21,0,23,9,4
2019-05-20 00:00:00+00:00,2019-05-20 23:59:59.999000+00:00,2019-05-20 00:01:01+00:00,2019-05-20 13:14:01+00:00,2781,0.0292558085,0.029270704,0.0273515098,0.0285087929,681144112.3,1901025386.41418,2019-05-20 23:59:59.999000+00:00,TRON_01_01_2019-01_01_2020_historical_data_coinmarketcap.csv,TRON,2019,5,20,0,23,0,13
2019-05-19 00:00:00+00:00,2019-05-19 23:59:59.999000+00:00,2019-05-19 23:17:04+00:00,2019-05-19 00:11:04+00:00,2781,0.02682543,0.0296397974,0.0267984567,0.0292771559,742466998.87,1952261420.5287,2019-05-19 23:59:59.999000+00:00,TRON_01_01_2019-01_01_2020_historical_data_coinmarketcap.csv,TRON,2019,5,19,0,23,23,0
2019-05-18 00:00:00+00:00,2019-05-18 23:59:59.999000+00:00,2019-05-18 04:57:04+00:00,2019-05-18 01:02:03+00:00,2781,0.0272198621,0.0278812238,0.0265779114,0.0268230333,646042340.56,1788615445.81693,2019-05-18 23:59:59.999000+00:00,TRON_01_01_2019-01_01_2020_historical_data_coinmarketcap.csv,TRON,2019,5,18,0,23,4,1
2019-05-17 00:00:00+00:00,2019-05-17 23:59:59.999000+00:00,2019-05-17 00:42:02+00:00,2019-05-17 03:13:05+00:00,2781,0.0288736515,0.0292363821,0.0252409267,0.0272198621,923659536.49,1815076809.11871,2019-05-17 23:59:59.999000+00:00,TRON_01_01_2019-01_01_2020_historical_data_coinmarketcap.csv,TRON,2019,5,17,0,23,0,3
2019-05-16 00:00:00+00:00,2019-05-16 23:59:59.999000+00:00,2019-05-16 02:52:05+00:00,2019-05-16 13:01:05+00:00,2781,0.0312862172,0.033279744,0.0278270266,0.0288565896,1184973195.19,1924217190.77811,2019-05-16 23:59:59.999000+00:00,TRON_01_01_2019-01_01_2020_historical_data_coinmarketcap.csv,TRON,2019,5,16,0,23,2,13
2019-05-15 00:00:00+00:00,2019-05-15 23:59:59.999000+00:00,2019-05-15 23:27:03+00:00,2019-05-15 00:02:04+00:00,2781,0.0274998818,0.0315642738,0.0274902814,0.0313481311,1230473115.56,2090358344.39644,2019-05-15 23:59:59.999000+00:00,TRON_01_01_2019-01_01_2020_historical_data_coinmarketcap.csv,TRON,2019,5,15,0,23,23,0
2019-05-14 00:00:00+00:00,2019-05-14 23:59:59.999000+00:00,2019-05-14 15:30:02+00:00,2019-05-14 00:05:06+00:00,2781,0.0246023067,0.0276247915,0.024504142,0.0275210978,1102232263.08,1835163831.09303,2019-05-14 23:59:59.999000+00:00,TRON_01_01_2019-01_01_2020_historical_data_coinmarketcap.csv,TRON,2019,5,14,0,23,15,0
2019-05-13 00:00:00+00:00,2019-05-13 23:59:59.999000+00:00,2019-05-13 19:05:01+00:00,2019-05-13 00:18:01+00:00,2781,0.0237539541,0.0255467547,0.0236734079,0.0246167892,865064756.89,1641498512.46773,2019-05-13 23:59:59.999000+00:00,TRON_01_01_2019-01_01_2020_historical_data_coinmarketcap.csv,TRON,2019,5,13,0,23,19,0
2019-05-12 00:00:00+00:00,2019-05-12 23:59:59.999000+00:00,2019-05-12 08:12:01+00:00,2019-05-12 15:52:08+00:00,2781,0.0252832395,0.0256750656,0.0234107079,0.0237539541,833444362.15,1583962885.26813,2019-05-12 23:59:59.999000+00:00,TRON_01_01_2019-01_01_2020_historical_data_coinmarketcap.csv,TRON,2019,5,12,0,23,8,15
2019-05-11 00:00:00+00:00,2019-05-11 23:59:59.999000+00:00,2019-05-11 23:36:03+00:00,2019-05-11 02:33:02+00:00,2781,0.0236098639,0.0264343284,0.0233789154,0.0252729005,959045066.85,1685249375.52038,2019-05-11 23:59:59.999000+00:00,TRON_01_01_2019-01_01_2020_historical_data_coinmarketcap.csv,TRON,2019,5,11,0,23,23,2
2019-05-10 00:00:00+00:00,2019-05-10 23:59:59.999000+00:00,2019-05-10 20:41:02+00:00,2019-05-10 04:08:02+00:00,2781,0.0233411561,0.0237231013,0.0224043705,0.0236130498,757106700.38,1574567092.8964,2019-05-10 23:59:59.999000+00:00,TRON_01_01_2019-01_01_2020_historical_data_coinmarketcap.csv,TRON,2019,5,10,0,23,20,4
2019-05-09 00:00:00+00:00,2019-05-09 23:59:59.999000+00:00,2019-05-09 00:01:04+00:00,2019-05-09 19:42:09+00:00,2781,0.0246372326,0.0246453021,0.023227258,0.0233682917,679478099.09,1558246116.0362,2019-05-09 23:59:59.999000+00:00,TRON_01_01_2019-01_01_2020_historical_data_coinmarketcap.csv,TRON,2019,5,9,0,23,0,19
2019-05-08 00:00:00+00:00,2019-05-08 23:59:59.999000+00:00,2019-05-08 02:21:04+00:00,2019-05-08 00:21:05+00:00,2781,0.0238677203,0.0250528362,0.0235621872,0.0246372326,794016009.09,1642861720.96242,2019-05-08 23:59:59.999000+00:00,TRON_01_01_2019-01_01_2020_historical_data_coinmarketcap.csv,TRON,2019,5,8,0,23,2,0
2019-05-07 00:00:00+00:00,2019-05-07 23:59:59.999000+00:00,2019-05-07 21:53:01+00:00,2019-05-07 15:00:03+00:00,2781,0.0238607195,0.0244158384,0.0237835075,0.0238411012,714212081.91,1589774029.02701,2019-05-07 23:59:59.999000+00:00,TRON_01_01_2019-01_01_2020_historical_data_coinmarketcap.csv,TRON,2019,5,7,0,23,21,15
2019-05-06 00:00:00+00:00,2019-05-06 23:59:59.999000+00:00,2019-05-06 18:45:03+00:00,2019-05-06 01:33:05+00:00,2781,0.0234243877,0.0242577405,0.0228995257,0.0238743284,735203031.07,1591989688.84308,2019-05-06 23:59:59.999000+00:00,TRON_01_01_2019-01_01_2020_historical_data_coinmarketcap.csv,TRON,2019,5,6,0,23,18,1
2019-05-05 00:00:00+00:00,2019-05-05 23:59:59.999000+00:00,2019-05-05 06:25:08+00:00,2019-05-05 18:10:03+00:00,2781,0.0233299202,0.0236247574,0.0229834505,0.0234214423,661532212.13,1561790308.14908,2019-05-05 23:59:59.999000+00:00,TRON_01_01_2019-01_01_2020_historical_data_coinmarketcap.csv,TRON,2019,5,5,0,23,6,18
2019-05-04 00:00:00+00:00,2019-05-04 23:59:59.999000+00:00,2019-05-04 02:49:02+00:00,2019-05-04 16:14:01+00:00,2781,0.0240730968,0.0246512793,0.0229968661,0.0234180494,709321145.22,1561564058.08531,2019-05-04 23:59:59.999000+00:00,TRON_01_01_2019-01_01_2020_historical_data_coinmarketcap.csv,TRON,2019,5,4,0,23,2,16
2019-05-03 00:00:00+00:00,2019-05-03 23:59:59.999000+00:00,2019-05-03 10:06:02+00:00,2019-05-03 08:48:01+00:00,2781,0.0236527176,0.0244605439,0.023607523,0.0240730968,751948314.49,1605243981.78888,2019-05-03 23:59:59.999000+00:00,TRON_01_01_2019-01_01_2020_historical_data_coinmarketcap.csv,TRON,2019,5,3,0,23,10,8
2019-05-02 00:00:00+00:00,2019-05-02 23:59:59.999000+00:00,2019-05-02 21:35:04+00:00,2019-05-02 22:06:03+00:00,2781,0.0238062231,0.0240252151,0.0234906007,0.023652363,669483907.53,1577188577.5033,2019-05-02 23:59:59.999000+00:00,TRON_01_01_2019-01_01_2020_historical_data_coinmarketcap.csv,TRON,2019,5,2,0,23,21,22
2019-05-01 00:00:00+00:00,2019-05-01 23:59:59.999000+00:00,2019-05-01 02:44:02+00:00,2019-05-01 15:31:04+00:00,2781,0.0239688883,0.0244207852,0.0234421509,0.0237764986,649588397.89,1585466194.90364,2019-05-01 23:59:59.999000+00:00,TRON_01_01_2019-01_01_2020_historical_data_coinmarketcap.csv,TRON,2019,5,1,0,23,2,15
2019-04-30 00:00:00+00:00,2019-04-30 23:59:59.999000+00:00,2019-04-30 23:03:05+00:00,2019-04-30 04:59:02+00:00,2781,0.0228323319,0.024287815,0.0226081506,0.0239712497,681165084.17,1598452605.87414,2019-04-30 23:59:59.999000+00:00,TRON_01_01_2019-01_01_2020_historical_data_coinmarketcap.csv,TRON,2019,4,30,0,23,23,4
2019-04-29 00:00:00+00:00,2019-04-29 23:59:59.999000+00:00,2019-04-29 05:08:05+00:00,2019-04-29 13:57:02+00:00,2781,0.0236054744,0.0237181,0.0225654429,0.0228385035,662954530.14,1522918738.6571,2019-04-29 23:59:59.999000+00:00,TRON_01_01_2019-01_01_2020_historical_data_coinmarketcap.csv,TRON,2019,4,29,0,23,5,13
2019-04-28 00:00:00+00:00,2019-04-28 23:59:59.999000+00:00,2019-04-28 12:54:01+00:00,2019-04-28 22:24:01+00:00,2781,0.0236465826,0.0238560208,0.0233478193,0.0235920743,585265493.12,1573168401.78418,2019-04-28 23:59:59.999000+00:00,TRON_01_01_2019-01_01_2020_historical_data_coinmarketcap.csv,TRON,2019,4,28,0,23,12,22
2019-04-27 00:00:00+00:00,2019-04-27 23:59:59.999000+00:00,2019-04-27 18:12:02+00:00,2019-04-27 13:08:01+00:00,2781,0.0238979733,0.0239766122,0.0233809035,0.0236431482,570435237.54,1576574113.45732,2019-04-27 23:59:59.999000+00:00,TRON_01_01_2019-01_01_2020_historical_data_coinmarketcap.csv,TRON,2019,4,27,0,23,18,13
2019-04-26 00:00:00+00:00,2019-04-26 23:59:59.999000+00:00,2019-04-26 22:33:02+00:00,2019-04-26 00:28:03+00:00,2781,0.0230364774,0.0239560579,0.0224738144,0.0238918193,694049170.6,1593156018.07952,2019-04-26 23:59:59.999000+00:00,TRON_01_01_2019-01_01_2020_historical_data_coinmarketcap.csv,TRON,2019,4,26,0,23,22,0
2019-04-25 00:00:00+00:00,2019-04-25 23:59:59.999000+00:00,2019-04-25 18:35:01+00:00,2019-04-25 22:17:01+00:00,2781,0.0234260863,0.025240129,0.0229613128,0.0229995292,642529371.47,1533656264.14207,2019-04-25 23:59:59.999000+00:00,TRON_01_01_2019-01_01_2020_historical_data_coinmarketcap.csv,TRON,2019,4,25,0,23,18,22
2019-04-24 00:00:00+00:00,2019-04-24 23:59:59.999000+00:00,2019-04-24 00:00:05+00:00,2019-04-24 18:39:01+00:00,2781,0.0244634569,0.0244634569,0.0229562306,0.0234159936,498834584.71,1561426978.35585,2019-04-24 23:59:59.999000+00:00,TRON_01_01_2019-01_01_2020_historical_data_coinmarketcap.csv,TRON,2019,4,24,0,23,0,18
2019-04-23 00:00:00+00:00,2019-04-23 23:59:59.999000+00:00,2019-04-23 08:43:02+00:00,2019-04-23 23:59:05+00:00,2781,0.0251463643,0.0253844461,0.0244668,0.0244668,454414123.81,1631496924.20595,2019-04-23 23:59:59.999000+00:00,TRON_01_01_2019-01_01_2020_historical_data_coinmarketcap.csv,TRON,2019,4,23,0,23,8,23
2019-04-22 00:00:00+00:00,2019-04-22 23:59:59.999000+00:00,2019-04-22 10:09:02+00:00,2019-04-22 04:12:03+00:00,2781,0.0250029598,0.0254429768,0.024635114,0.0251529506,386932498.21,1677250865.12865,2019-04-22 23:59:59.999000+00:00,TRON_01_01_2019-01_01_2020_historical_data_coinmarketcap.csv,TRON,2019,4,22,0,23,10,4
2019-04-21 00:00:00+00:00,2019-04-21 23:59:59.999000+00:00,2019-04-21 00:24:01+00:00,2019-04-21 12:35:03+00:00,2781,0.0261755175,0.0263831923,0.0244138046,0.0249853621,369120035.34,1666075718.60031,2019-04-21 23:59:59.999000+00:00,TRON_01_01_2019-01_01_2020_historical_data_coinmarketcap.csv,TRON,2019,4,21,0,23,0,12
2019-04-20 00:00:00+00:00,2019-04-20 23:59:59.999000+00:00,2019-04-20 08:14:01+00:00,2019-04-20 22:03:08+00:00,2781,0.0265602888,0.0266137131,0.0259209684,0.0261880184,335704353.04,1746271335.82572,2019-04-20 23:59:59.999000+00:00,TRON_01_01_2019-01_01_2020_historical_data_coinmarketcap.csv,TRON,2019,4,20,0,23,8,22
2019-04-19 00:00:00+00:00,2019-04-19 23:59:59.999000+00:00,2019-04-19 00:02:02+00:00,2019-04-19 02:55:01+00:00,2781,0.0269678104,0.0269682604,0.026279094,0.026559196,338855780.87,1771022226.15781,2019-04-19 23:59:59.999000+00:00,TRON_01_01_2019-01_01_2020_historical_data_coinmarketcap.csv,TRON,2019,4,19,0,23,0,2
2019-04-18 00:00:00+00:00,2019-04-18 23:59:59.999000+00:00,2019-04-18 04:54:02+00:00,2019-04-18 00:13:04+00:00,2781,0.0267667109,0.0272940438,0.0267267807,0.0269527095,335721876.29,1797262518.71906,2019-04-18 23:59:59.999000+00:00,TRON_01_01_2019-01_01_2020_historical_data_coinmarketcap.csv,TRON,2019,4,18,0,23,4,0
2019-04-17 00:00:00+00:00,2019-04-17 23:59:59.999000+00:00,2019-04-17 00:28:02+00:00,2019-04-17 05:55:01+00:00,2781,0.0270425923,0.0272069348,0.0265777519,0.0267753347,310344059.5,1785434802.23449,2019-04-17 23:59:59.999000+00:00,TRON_01_01_2019-01_01_2020_historical_data_coinmarketcap.csv,TRON,2019,4,17,0,23,0,5
2019-04-16 00:00:00+00:00,2019-04-16 23:59:59.999000+00:00,2019-04-16 23:57:02+00:00,2019-04-16 14:28:01+00:00,2781,0.0264944139,0.0270722483,0.0261275444,0.0270366923,288436396.71,1802862668.33207,2019-04-16 23:59:59.999000+00:00,TRON_01_01_2019-01_01_2020_historical_data_coinmarketcap.csv,TRON,2019,4,16,0,23,23,14
2019-04-15 00:00:00+00:00,2019-04-15 23:59:59.999000+00:00,2019-04-15 09:14:07+00:00,2019-04-15 20:17:10+00:00,2781,0.027061782,0.0275939953,0.026144023,0.0264914146,347818728.0,1766502420.57612,2019-04-15 23:59:59.999000+00:00,TRON_01_01_2019-01_01_2020_historical_data_coinmarketcap.csv,TRON,2019,4,15,0,23,9,20
2019-04-14 00:00:00+00:00,2019-04-14 23:59:59.999000+00:00,2019-04-14 23:10:02+00:00,2019-04-14 05:36:01+00:00,2781,0.0263165007,0.0271797881,0.026136053,0.027061782,318773006.99,1804535699.28488,2019-04-14 23:59:59.999000+00:00,TRON_01_01_2019-01_01_2020_historical_data_coinmarketcap.csv,TRON,2019,4,14,0,23,23,5
2019-04-13 00:00:00+00:00,2019-04-13 23:59:59.999000+00:00,2019-04-13 03:17:01+00:00,2019-04-13 11:57:01+00:00,2781,0.0265498342,0.0269768853,0.0260832406,0.0263174053,306242489.91,1754899119.21806,2019-04-13 23:59:59.999000+00:00,TRON_01_01_2019-01_01_2020_historical_data_coinmarketcap.csv,TRON,2019,4,13,0,23,3,11
2019-04-12 00:00:00+00:00,2019-04-12 23:59:59.999000+00:00,2019-04-12 10:40:02+00:00,2019-04-12 01:50:04+00:00,2781,0.0266710509,0.0271083845,0.025576075,0.0265583016,348382390.78,1770962584.53217,2019-04-12 23:59:59.999000+00:00,TRON_01_01_2019-01_01_2020_historical_data_coinmarketcap.csv,TRON,2019,4,12,0,23,10,1
2019-04-11 00:00:00+00:00,2019-04-11 23:59:59.999000+00:00,2019-04-11 00:03:03+00:00,2019-04-11 11:38:02+00:00,2781,0.0300998407,0.0301438257,0.0256625549,0.0267141824,523780925.91,1781357040.50463,2019-04-11 23:59:59.999000+00:00,TRON_01_01_2019-01_01_2020_historical_data_coinmarketcap.csv,TRON,2019,4,11,0,23,0,11
2019-04-10 00:00:00+00:00,2019-04-10 23:59:59.999000+00:00,2019-04-10 13:46:05+00:00,2019-04-10 21:51:01+00:00,2781,0.0299397646,0.0309867492,0.0297813579,0.0301010094,451232025.05,2007197680.46449,2019-04-10 23:59:59.999000+00:00,TRON_01_01_2019-01_01_2020_historical_data_coinmarketcap.csv,TRON,2019,4,10,0,23,13,21
2019-04-09 00:00:00+00:00,2019-04-09 23:59:59.999000+00:00,2019-04-09 08:47:01+00:00,2019-04-09 05:41:01+00:00,2781,0.0307319144,0.0310330604,0.0291478353,0.029953714,612987559.63,1997375720.19541,2019-04-09 23:59:59.999000+00:00,TRON_01_01_2019-01_01_2020_historical_data_coinmarketcap.csv,TRON,2019,4,9,0,23,8,5
2019-04-08 00:00:00+00:00,2019-04-08 23:59:59.999000+00:00,2019-04-08 15:00:01+00:00,2019-04-08 12:04:04+00:00,2781,0.0289127125,0.0317201192,0.0278180287,0.0307316913,769629474.54,2049252856.47677,2019-04-08 23:59:59.999000+00:00,TRON_01_01_2019-01_01_2020_historical_data_coinmarketcap.csv,TRON,2019,4,8,0,23,15,12
2019-04-07 00:00:00+00:00,2019-04-07 23:59:59.999000+00:00,2019-04-07 07:09:03+00:00,2019-04-07 00:17:03+00:00,2781,0.0268427686,0.0294625653,0.0266786384,0.0288946129,552496052.55,1926752662.3668,2019-04-07 23:59:59.999000+00:00,TRON_01_01_2019-01_01_2020_historical_data_coinmarketcap.csv,TRON,2019,4,7,0,23,7,0
2019-04-06 00:00:00+00:00,2019-04-06 23:59:59.999000+00:00,2019-04-06 16:07:01+00:00,2019-04-06 08:53:02+00:00,2781,0.0272413871,0.0274288515,0.0264995489,0.026859532,396057876.08,1791049252.67808,2019-04-06 23:59:59.999000+00:00,TRON_01_01_2019-01_01_2020_historical_data_coinmarketcap.csv,TRON,2019,4,6,0,23,16,8
2019-04-05 00:00:00+00:00,2019-04-05 23:59:59.999000+00:00,2019-04-05 20:24:04+00:00,2019-04-05 00:01:03+00:00,2781,0.025969261,0.0275932864,0.0259658376,0.0272391728,453160617.88,1816364486.52349,2019-04-05 23:59:59.999000+00:00,TRON_01_01_2019-01_01_2020_historical_data_coinmarketcap.csv,TRON,2019,4,5,0,23,20,0
2019-04-04 00:00:00+00:00,2019-04-04 23:59:59.999000+00:00,2019-04-04 08:35:01+00:00,2019-04-04 18:25:04+00:00,2781,0.0260111717,0.0269447789,0.025197653,0.0259821513,432565534.0,1732543686.57399,2019-04-04 23:59:59.999000+00:00,TRON_01_01_2019-01_01_2020_historical_data_coinmarketcap.csv,TRON,2019,4,4,0,23,8,18
2019-04-03 00:00:00+00:00,2019-04-03 23:59:59.999000+00:00,2019-04-03 02:55:03+00:00,2019-04-03 23:12:02+00:00,2781,0.0268698974,0.02913643,0.0253512482,0.0259440177,641811997.65,1730000858.82581,2019-04-03 23:59:59.999000+00:00,TRON_01_01_2019-01_01_2020_historical_data_coinmarketcap.csv,TRON,2019,4,3,0,23,2,23
2019-04-02 00:00:00+00:00,2019-04-02 23:59:59.999000+00:00,2019-04-02 23:21:04+00:00,2019-04-02 00:00:01+00:00,2781,0.0243411538,0.0270260636,0.0243411538,0.0268841016,671204433.21,1792687602.59855,2019-04-02 23:59:59.999000+00:00,TRON_01_01_2019-01_01_2020_historical_data_coinmarketcap.csv,TRON,2019,4,2,0,23,23,0
2019-04-01 00:00:00+00:00,2019-04-01 23:59:59.999000+00:00,2019-04-01 16:29:01+00:00,2019-04-01 00:31:05+00:00,2781,0.0235073102,0.0249325571,0.0233995585,0.0243403225,331600219.91,1623063139.52636,2019-04-01 23:59:59.999000+00:00,TRON_01_01_2019-01_01_2020_historical_data_coinmarketcap.csv,TRON,2019,4,1,0,23,16,0
2019-03-31 00:00:00+00:00,2019-03-31 23:59:59.999000+00:00,2019-03-31 23:08:02+00:00,2019-03-31 08:11:01+00:00,2781,0.0232931375,0.0235957371,0.0231514311,0.023523416,190106148.22,1568590126.54761,2019-03-31 23:59:59.999000+00:00,TRON_01_01_2019-01_01_2020_historical_data_coinmarketcap.csv,TRON,2019,3,31,0,23,23,8
2019-03-30 00:00:00+00:00,2019-03-30 23:59:59.999000+00:00,2019-03-30 05:30:02+00:00,2019-03-30 04:27:05+00:00,2781,0.0232936394,0.024287051,0.0227969896,0.0232924874,227044994.6,1553191323.61011,2019-03-30 23:59:59.999000+00:00,TRON_01_01_2019-01_01_2020_historical_data_coinmarketcap.csv,TRON,2019,3,30,0,23,5,4
2019-03-29 00:00:00+00:00,2019-03-29 23:59:59.999000+00:00,2019-03-29 04:31:05+00:00,2019-03-29 11:50:04+00:00,2781,0.0233932182,0.0239168105,0.0229984997,0.0233187284,273806472.02,1554941129.39351,2019-03-29 23:59:59.999000+00:00,TRON_01_01_2019-01_01_2020_historical_data_coinmarketcap.csv,TRON,2019,3,29,0,23,4,11
2019-03-28 00:00:00+00:00,2019-03-28 23:59:59.999000+00:00,2019-03-28 00:01:03+00:00,2019-03-28 04:44:01+00:00,2781,0.0236138302,0.0236280385,0.0231407747,0.0233823346,214311280.55,1559182526.76802,2019-03-28 23:59:59.999000+00:00,TRON_01_01_2019-01_01_2020_historical_data_coinmarketcap.csv,TRON,2019,3,28,0,23,0,4
2019-03-27 00:00:00+00:00,2019-03-27 23:59:59.999000+00:00,2019-03-27 23:23:04+00:00,2019-03-27 00:41:03+00:00,2781,0.0226729426,0.0236684422,0.022576214,0.0236229166,241360970.15,1575225029.19908,2019-03-27 23:59:59.999000+00:00,TRON_01_01_2019-01_01_2020_historical_data_coinmarketcap.csv,TRON,2019,3,27,0,23,23,0
2019-03-26 00:00:00+00:00,2019-03-26 23:59:59.999000+00:00,2019-03-26 00:23:04+00:00,2019-03-26 13:03:03+00:00,2781,0.0227629707,0.0228349576,0.0221692961,0.0226293762,226574961.09,1508973698.3483,2019-03-26 23:59:59.999000+00:00,TRON_01_01_2019-01_01_2020_historical_data_coinmarketcap.csv,TRON,2019,3,26,0,23,0,13
2019-03-25 00:00:00+00:00,2019-03-25 23:59:59.999000+00:00,2019-03-25 09:13:02+00:00,2019-03-25 19:10:03+00:00,2781,0.0234042724,0.0234905778,0.0223806918,0.0227472473,259384297.09,1516833586.37417,2019-03-25 23:59:59.999000+00:00,TRON_01_01_2019-01_01_2020_historical_data_coinmarketcap.csv,TRON,2019,3,25,0,23,9,19
2019-03-24 00:00:00+00:00,2019-03-24 23:59:59.999000+00:00,2019-03-24 00:09:01+00:00,2019-03-24 20:35:04+00:00,2781,0.0244401234,0.0245294603,0.0231433192,0.0233659479,270254346.28,1558089825.13506,2019-03-24 23:59:59.999000+00:00,TRON_01_01_2019-01_01_2020_historical_data_coinmarketcap.csv,TRON,2019,3,24,0,23,0,20
2019-03-23 00:00:00+00:00,2019-03-23 23:59:59.999000+00:00,2019-03-23 21:16:04+00:00,2019-03-23 01:24:03+00:00,2781,0.0227363072,0.0244968953,0.0226321659,0.0244038199,364384765.53,1627297279.51087,2019-03-23 23:59:59.999000+00:00,TRON_01_01_2019-01_01_2020_historical_data_coinmarketcap.csv,TRON,2019,3,23,0,23,21,1
2019-03-22 00:00:00+00:00,2019-03-22 23:59:59.999000+00:00,2019-03-22 18:26:02+00:00,2019-03-22 06:27:02+00:00,2781,0.0224470196,0.0229224633,0.0224049765,0.0227486789,174571200.08,1516929048.0353,2019-03-22 23:59:59.999000+00:00,TRON_01_01_2019-01_01_2020_historical_data_coinmarketcap.csv,TRON,2019,3,22,0,23,18,6
2019-03-21 00:00:00+00:00,2019-03-21 23:59:59.999000+00:00,2019-03-21 13:01:03+00:00,2019-03-21 19:21:02+00:00,2781,0.0230845807,0.0230979649,0.0222805109,0.0224720931,185021969.51,1498485736.55323,2019-03-21 23:59:59.999000+00:00,TRON_01_01_2019-01_01_2020_historical_data_coinmarketcap.csv,TRON,2019,3,21,0,23,13,19
2019-03-20 00:00:00+00:00,2019-03-20 23:59:59.999000+00:00,2019-03-20 00:13:03+00:00,2019-03-20 04:05:03+00:00,2781,0.023100326,0.0231251232,0.0227309265,0.0230811873,166565927.53,1539101397.65512,2019-03-20 23:59:59.999000+00:00,TRON_01_01_2019-01_01_2020_historical_data_coinmarketcap.csv,TRON,2019,3,20,0,23,0,4
2019-03-19 00:00:00+00:00,2019-03-19 23:59:59.999000+00:00,2019-03-19 22:12:02+00:00,2019-03-19 06:02:04+00:00,2781,0.0230436283,0.0231648314,0.0227515895,0.0230910481,164337836.96,1539758936.92608,2019-03-19 23:59:59.999000+00:00,TRON_01_01_2019-01_01_2020_historical_data_coinmarketcap.csv,TRON,2019,3,19,0,23,22,6
2019-03-18 00:00:00+00:00,2019-03-18 23:59:59.999000+00:00,2019-03-18 03:05:03+00:00,2019-03-18 13:47:02+00:00,2781,0.0231613555,0.0234437108,0.022767086,0.0230033842,180460923.36,1533913326.49105,2019-03-18 23:59:59.999000+00:00,TRON_01_01_2019-01_01_2020_historical_data_coinmarketcap.csv,TRON,2019,3,18,0,23,3,13
2019-03-17 00:00:00+00:00,2019-03-17 23:59:59.999000+00:00,2019-03-17 00:10:02+00:00,2019-03-17 04:50:02+00:00,2781,0.0233693293,0.0234074307,0.0230040902,0.0231397065,155662771.53,1543003579.16744,2019-03-17 23:59:59.999000+00:00,TRON_01_01_2019-01_01_2020_historical_data_coinmarketcap.csv,TRON,2019,3,17,0,23,0,4
2019-03-16 00:00:00+00:00,2019-03-16 23:59:59.999000+00:00,2019-03-16 11:18:03+00:00,2019-03-16 00:31:03+00:00,2781,0.0231659735,0.023650739,0.0230861917,0.0233741239,195407917.29,1558635014.80328,2019-03-16 23:59:59.999000+00:00,TRON_01_01_2019-01_01_2020_historical_data_coinmarketcap.csv,TRON,2019,3,16,0,23,11,0
2019-03-15 00:00:00+00:00,2019-03-15 23:59:59.999000+00:00,2019-03-15 20:43:04+00:00,2019-03-15 09:34:03+00:00,2781,0.0226258361,0.0232435195,0.0225343055,0.0231708216,141062816.29,1545078398.45187,2019-03-15 23:59:59.999000+00:00,TRON_01_01_2019-01_01_2020_historical_data_coinmarketcap.csv,TRON,2019,3,15,0,23,20,9
2019-03-14 00:00:00+00:00,2019-03-14 23:59:59.999000+00:00,2019-03-14 04:21:02+00:00,2019-03-14 01:00:01+00:00,2781,0.0223869322,0.0230114552,0.0223548821,0.0226481374,150611750.18,1510224734.84795,2019-03-14 23:59:59.999000+00:00,TRON_01_01_2019-01_01_2020_historical_data_coinmarketcap.csv,TRON,2019,3,14,0,23,4,1
2019-03-13 00:00:00+00:00,2019-03-13 23:59:59.999000+00:00,2019-03-13 20:47:03+00:00,2019-03-13 11:02:03+00:00,2781,0.0224024373,0.0226134019,0.0220922721,0.0224413094,102721070.84,1496433013.66039,2019-03-13 23:59:59.999000+00:00,TRON_01_01_2019-01_01_2020_historical_data_coinmarketcap.csv,TRON,2019,3,13,0,23,20,11
2019-03-12 00:00:00+00:00,2019-03-12 23:59:59.999000+00:00,2019-03-12 12:49:03+00:00,2019-03-12 04:32:02+00:00,2781,0.0222713984,0.0226876837,0.0218561891,0.0223991759,103129813.32,1493623463.46479,2019-03-12 23:59:59.999000+00:00,TRON_01_01_2019-01_01_2020_historical_data_coinmarketcap.csv,TRON,2019,3,12,0,23,12,4
2019-03-11 00:00:00+00:00,2019-03-11 23:59:59.999000+00:00,2019-03-11 04:13:01+00:00,2019-03-11 20:26:03+00:00,2781,0.0228920265,0.0232123449,0.0221214279,0.0222454655,150553429.89,1483373738.90954,2019-03-11 23:59:59.999000+00:00,TRON_01_01_2019-01_01_2020_historical_data_coinmarketcap.csv,TRON,2019,3,11,0,23,4,20
2019-03-10 00:00:00+00:00,2019-03-10 23:59:59.999000+00:00,2019-03-10 21:20:03+00:00,2019-03-10 11:11:03+00:00,2781,0.0229476931,0.0232066252,0.0225561812,0.0230707481,148100618.52,1538405288.60674,2019-03-10 23:59:59.999000+00:00,TRON_01_01_2019-01_01_2020_historical_data_coinmarketcap.csv,TRON,2019,3,10,0,23,21,11
2019-03-09 00:00:00+00:00,2019-03-09 23:59:59.999000+00:00,2019-03-09 22:38:03+00:00,2019-03-09 05:45:03+00:00,2781,0.0225482136,0.0230192557,0.0222304198,0.0228753344,156377581.3,1525374702.3838,2019-03-09 23:59:59.999000+00:00,TRON_01_01_2019-01_01_2020_historical_data_coinmarketcap.csv,TRON,2019,3,9,0,23,22,5
2019-03-08 00:00:00+00:00,2019-03-08 23:59:59.999000+00:00,2019-03-08 00:14:03+00:00,2019-03-08 22:53:04+00:00,2781,0.0232062376,0.0232120488,0.0225331508,0.0225635097,157215770.77,1504581580.12616,2019-03-08 23:59:59.999000+00:00,TRON_01_01_2019-01_01_2020_historical_data_coinmarketcap.csv,TRON,2019,3,8,0,23,0,22
2019-03-07 00:00:00+00:00,2019-03-07 23:59:59.999000+00:00,2019-03-07 04:33:02+00:00,2019-03-07 11:17:02+00:00,2781,0.0234255928,0.0237169514,0.0231202948,0.0231879552,140664451.06,1546220904.61114,2019-03-07 23:59:59.999000+00:00,TRON_01_01_2019-01_01_2020_historical_data_coinmarketcap.csv,TRON,2019,3,7,0,23,4,11
2019-03-06 00:00:00+00:00,2019-03-06 23:59:59.999000+00:00,2019-03-06 00:00:01+00:00,2019-03-06 14:41:01+00:00,2781,0.0239694911,0.0239878637,0.0232249907,0.0234310506,161164628.38,1562431005.90248,2019-03-06 23:59:59.999000+00:00,TRON_01_01_2019-01_01_2020_historical_data_coinmarketcap.csv,TRON,2019,3,6,0,23,0,14
2019-03-05 00:00:00+00:00,2019-03-05 23:59:59.999000+00:00,2019-03-05 18:47:01+00:00,2019-03-05 03:01:03+00:00,2781,0.0230682559,0.0240466747,0.0222701285,0.0239970955,233979256.83,1600176053.50802,2019-03-05 23:59:59.999000+00:00,TRON_01_01_2019-01_01_2020_historical_data_coinmarketcap.csv,TRON,2019,3,5,0,23,18,3
2019-03-04 00:00:00+00:00,2019-03-04 23:59:59.999000+00:00,2019-03-04 22:08:03+00:00,2019-03-04 10:37:02+00:00,2781,0.0226739869,0.0232440711,0.0210430881,0.0229369297,230202985.44,1529482001.4043,2019-03-04 23:59:59.999000+00:00,TRON_01_01_2019-01_01_2020_historical_data_coinmarketcap.csv,TRON,2019,3,4,0,23,22,10
2019-03-03 00:00:00+00:00,2019-03-03 23:59:59.999000+00:00,2019-03-03 11:36:02+00:00,2019-03-03 23:34:03+00:00,2781,0.0229342748,0.0231878632,0.0225987785,0.0227227335,114553316.06,1515198953.39909,2019-03-03 23:59:59.999000+00:00,TRON_01_01_2019-01_01_2020_historical_data_coinmarketcap.csv,TRON,2019,3,3,0,23,11,23
2019-03-02 00:00:00+00:00,2019-03-02 23:59:59.999000+00:00,2019-03-02 00:11:02+00:00,2019-03-02 17:48:03+00:00,2781,0.0236708129,0.0237003846,0.0225142851,0.0229372549,201484006.26,1529503689.08813,2019-03-02 23:59:59.999000+00:00,TRON_01_01_2019-01_01_2020_historical_data_coinmarketcap.csv,TRON,2019,3,2,0,23,0,17
2019-03-01 00:00:00+00:00,2019-03-01 23:59:59.999000+00:00,2019-03-01 22:18:02+00:00,2019-03-01 15:57:04+00:00,2781,0.0238779837,0.0240109769,0.0236656312,0.0237259486,128326436.82,1582095414.82073,2019-03-01 23:59:59.999000+00:00,TRON_01_01_2019-01_01_2020_historical_data_coinmarketcap.csv,TRON,2019,3,1,0,23,22,15
2019-02-28 00:00:00+00:00,2019-02-28 23:59:59.999000+00:00,2019-02-28 07:45:07+00:00,2019-02-28 15:38:01+00:00,2781,0.0241320488,0.0243387071,0.023736994,0.0238672365,150484767.7,1591516788.54917,2019-02-28 23:59:59.999000+00:00,TRON_01_01_2019-01_01_2020_historical_data_coinmarketcap.csv,TRON,2019,2,28,0,23,7,15
2019-02-27 00:00:00+00:00,2019-02-27 23:59:59.999000+00:00,2019-02-27 12:23:03+00:00,2019-02-27 21:09:02+00:00,2781,0.0243852127,0.0244674259,0.0236393014,0.0241306328,152193561.8,1609080600.86767,2019-02-27 23:59:59.999000+00:00,TRON_01_01_2019-01_01_2020_historical_data_coinmarketcap.csv,TRON,2019,2,27,0,23,12,21
2019-02-26 00:00:00+00:00,2019-02-26 23:59:59.999000+00:00,2019-02-26 11:04:03+00:00,2019-02-26 06:45:04+00:00,2781,0.0243437742,0.0246802239,0.0239583105,0.0244124779,159243420.82,1627874617.01952,2019-02-26 23:59:59.999000+00:00,TRON_01_01_2019-01_01_2020_historical_data_coinmarketcap.csv,TRON,2019,2,26,0,23,11,6
2019-02-25 00:00:00+00:00,2019-02-25 23:59:59.999000+00:00,2019-02-25 18:13:04+00:00,2019-02-25 00:02:02+00:00,2781,0.0237144142,0.0246610556,0.0237144142,0.0244502588,193452747.58,1630393923.18019,2019-02-25 23:59:59.999000+00:00,TRON_01_01_2019-01_01_2020_historical_data_coinmarketcap.csv,TRON,2019,2,25,0,23,18,0
2019-02-24 00:00:00+00:00,2019-02-24 23:59:59.999000+00:00,2019-02-24 07:50:07+00:00,2019-02-24 16:43:05+00:00,2781,0.0254651752,0.0271832602,0.0228047186,0.023808939,352101653.76,1587629390.49227,2019-02-24 23:59:59.999000+00:00,TRON_01_01_2019-01_01_2020_historical_data_coinmarketcap.csv,TRON,2019,2,24,0,23,7,16
2019-02-23 00:00:00+00:00,2019-02-23 23:59:59.999000+00:00,2019-02-23 23:04:01+00:00,2019-02-23 16:05:03+00:00,2781,0.0251310759,0.0255390976,0.0249248009,0.0254551687,152106378.99,1697403394.19037,2019-02-23 23:59:59.999000+00:00,TRON_01_01_2019-01_01_2020_historical_data_coinmarketcap.csv,TRON,2019,2,23,0,23,23,16
2019-02-22 00:00:00+00:00,2019-02-22 23:59:59.999000+00:00,2019-02-22 23:49:04+00:00,2019-02-22 02:18:03+00:00,2781,0.0247902761,0.0251598907,0.0247268453,0.0251576561,127494150.27,1677564639.41976,2019-02-22 23:59:59.999000+00:00,TRON_01_01_2019-01_01_2020_historical_data_coinmarketcap.csv,TRON,2019,2,22,0,23,23,2
2019-02-21 00:00:00+00:00,2019-02-21 23:59:59.999000+00:00,2019-02-21 05:52:03+00:00,2019-02-21 23:09:03+00:00,2781,0.025201296,0.025364449,0.0246426028,0.0248040446,148824563.72,1653985089.5952,2019-02-21 23:59:59.999000+00:00,TRON_01_01_2019-01_01_2020_historical_data_coinmarketcap.csv,TRON,2019,2,21,0,23,5,23
2019-02-20 00:00:00+00:00,2019-02-20 23:59:59.999000+00:00,2019-02-20 11:04:03+00:00,2019-02-20 00:54:03+00:00,2781,0.0249813493,0.0254278032,0.0244520331,0.0252275765,144523655.76,1682227079.02745,2019-02-20 23:59:59.999000+00:00,TRON_01_01_2019-01_01_2020_historical_data_coinmarketcap.csv,TRON,2019,2,20,0,23,11,0
2019-02-19 00:00:00+00:00,2019-02-19 23:59:59.999000+00:00,2019-02-19 08:34:03+00:00,2019-02-19 01:55:03+00:00,2781,0.0250082741,0.0259875469,0.0249929527,0.0249929527,200614926.7,1666581876.45103,2019-02-19 23:59:59.999000+00:00,TRON_01_01_2019-01_01_2020_historical_data_coinmarketcap.csv,TRON,2019,2,19,0,23,8,1
2019-02-18 00:00:00+00:00,2019-02-18 23:59:59.999000+00:00,2019-02-18 18:39:03+00:00,2019-02-18 00:02:01+00:00,2781,0.0238334366,0.0251769363,0.0238334366,0.0249835522,218788419.97,1665955032.37824,2019-02-18 23:59:59.999000+00:00,TRON_01_01_2019-01_01_2020_historical_data_coinmarketcap.csv,TRON,2019,2,18,0,23,18,0
2019-02-17 00:00:00+00:00,2019-02-17 23:59:59.999000+00:00,2019-02-17 10:38:04+00:00,2019-02-17 21:16:01+00:00,2781,0.0239627285,0.0241038422,0.0235633316,0.023817924,129569495.2,1588228526.74374,2019-02-17 23:59:59.999000+00:00,TRON_01_01_2019-01_01_2020_historical_data_coinmarketcap.csv,TRON,2019,2,17,0,23,10,21
2019-02-16 00:00:00+00:00,2019-02-16 23:59:59.999000+00:00,2019-02-16 16:27:03+00:00,2019-02-16 09:35:03+00:00,2781,0.0240418653,0.0241155083,0.023783685,0.0239537958,123247151.18,1597288741.30044,2019-02-16 23:59:59.999000+00:00,TRON_01_01_2019-01_01_2020_historical_data_coinmarketcap.csv,TRON,2019,2,16,0,23,16,9
2019-02-15 00:00:00+00:00,2019-02-15 23:59:59.999000+00:00,2019-02-15 13:42:01+00:00,2019-02-15 00:00:01+00:00,2781,0.0237667007,0.0246128132,0.0237474996,0.0240556047,131747206.1,1604077570.66685,2019-02-15 23:59:59.999000+00:00,TRON_01_01_2019-01_01_2020_historical_data_coinmarketcap.csv,TRON,2019,2,15,0,23,13,0
2019-02-14 00:00:00+00:00,2019-02-14 23:59:59.999000+00:00,2019-02-14 01:00:02+00:00,2019-02-14 12:42:01+00:00,2781,0.0242060327,0.0244345397,0.0234239747,0.0237258462,133232135.94,1581835916.54415,2019-02-14 23:59:59.999000+00:00,TRON_01_01_2019-01_01_2020_historical_data_coinmarketcap.csv,TRON,2019,2,14,0,23,1,12
2019-02-13 00:00:00+00:00,2019-02-13 23:59:59.999000+00:00,2019-02-13 01:05:03+00:00,2019-02-13 15:48:02+00:00,2781,0.024559811,0.0252513189,0.0239766335,0.0242090441,143707398.46,1614051409.55067,2019-02-13 23:59:59.999000+00:00,TRON_01_01_2019-01_01_2020_historical_data_coinmarketcap.csv,TRON,2019,2,13,0,23,1,15
2019-02-12 00:00:00+00:00,2019-02-12 23:59:59.999000+00:00,2019-02-12 05:44:02+00:00,2019-02-12 22:04:03+00:00,2781,0.0246378789,0.0248229484,0.0242667944,0.0245326745,156849554.06,1635628306.57697,2019-02-12 23:59:59.999000+00:00,TRON_01_01_2019-01_01_2020_historical_data_coinmarketcap.csv,TRON,2019,2,12,0,23,5,22
2019-02-11 00:00:00+00:00,2019-02-11 23:59:59.999000+00:00,2019-02-11 07:46:01+00:00,2019-02-11 16:16:03+00:00,2781,0.0258310053,0.0261133163,0.0244544853,0.024726739,224477576.5,1648566863.70929,2019-02-11 23:59:59.999000+00:00,TRON_01_01_2019-01_01_2020_historical_data_coinmarketcap.csv,TRON,2019,2,11,0,23,7,16
2019-02-10 00:00:00+00:00,2019-02-10 23:59:59.999000+00:00,2019-02-10 00:17:03+00:00,2019-02-10 08:54:03+00:00,2781,0.0262759728,0.0263131548,0.0251334133,0.0258135339,217842435.92,1721025028.58642,2019-02-10 23:59:59.999000+00:00,TRON_01_01_2019-01_01_2020_historical_data_coinmarketcap.csv,TRON,2019,2,10,0,23,0,8
2019-02-09 00:00:00+00:00,2019-02-09 23:59:59.999000+00:00,2019-02-09 00:32:03+00:00,2019-02-09 19:55:02+00:00,2781,0.0268111195,0.0274294429,0.026221507,0.0262646131,195675256.15,1751099121.20497,2019-02-09 23:59:59.999000+00:00,TRON_01_01_2019-01_01_2020_historical_data_coinmarketcap.csv,TRON,2019,2,9,0,23,0,19
2019-02-08 00:00:00+00:00,2019-02-08 23:59:59.999000+00:00,2019-02-08 17:22:02+00:00,2019-02-08 01:11:02+00:00,2781,0.0257167235,0.0272926652,0.0255774563,0.0268002411,228499103.23,1786810202.14575,2019-02-08 23:59:59.999000+00:00,TRON_01_01_2019-01_01_2020_historical_data_coinmarketcap.csv,TRON,2019,2,8,0,23,17,1
2019-02-07 00:00:00+00:00,2019-02-07 23:59:59.999000+00:00,2019-02-07 02:12:04+00:00,2019-02-07 00:17:01+00:00,2781,0.0255584441,0.0261123469,0.0255076097,0.0257020238,155638483.62,1713590488.911,2019-02-07 23:59:59.999000+00:00,TRON_01_01_2019-01_01_2020_historical_data_coinmarketcap.csv,TRON,2019,2,7,0,23,2,0
2019-02-06 00:00:00+00:00,2019-02-06 23:59:59.999000+00:00,2019-02-06 07:20:03+00:00,2019-02-06 01:51:03+00:00,2781,0.0261862514,0.0266588043,0.0253956974,0.0255746881,213275336.53,1705100839.11035,2019-02-06 23:59:59.999000+00:00,TRON_01_01_2019-01_01_2020_historical_data_coinmarketcap.csv,TRON,2019,2,6,0,23,7,1
2019-02-05 00:00:00+00:00,2019-02-05 23:59:59.999000+00:00,2019-02-05 04:39:01+00:00,2019-02-05 23:51:02+00:00,2781,0.026884381,0.027580754,0.0261097638,0.0261783136,235468419.46,1745321680.30722,2019-02-05 23:59:59.999000+00:00,TRON_01_01_2019-01_01_2020_historical_data_coinmarketcap.csv,TRON,2019,2,5,0,23,4,23
2019-02-04 00:00:00+00:00,2019-02-04 23:59:59.999000+00:00,2019-02-04 09:05:01+00:00,2019-02-04 06:10:02+00:00,2781,0.0254773587,0.0286430898,0.0251993503,0.0270582239,354502264.41,1803954238.58938,2019-02-04 23:59:59.999000+00:00,TRON_01_01_2019-01_01_2020_historical_data_coinmarketcap.csv,TRON,2019,2,4,0,23,9,6
2019-02-03 00:00:00+00:00,2019-02-03 23:59:59.999000+00:00,2019-02-03 00:09:03+00:00,2019-02-03 20:12:05+00:00,2781,0.026107928,0.0261402879,0.0252963598,0.0254416794,174803441.01,1696159965.91882,2019-02-03 23:59:59.999000+00:00,TRON_01_01_2019-01_01_2020_historical_data_coinmarketcap.csv,TRON,2019,2,3,0,23,0,20
2019-02-02 00:00:00+00:00,2019-02-02 23:59:59.999000+00:00,2019-02-02 00:24:01+00:00,2019-02-02 21:18:02+00:00,2781,0.026232009,0.0263771569,0.0257304747,0.0261117204,189382943.42,1740803993.28812,2019-02-02 23:59:59.999000+00:00,TRON_01_01_2019-01_01_2020_historical_data_coinmarketcap.csv,TRON,2019,2,2,0,23,0,21
2019-02-01 00:00:00+00:00,2019-02-01 23:59:59.999000+00:00,2019-02-01 14:11:03+00:00,2019-02-01 02:08:02+00:00,2781,0.0253248553,0.0266391741,0.0242840761,0.0262712054,266911186.05,1751407526.1674,2019-02-01 23:59:59.999000+00:00,TRON_01_01_2019-01_01_2020_historical_data_coinmarketcap.csv,TRON,2019,2,1,0,23,14,2
2019-01-31 00:00:00+00:00,2019-01-31 23:59:59.999000+00:00,2019-01-31 08:10:03+00:00,2019-01-31 23:59:04+00:00,2781,0.0273125736,0.0275621097,0.0254296832,0.0254296832,288020365.38,1695281544.53264,2019-01-31 23:59:59.999000+00:00,TRON_01_01_2019-01_01_2020_historical_data_coinmarketcap.csv,TRON,2019,1,31,0,23,8,23
2019-01-30 00:00:00+00:00,2019-01-30 23:59:59.999000+00:00,2019-01-30 11:26:05+00:00,2019-01-30 01:07:05+00:00,2781,0.0273179905,0.0281246744,0.0269732829,0.0272903371,263325495.85,1819292450.43539,2019-01-30 23:59:59.999000+00:00,TRON_01_01_2019-01_01_2020_historical_data_coinmarketcap.csv,TRON,2019,1,30,0,23,11,1
2019-01-29 00:00:00+00:00,2019-01-29 23:59:59.999000+00:00,2019-01-29 16:09:01+00:00,2019-01-29 08:03:03+00:00,2781,0.0270025027,0.0278511256,0.0261825352,0.0273405513,284671371.67,1822610017.0399,2019-01-29 23:59:59.999000+00:00,TRON_01_01_2019-01_01_2020_historical_data_coinmarketcap.csv,TRON,2019,1,29,0,23,16,8
2019-01-28 00:00:00+00:00,2019-01-28 23:59:59.999000+00:00,2019-01-28 00:01:04+00:00,2019-01-28 15:30:03+00:00,2781,0.0292480628,0.0292538965,0.0257703981,0.0268880498,470040283.83,1792414630.3529,2019-01-28 23:59:59.999000+00:00,TRON_01_01_2019-01_01_2020_historical_data_coinmarketcap.csv,TRON,2019,1,28,0,23,0,15
2019-01-27 00:00:00+00:00,2019-01-27 23:59:59.999000+00:00,2019-01-27 09:01:02+00:00,2019-01-27 01:39:05+00:00,2781,0.0287207631,0.0306868848,0.0283379733,0.0292822555,395857212.87,1951984410.96313,2019-01-27 23:59:59.999000+00:00,TRON_01_01_2019-01_01_2020_historical_data_coinmarketcap.csv,TRON,2019,1,27,0,23,9,1
2019-01-26 00:00:00+00:00,2019-01-26 23:59:59.999000+00:00,2019-01-26 13:43:05+00:00,2019-01-26 01:24:03+00:00,2781,0.0267584467,0.0290189576,0.0265804338,0.028658503,287822262.16,1910371481.11469,2019-01-26 23:59:59.999000+00:00,TRON_01_01_2019-01_01_2020_historical_data_coinmarketcap.csv,TRON,2019,1,26,0,23,13,1
2019-01-25 00:00:00+00:00,2019-01-25 23:59:59.999000+00:00,2019-01-25 04:39:04+00:00,2019-01-25 09:09:01+00:00,2781,0.0269903468,0.0271039659,0.0265406345,0.026766971,207081805.68,1784252871.86523,2019-01-25 23:59:59.999000+00:00,TRON_01_01_2019-01_01_2020_historical_data_coinmarketcap.csv,TRON,2019,1,25,0,23,4,9
2019-01-24 00:00:00+00:00,2019-01-24 23:59:59.999000+00:00,2019-01-24 13:12:04+00:00,2019-01-24 01:58:04+00:00,2781,0.026490955,0.0272187853,0.0262041313,0.0269094152,171347506.73,1793718654.28548,2019-01-24 23:59:59.999000+00:00,TRON_01_01_2019-01_01_2020_historical_data_coinmarketcap.csv,TRON,2019,1,24,0,23,13,1
2019-01-23 00:00:00+00:00,2019-01-23 23:59:59.999000+00:00,2019-01-23 14:06:07+00:00,2019-01-23 04:59:04+00:00,2781,0.0263418801,0.0272784618,0.0258611419,0.0265574923,263548454.59,1770223608.11228,2019-01-23 23:59:59.999000+00:00,TRON_01_01_2019-01_01_2020_historical_data_coinmarketcap.csv,TRON,2019,1,23,0,23,14,4
2019-01-22 00:00:00+00:00,2019-01-22 23:59:59.999000+00:00,2019-01-22 14:43:01+00:00,2019-01-22 07:18:09+00:00,2781,0.025568128,0.0267103531,0.0253307437,0.0263849185,247836123.98,1758703938.82053,2019-01-22 23:59:59.999000+00:00,TRON_01_01_2019-01_01_2020_historical_data_coinmarketcap.csv,TRON,2019,1,22,0,23,14,7
2019-01-21 00:00:00+00:00,2019-01-21 23:59:59.999000+00:00,2019-01-21 23:56:03+00:00,2019-01-21 08:48:02+00:00,2781,0.0238618111,0.0256350752,0.0237028731,0.0256102928,230873326.52,1707046432.73983,2019-01-21 23:59:59.999000+00:00,TRON_01_01_2019-01_01_2020_historical_data_coinmarketcap.csv,TRON,2019,1,21,0,23,23,8
2019-01-20 00:00:00+00:00,2019-01-20 23:59:59.999000+00:00,2019-01-20 04:37:01+00:00,2019-01-20 12:49:02+00:00,2781,0.0245446713,0.0247546081,0.0233953728,0.0238700373,130983395.35,1591020869.78584,2019-01-20 23:59:59.999000+00:00,TRON_01_01_2019-01_01_2020_historical_data_coinmarketcap.csv,TRON,2019,1,20,0,23,4,12
2019-01-19 00:00:00+00:00,2019-01-19 23:59:59.999000+00:00,2019-01-19 10:25:01+00:00,2019-01-19 01:43:11+00:00,2781,0.0247699495,0.0250426946,0.0237972147,0.024567874,149301841.64,1637519379.71398,2019-01-19 23:59:59.999000+00:00,TRON_01_01_2019-01_01_2020_historical_data_coinmarketcap.csv,TRON,2019,1,19,0,23,10,1
2019-01-18 00:00:00+00:00,2019-01-18 23:59:59.999000+00:00,2019-01-18 16:01:11+00:00,2019-01-18 23:52:14+00:00,2781,0.0252959002,0.0256322623,0.0247809717,0.0248012721,138895642.92,1653057364.20899,2019-01-18 23:59:59.999000+00:00,TRON_01_01_2019-01_01_2020_historical_data_coinmarketcap.csv,TRON,2019,1,18,0,23,16,23
2019-01-17 00:00:00+00:00,2019-01-17 23:59:59.999000+00:00,2019-01-17 19:04:12+00:00,2019-01-17 05:48:07+00:00,2781,0.0251650356,0.0260499205,0.0242864795,0.025320593,193853594.25,1687652401.57029,2019-01-17 23:59:59.999000+00:00,TRON_01_01_2019-01_01_2020_historical_data_coinmarketcap.csv,TRON,2019,1,17,0,23,19,5
2019-01-16 00:00:00+00:00,2019-01-16 23:59:59.999000+00:00,2019-01-16 13:14:13+00:00,2019-01-16 07:39:12+00:00,2781,0.0244811075,0.0253532373,0.0241410271,0.0251798215,172007502.55,1678251865.46394,2019-01-16 23:59:59.999000+00:00,TRON_01_01_2019-01_01_2020_historical_data_coinmarketcap.csv,TRON,2019,1,16,0,23,13,7
2019-01-15 00:00:00+00:00,2019-01-15 23:59:59.999000+00:00,2019-01-15 00:17:07+00:00,2019-01-15 21:24:13+00:00,2781,0.0261310944,0.0264893047,0.023914571,0.0245581744,269270597.48,1636805582.73121,2019-01-15 23:59:59.999000+00:00,TRON_01_01_2019-01_01_2020_historical_data_coinmarketcap.csv,TRON,2019,1,15,0,23,0,21
2019-01-14 00:00:00+00:00,2019-01-14 23:59:59.999000+00:00,2019-01-14 23:19:16+00:00,2019-01-14 00:31:12+00:00,2781,0.0213041956,0.0259325041,0.021150977,0.0256710778,447035750.87,1710959699.32167,2019-01-14 23:59:59.999000+00:00,TRON_01_01_2019-01_01_2020_historical_data_coinmarketcap.csv,TRON,2019,1,14,0,23,23,0
2019-01-13 00:00:00+00:00,2019-01-13 23:59:59.999000+00:00,2019-01-13 00:08:14+00:00,2019-01-13 21:22:09+00:00,2781,0.0235235693,0.02361927,0.0210795252,0.0212895512,170493613.49,1418916137.76712,2019-01-13 23:59:59.999000+00:00,TRON_01_01_2019-01_01_2020_historical_data_coinmarketcap.csv,TRON,2019,1,13,0,23,0,21
2019-01-12 00:00:00+00:00,2019-01-12 23:59:59.999000+00:00,2019-01-12 00:20:14+00:00,2019-01-12 09:48:16+00:00,2781,0.0250965405,0.0251162243,0.0231374388,0.0234997951,228910148.8,1566205165.42924,2019-01-12 23:59:59.999000+00:00,TRON_01_01_2019-01_01_2020_historical_data_coinmarketcap.csv,TRON,2019,1,12,0,23,0,9
2019-01-11 00:00:00+00:00,2019-01-11 23:59:59.999000+00:00,2019-01-11 01:02:12+00:00,2019-01-11 11:24:10+00:00,2781,0.0257508064,0.027884528,0.0248724458,0.0251281788,377913706.27,1674709539.79422,2019-01-11 23:59:59.999000+00:00,TRON_01_01_2019-01_01_2020_historical_data_coinmarketcap.csv,TRON,2019,1,11,0,23,1,11
2019-01-10 00:00:00+00:00,2019-01-10 23:59:59.999000+00:00,2019-01-10 05:21:08+00:00,2019-01-10 16:33:11+00:00,2781,0.0285437403,0.0342249469,0.0245590153,0.0258468956,972801038.88,1722582542.07545,2019-01-10 23:59:59.999000+00:00,TRON_01_01_2019-01_01_2020_historical_data_coinmarketcap.csv,TRON,2019,1,10,0,23,5,16
2019-01-09 00:00:00+00:00,2019-01-09 23:59:59.999000+00:00,2019-01-09 20:32:10+00:00,2019-01-09 01:03:11+00:00,2781,0.0263735603,0.0297233178,0.0257546048,0.0284177949,313368064.0,1893889900.4478,2019-01-09 23:59:59.999000+00:00,TRON_01_01_2019-01_01_2020_historical_data_coinmarketcap.csv,TRON,2019,1,9,0,23,20,1
2019-01-08 00:00:00+00:00,2019-01-08 23:59:59.999000+00:00,2019-01-08 11:18:13+00:00,2019-01-08 02:40:06+00:00,2781,0.0237174478,0.0266638239,0.0231841305,0.0263360919,320028398.91,1755126351.51645,2019-01-08 23:59:59.999000+00:00,TRON_01_01_2019-01_01_2020_historical_data_coinmarketcap.csv,TRON,2019,1,8,0,23,11,2
2019-01-07 00:00:00+00:00,2019-01-07 23:59:59.999000+00:00,2019-01-07 16:28:09+00:00,2019-01-07 01:24:07+00:00,2781,0.0230536883,0.0241123515,0.0227988005,0.0236014504,150320430.52,1572854360.02079,2019-01-07 23:59:59.999000+00:00,TRON_01_01_2019-01_01_2020_historical_data_coinmarketcap.csv,TRON,2019,1,7,0,23,16,1
2019-01-06 00:00:00+00:00,2019-01-06 23:59:59.999000+00:00,2019-01-06 18:09:11+00:00,2019-01-06 02:18:06+00:00,2781,0.022322565,0.0235992155,0.0218614921,0.0230045989,151845151.58,1533052180.49677,2019-01-06 23:59:59.999000+00:00,TRON_01_01_2019-01_01_2020_historical_data_coinmarketcap.csv,TRON,2019,1,6,0,23,18,2
2019-01-05 00:00:00+00:00,2019-01-05 23:59:59.999000+00:00,2019-01-05 15:31:14+00:00,2019-01-05 01:22:12+00:00,2781,0.0214008106,0.0234693276,0.0214008106,0.0222937392,213153343.91,1485654797.01321,2019-01-05 23:59:59.999000+00:00,TRON_01_01_2019-01_01_2020_historical_data_coinmarketcap.csv,TRON,2019,1,5,0,23,15,1
2019-01-04 00:00:00+00:00,2019-01-04 23:59:59.999000+00:00,2019-01-04 21:08:09+00:00,2019-01-04 00:40:11+00:00,2781,0.0200348966,0.0218167879,0.0198538597,0.0214922363,157943635.86,1432220060.56006,2019-01-04 23:59:59.999000+00:00,TRON_01_01_2019-01_01_2020_historical_data_coinmarketcap.csv,TRON,2019,1,4,0,23,21,0
2019-01-03 00:00:00+00:00,2019-01-03 23:59:59.999000+00:00,2019-01-03 16:03:10+00:00,2019-01-03 05:54:14+00:00,2781,0.0201617245,0.0208226215,0.0197658782,0.0200878581,110250990.57,1338612806.83514,2019-01-03 23:59:59.999000+00:00,TRON_01_01_2019-01_01_2020_historical_data_coinmarketcap.csv,TRON,2019,1,3,0,23,16,5
2019-01-02 00:00:00+00:00,2019-01-02 23:59:59.999000+00:00,2019-01-02 23:17:08+00:00,2019-01-02 06:35:11+00:00,2781,0.0195941494,0.0203863361,0.0192483775,0.0202217101,94380029.82,1347509925.81858,2019-01-02 23:59:59.999000+00:00,TRON_01_01_2019-01_01_2020_historical_data_coinmarketcap.csv,TRON,2019,1,2,0,23,23,6
2019-01-01 00:00:00+00:00,2019-01-01 23:59:59.999000+00:00,2019-01-01 23:35:18+00:00,2019-01-01 02:46:11+00:00,2781,0.0188919247,0.0196530301,0.0187464562,0.0195612676,72033015.89,1303479300.07706,2019-01-01 23:59:59.999000+00:00,TRON_01_01_2019-01_01_2020_historical_data_coinmarketcap.csv,TRON,2019,1,1,0,23,23,2
2020-12-31 00:00:00+00:00,2020-12-31 23:59:59.999000+00:00,2020-12-31 10:28:08+00:00,2020-12-31 13:17:08+00:00,2781,0.0269443,0.02700117,0.02616798,0.02683307,861613319.35,1922848319.9536655,2020-12-31 23:59:59.999000+00:00,TRON_01_01_2020-01_01_2021_historical_data_coinmarketcap.csv,TRON,2020,12,31,0,23,10,13
2020-12-30 00:00:00+00:00,2020-12-30 23:59:59.999000+00:00,2020-12-30 01:02:08+00:00,2020-12-30 09:04:08+00:00,2781,0.02769028,0.02784186,0.02651409,0.02694542,1108455178.19,1930899560.8404148,2020-12-30 23:59:59.999000+00:00,TRON_01_01_2020-01_01_2021_historical_data_coinmarketcap.csv,TRON,2020,12,30,0,23,1,9
2020-12-29 00:00:00+00:00,2020-12-29 23:59:59.999000+00:00,2020-12-29 00:31:07+00:00,2020-12-29 16:11:07+00:00,2781,0.02953085,0.03015268,0.02656558,0.02768961,1222238398.78,1984227811.6529157,2020-12-29 23:59:59.999000+00:00,TRON_01_01_2020-01_01_2021_historical_data_coinmarketcap.csv,TRON,2020,12,29,0,23,0,16
2020-12-28 00:00:00+00:00,2020-12-28 23:59:59.999000+00:00,2020-12-28 14:58:07+00:00,2020-12-28 03:25:09+00:00,2781,0.02885562,0.0302428,0.02864867,0.02953235,977375508.34,2116278415.7374947,2020-12-28 23:59:59.999000+00:00,TRON_01_01_2020-01_01_2021_historical_data_coinmarketcap.csv,TRON,2020,12,28,0,23,14,3
2020-12-27 00:00:00+00:00,2020-12-27 23:59:59.999000+00:00,2020-12-27 16:43:08+00:00,2020-12-27 12:14:07+00:00,2781,0.02774171,0.0308183,0.02683698,0.02884619,1395277093.31,2067107839.199868,2020-12-27 23:59:59.999000+00:00,TRON_01_01_2020-01_01_2021_historical_data_coinmarketcap.csv,TRON,2020,12,27,0,23,16,12
2020-12-26 00:00:00+00:00,2020-12-26 23:59:59.999000+00:00,2020-12-26 00:13:08+00:00,2020-12-26 10:46:08+00:00,2781,0.02850263,0.02857445,0.02731587,0.02773811,841956308.33,1987703766.0928547,2020-12-26 23:59:59.999000+00:00,TRON_01_01_2020-01_01_2021_historical_data_coinmarketcap.csv,TRON,2020,12,26,0,23,0,10
2020-12-25 00:00:00+00:00,2020-12-25 23:59:59.999000+00:00,2020-12-25 11:37:08+00:00,2020-12-25 05:55:09+00:00,2781,0.02769271,0.02939579,0.0271192,0.02849727,1092567728.81,2042104956.2025125,2020-12-25 23:59:59.999000+00:00,TRON_01_01_2020-01_01_2021_historical_data_coinmarketcap.csv,TRON,2020,12,25,0,23,11,5
2020-12-24 00:00:00+00:00,2020-12-24 23:59:59.999000+00:00,2020-12-24 23:59:08+00:00,2020-12-24 00:46:08+00:00,2781,0.02482846,0.02769736,0.02427384,0.02769736,999870119.73,1984783399.416597,2020-12-24 23:59:59.999000+00:00,TRON_01_01_2020-01_01_2021_historical_data_coinmarketcap.csv,TRON,2020,12,24,0,23,23,0
2020-12-23 00:00:00+00:00,2020-12-23 23:59:59.999000+00:00,2020-12-23 01:07:07+00:00,2020-12-23 22:25:13+00:00,2781,0.02887892,0.02900638,0.02413375,0.02481996,1027482137.65,1778589858.3172977,2020-12-23 23:59:59.999000+00:00,TRON_01_01_2020-01_01_2021_historical_data_coinmarketcap.csv,TRON,2020,12,23,0,23,1,22
2020-12-22 00:00:00+00:00,2020-12-22 23:59:59.999000+00:00,2020-12-22 00:29:07+00:00,2020-12-22 08:31:07+00:00,2781,0.02936872,0.02956359,0.02788057,0.02889393,974116413.95,2070529165.384083,2020-12-22 23:59:59.999000+00:00,TRON_01_01_2020-01_01_2021_historical_data_coinmarketcap.csv,TRON,2020,12,22,0,23,0,8
2020-12-21 00:00:00+00:00,2020-12-21 23:59:59.999000+00:00,2020-12-21 01:56:08+00:00,2020-12-21 12:13:07+00:00,2781,0.03122931,0.03180619,0.02918061,0.02938003,947004005.36,2105363173.2460437,2020-12-21 23:59:59.999000+00:00,TRON_01_01_2020-01_01_2021_historical_data_coinmarketcap.csv,TRON,2020,12,21,0,23,1,12
2020-12-20 00:00:00+00:00,2020-12-20 23:59:59.999000+00:00,2020-12-20 15:31:07+00:00,2020-12-20 04:19:07+00:00,2781,0.03128406,0.03267605,0.0306047,0.03122526,976931378.66,2237591259.6539345,2020-12-20 23:59:59.999000+00:00,TRON_01_01_2020-01_01_2021_historical_data_coinmarketcap.csv,TRON,2020,12,20,0,23,15,4
2020-12-19 00:00:00+00:00,2020-12-19 23:59:59.999000+00:00,2020-12-19 10:08:07+00:00,2020-12-19 01:29:07+00:00,2781,0.03110969,0.03195671,0.0309018,0.03129003,615092280.66,2242232953.087314,2020-12-19 23:59:59.999000+00:00,TRON_01_01_2020-01_01_2021_historical_data_coinmarketcap.csv,TRON,2020,12,19,0,23,10,1
2020-12-18 00:00:00+00:00,2020-12-18 23:59:59.999000+00:00,2020-12-18 10:01:08+00:00,2020-12-18 00:25:08+00:00,2781,0.03071065,0.03136316,0.03014104,0.03111274,816502608.2,2229527961.154152,2020-12-18 23:59:59.999000+00:00,TRON_01_01_2020-01_01_2021_historical_data_coinmarketcap.csv,TRON,2020,12,18,0,23,10,0
2020-12-17 00:00:00+00:00,2020-12-17 23:59:59.999000+00:00,2020-12-17 16:37:07+00:00,2020-12-17 21:32:07+00:00,2781,0.03119053,0.03236327,0.03048581,0.03070782,1226706408.73,2200511997.8858123,2020-12-17 23:59:59.999000+00:00,TRON_01_01_2020-01_01_2021_historical_data_coinmarketcap.csv,TRON,2020,12,17,0,23,16,21
2020-12-16 00:00:00+00:00,2020-12-16 23:59:59.999000+00:00,2020-12-16 23:58:07+00:00,2020-12-16 01:46:07+00:00,2781,0.02921033,0.03117789,0.02885956,0.03117615,760891772.36,2234072422.2362385,2020-12-16 23:59:59.999000+00:00,TRON_01_01_2020-01_01_2021_historical_data_coinmarketcap.csv,TRON,2020,12,16,0,23,23,1
2020-12-15 00:00:00+00:00,2020-12-15 23:59:59.999000+00:00,2020-12-15 19:58:07+00:00,2020-12-15 05:46:07+00:00,2781,0.02908575,0.02949521,0.0288033,0.02920635,650311169.82,2092917220.5169785,2020-12-15 23:59:59.999000+00:00,TRON_01_01_2020-01_01_2021_historical_data_coinmarketcap.csv,TRON,2020,12,15,0,23,19,5
2020-12-14 00:00:00+00:00,2020-12-14 23:59:59.999000+00:00,2020-12-14 03:16:07+00:00,2020-12-14 12:42:07+00:00,2781,0.0291882,0.02919352,0.02866487,0.02908806,458112629.71,2084440133.7464628,2020-12-14 23:59:59.999000+00:00,TRON_01_01_2020-01_01_2021_historical_data_coinmarketcap.csv,TRON,2020,12,14,0,23,3,12
2020-12-13 00:00:00+00:00,2020-12-13 23:59:59.999000+00:00,2020-12-13 16:59:07+00:00,2020-12-13 02:15:08+00:00,2781,0.02857528,0.02964737,0.02849228,0.02918404,507399198.86,2091318238.658348,2020-12-13 23:59:59.999000+00:00,TRON_01_01_2020-01_01_2021_historical_data_coinmarketcap.csv,TRON,2020,12,13,0,23,16,2
2020-12-12 00:00:00+00:00,2020-12-12 23:59:59.999000+00:00,2020-12-12 22:43:07+00:00,2020-12-12 00:01:07+00:00,2781,0.02781362,0.02876376,0.02778876,0.02857237,599944338.57,2047485924.837956,2020-12-12 23:59:59.999000+00:00,TRON_01_01_2020-01_01_2021_historical_data_coinmarketcap.csv,TRON,2020,12,12,0,23,22,0
2020-12-11 00:00:00+00:00,2020-12-11 23:59:59.999000+00:00,2020-12-11 22:21:07+00:00,2020-12-11 12:01:07+00:00,2781,0.02814238,0.02819173,0.02728035,0.02781859,604593706.67,1993470438.33243,2020-12-11 23:59:59.999000+00:00,TRON_01_01_2020-01_01_2021_historical_data_coinmarketcap.csv,TRON,2020,12,11,0,23,22,12
2020-12-10 00:00:00+00:00,2020-12-10 23:59:59.999000+00:00,2020-12-10 04:28:07+00:00,2020-12-10 15:16:07+00:00,2781,0.02870901,0.02879736,0.02783828,0.02814575,581956182.84,2016914491.4785883,2020-12-10 23:59:59.999000+00:00,TRON_01_01_2020-01_01_2021_historical_data_coinmarketcap.csv,TRON,2020,12,10,0,23,4,15
2020-12-09 00:00:00+00:00,2020-12-09 23:59:59.999000+00:00,2020-12-09 22:18:07+00:00,2020-12-09 08:39:07+00:00,2781,0.02784799,0.02884744,0.02707744,0.02870998,888645741.03,2057347633.0984187,2020-12-09 23:59:59.999000+00:00,TRON_01_01_2020-01_01_2021_historical_data_coinmarketcap.csv,TRON,2020,12,9,0,23,22,8
2020-12-08 00:00:00+00:00,2020-12-08 23:59:59.999000+00:00,2020-12-08 00:00:09+00:00,2020-12-08 23:16:08+00:00,2781,0.03031598,0.03031598,0.02762754,0.02784883,780286047.67,1995637680.7265203,2020-12-08 23:59:59.999000+00:00,TRON_01_01_2020-01_01_2021_historical_data_coinmarketcap.csv,TRON,2020,12,8,0,23,0,23
2020-12-07 00:00:00+00:00,2020-12-07 23:59:59.999000+00:00,2020-12-07 00:04:07+00:00,2020-12-07 18:49:08+00:00,2781,0.03091924,0.03098178,0.02997959,0.03031663,614032135.1,2172479388.3359942,2020-12-07 23:59:59.999000+00:00,TRON_01_01_2020-01_01_2021_historical_data_coinmarketcap.csv,TRON,2020,12,7,0,23,0,18
2020-12-06 00:00:00+00:00,2020-12-06 23:59:59.999000+00:00,2020-12-06 23:43:08+00:00,2020-12-06 13:49:07+00:00,2781,0.0305724,0.03099122,0.03010544,0.03092528,716011956.89,2216094907.470446,2020-12-06 23:59:59.999000+00:00,TRON_01_01_2020-01_01_2021_historical_data_coinmarketcap.csv,TRON,2020,12,6,0,23,23,13
2020-12-05 00:00:00+00:00,2020-12-05 23:59:59.999000+00:00,2020-12-05 19:19:07+00:00,2020-12-05 00:10:08+00:00,2781,0.0295482,0.03058947,0.02926733,0.03057224,684866341.99,2190796285.6375375,2020-12-05 23:59:59.999000+00:00,TRON_01_01_2020-01_01_2021_historical_data_coinmarketcap.csv,TRON,2020,12,5,0,23,19,0
2020-12-04 00:00:00+00:00,2020-12-04 23:59:59.999000+00:00,2020-12-04 00:51:08+00:00,2020-12-04 22:58:07+00:00,2781,0.03164262,0.0316996,0.02919579,0.02955283,823071021.2,2117745617.8273437,2020-12-04 23:59:59.999000+00:00,TRON_01_01_2020-01_01_2021_historical_data_coinmarketcap.csv,TRON,2020,12,4,0,23,0,22
2020-12-03 00:00:00+00:00,2020-12-03 23:59:59.999000+00:00,2020-12-03 11:07:08+00:00,2020-12-03 07:16:07+00:00,2781,0.0312043,0.03190691,0.03085375,0.03164091,673624676.51,2267376429.3277392,2020-12-03 23:59:59.999000+00:00,TRON_01_01_2020-01_01_2021_historical_data_coinmarketcap.csv,TRON,2020,12,3,0,23,11,7
2020-12-02 00:00:00+00:00,2020-12-02 23:59:59.999000+00:00,2020-12-02 23:46:08+00:00,2020-12-02 00:07:07+00:00,2781,0.0302804,0.03130369,0.02991247,0.0311959,840203817.5,2235487388.1141553,2020-12-02 23:59:59.999000+00:00,TRON_01_01_2020-01_01_2021_historical_data_coinmarketcap.csv,TRON,2020,12,2,0,23,23,0
2020-12-01 00:00:00+00:00,2020-12-01 23:59:59.999000+00:00,2020-12-01 07:34:07+00:00,2020-12-01 12:32:07+00:00,2781,0.03232011,0.0339957,0.029694,0.03027735,1616257102.0,2169664590.852571,2020-12-01 23:59:59.999000+00:00,TRON_01_01_2020-01_01_2021_historical_data_coinmarketcap.csv,TRON,2020,12,1,0,23,7,12
2020-11-30 00:00:00+00:00,2020-11-30 23:59:59.999000+00:00,2020-11-30 16:28:07+00:00,2020-11-30 09:38:07+00:00,2781,0.03070123,0.03285746,0.03035836,0.03232013,1234758184.74,2316049519.7067347,2020-11-30 23:59:59.999000+00:00,TRON_01_01_2020-01_01_2021_historical_data_coinmarketcap.csv,TRON,2020,11,30,0,23,16,9
2020-11-29 00:00:00+00:00,2020-11-29 23:59:59.999000+00:00,2020-11-29 11:10:09+00:00,2020-11-29 01:43:07+00:00,2781,0.03043753,0.03117728,0.02964157,0.03069862,893286077.73,2199852493.6912165,2020-11-29 23:59:59.999000+00:00,TRON_01_01_2020-01_01_2021_historical_data_coinmarketcap.csv,TRON,2020,11,29,0,23,11,1
2020-11-28 00:00:00+00:00,2020-11-28 23:59:59.999000+00:00,2020-11-28 16:07:07+00:00,2020-11-28 04:46:07+00:00,2781,0.02936712,0.03115647,0.02871732,0.03043469,1124450213.72,2180939689.8464713,2020-11-28 23:59:59.999000+00:00,TRON_01_01_2020-01_01_2021_historical_data_coinmarketcap.csv,TRON,2020,11,28,0,23,16,4
2020-11-27 00:00:00+00:00,2020-11-27 23:59:59.999000+00:00,2020-11-27 01:46:07+00:00,2020-11-27 16:02:07+00:00,2781,0.02939807,0.03016613,0.02826146,0.02936294,1242017588.39,2104138492.4882329,2020-11-27 23:59:59.999000+00:00,TRON_01_01_2020-01_01_2021_historical_data_coinmarketcap.csv,TRON,2020,11,27,0,23,1,16
2020-11-26 00:00:00+00:00,2020-11-26 23:59:59.999000+00:00,2020-11-26 01:11:07+00:00,2020-11-26 08:52:07+00:00,2781,0.03309828,0.03381226,0.02747493,0.02938731,2248209133.66,2105884237.5416105,2020-11-26 23:59:59.999000+00:00,TRON_01_01_2020-01_01_2021_historical_data_coinmarketcap.csv,TRON,2020,11,26,0,23,1,8
2020-11-25 00:00:00+00:00,2020-11-25 23:59:59.999000+00:00,2020-11-25 13:40:09+00:00,2020-11-25 23:20:11+00:00,2781,0.03507714,0.03728408,0.0320749,0.0331058,2303332552.78,2372350004.147361,2020-11-25 23:59:59.999000+00:00,TRON_01_01_2020-01_01_2021_historical_data_coinmarketcap.csv,TRON,2020,11,25,0,23,13,23
2020-11-24 00:00:00+00:00,2020-11-24 23:59:59.999000+00:00,2020-11-24 05:56:07+00:00,2020-11-24 00:16:07+00:00,2781,0.03167929,0.03874393,0.03155511,0.03506729,2856540896.53,2512910049.0847993,2020-11-24 23:59:59.999000+00:00,TRON_01_01_2020-01_01_2021_historical_data_coinmarketcap.csv,TRON,2020,11,24,0,23,5,0
2020-11-23 00:00:00+00:00,2020-11-23 23:59:59.999000+00:00,2020-11-23 23:58:07+00:00,2020-11-23 01:07:07+00:00,2781,0.02869946,0.0316736,0.02829294,0.03167253,1693209297.03,2269642627.71576,2020-11-23 23:59:59.999000+00:00,TRON_01_01_2020-01_01_2021_historical_data_coinmarketcap.csv,TRON,2020,11,23,0,23,23,1
2020-11-22 00:00:00+00:00,2020-11-22 23:59:59.999000+00:00,2020-11-22 00:21:07+00:00,2020-11-22 11:57:07+00:00,2781,0.03033475,0.03067097,0.02747879,0.02869945,1963692552.22,2056592720.8139255,2020-11-22 23:59:59.999000+00:00,TRON_01_01_2020-01_01_2021_historical_data_coinmarketcap.csv,TRON,2020,11,22,0,23,0,11
2020-11-21 00:00:00+00:00,2020-11-21 23:59:59.999000+00:00,2020-11-21 23:57:07+00:00,2020-11-21 04:10:08+00:00,2781,0.02626955,0.0304793,0.02620508,0.03033475,1971506924.25,2173777674.2492447,2020-11-21 23:59:59.999000+00:00,TRON_01_01_2020-01_01_2021_historical_data_coinmarketcap.csv,TRON,2020,11,21,0,23,23,4
2020-11-20 00:00:00+00:00,2020-11-20 23:59:59.999000+00:00,2020-11-20 18:14:07+00:00,2020-11-20 00:06:08+00:00,2781,0.02580247,0.02652334,0.02579566,0.02626955,910566105.44,1882466719.242144,2020-11-20 23:59:59.999000+00:00,TRON_01_01_2020-01_01_2021_historical_data_coinmarketcap.csv,TRON,2020,11,20,0,23,18,0
2020-11-19 00:00:00+00:00,2020-11-19 23:59:59.999000+00:00,2020-11-19 00:15:08+00:00,2020-11-19 06:46:07+00:00,2781,0.0268219,0.02687406,0.0253712,0.02580231,843848867.22,1848985018.1310887,2020-11-19 23:59:59.999000+00:00,TRON_01_01_2020-01_01_2021_historical_data_coinmarketcap.csv,TRON,2020,11,19,0,23,0,6
2020-11-18 00:00:00+00:00,2020-11-18 23:59:59.999000+00:00,2020-11-18 23:30:16+00:00,2020-11-18 15:26:07+00:00,2781,0.02646826,0.02707673,0.02525234,0.02682202,1224808278.53,1922056746.2265809,2020-11-18 23:59:59.999000+00:00,TRON_01_01_2020-01_01_2021_historical_data_coinmarketcap.csv,TRON,2020,11,18,0,23,23,15
2020-11-17 00:00:00+00:00,2020-11-17 23:59:59.999000+00:00,2020-11-17 19:49:07+00:00,2020-11-17 02:54:07+00:00,2781,0.0258701,0.02662107,0.02575412,0.02646838,892680900.44,1896714725.5287263,2020-11-17 23:59:59.999000+00:00,TRON_01_01_2020-01_01_2021_historical_data_coinmarketcap.csv,TRON,2020,11,17,0,23,19,2
2020-11-16 00:00:00+00:00,2020-11-16 23:59:59.999000+00:00,2020-11-16 15:07:07+00:00,2020-11-16 02:43:07+00:00,2781,0.02540897,0.02583807,0.02523329,0.0255961,643168772.04,1834207801.602992,2020-11-16 23:59:59.999000+00:00,TRON_01_01_2020-01_01_2021_historical_data_coinmarketcap.csv,TRON,2020,11,16,0,23,15,2
2020-11-15 00:00:00+00:00,2020-11-15 23:59:59.999000+00:00,2020-11-15 16:09:07+00:00,2020-11-15 22:27:07+00:00,2781,0.02519053,0.02585371,0.02507306,0.02540897,726438273.04,1820797810.314501,2020-11-15 23:59:59.999000+00:00,TRON_01_01_2020-01_01_2021_historical_data_coinmarketcap.csv,TRON,2020,11,15,0,23,16,22
2020-11-14 00:00:00+00:00,2020-11-14 23:59:59.999000+00:00,2020-11-14 00:46:07+00:00,2020-11-14 10:43:07+00:00,2781,0.02540475,0.02542518,0.02509343,0.02519053,695044805.54,1805145010.3222077,2020-11-14 23:59:59.999000+00:00,TRON_01_01_2020-01_01_2021_historical_data_coinmarketcap.csv,TRON,2020,11,14,0,23,0,10
2020-11-13 00:00:00+00:00,2020-11-13 23:59:59.999000+00:00,2020-11-13 18:25:10+00:00,2020-11-13 06:27:07+00:00,2781,0.02493687,0.02552454,0.0248802,0.02540475,653191358.79,1820495858.8446288,2020-11-13 23:59:59.999000+00:00,TRON_01_01_2020-01_01_2021_historical_data_coinmarketcap.csv,TRON,2020,11,13,0,23,18,6
2020-11-12 00:00:00+00:00,2020-11-12 23:59:59.999000+00:00,2020-11-12 08:10:09+00:00,2020-11-12 00:18:07+00:00,2781,0.02505367,0.02521809,0.02487748,0.02493711,719747327.3,1786985062.1735015,2020-11-12 23:59:59.999000+00:00,TRON_01_01_2020-01_01_2021_historical_data_coinmarketcap.csv,TRON,2020,11,12,0,23,8,0
2020-11-11 00:00:00+00:00,2020-11-11 23:59:59.999000+00:00,2020-11-11 17:44:07+00:00,2020-11-11 00:00:14+00:00,2781,0.02487153,0.02533289,0.02487153,0.02505395,711256095.03,1795357310.10211,2020-11-11 23:59:59.999000+00:00,TRON_01_01_2020-01_01_2021_historical_data_coinmarketcap.csv,TRON,2020,11,11,0,23,17,0
2020-11-10 00:00:00+00:00,2020-11-10 23:59:59.999000+00:00,2020-11-10 08:45:09+00:00,2020-11-10 00:32:07+00:00,2781,0.0248119,0.02528915,0.02470629,0.0248716,707887433.16,1782290242.327497,2020-11-10 23:59:59.999000+00:00,TRON_01_01_2020-01_01_2021_historical_data_coinmarketcap.csv,TRON,2020,11,10,0,23,8,0
2020-11-09 00:00:00+00:00,2020-11-09 23:59:59.999000+00:00,2020-11-09 10:57:07+00:00,2020-11-09 16:17:07+00:00,2781,0.02536506,0.02563283,0.02478227,0.02481089,835050948.91,1777939805.3880048,2020-11-09 23:59:59.999000+00:00,TRON_01_01_2020-01_01_2021_historical_data_coinmarketcap.csv,TRON,2020,11,9,0,23,10,16
2020-11-08 00:00:00+00:00,2020-11-08 23:59:59.999000+00:00,2020-11-08 18:07:07+00:00,2020-11-08 00:13:07+00:00,2781,0.02491968,0.02564906,0.02469377,0.02536509,636276783.88,1817653512.396406,2020-11-08 23:59:59.999000+00:00,TRON_01_01_2020-01_01_2021_historical_data_coinmarketcap.csv,TRON,2020,11,8,0,23,18,0
2020-11-07 00:00:00+00:00,2020-11-07 23:59:59.999000+00:00,2020-11-07 12:58:07+00:00,2020-11-07 19:46:07+00:00,2781,0.02606515,0.02663015,0.02453251,0.02491969,952470345.39,1785736106.1814914,2020-11-07 23:59:59.999000+00:00,TRON_01_01_2020-01_01_2021_historical_data_coinmarketcap.csv,TRON,2020,11,7,0,23,12,19
2020-11-06 00:00:00+00:00,2020-11-06 23:59:59.999000+00:00,2020-11-06 23:59:07+00:00,2020-11-06 00:10:07+00:00,2781,0.02496139,0.02606515,0.0249196,0.02606515,876674156.16,1867819426.3078048,2020-11-06 23:59:59.999000+00:00,TRON_01_01_2020-01_01_2021_historical_data_coinmarketcap.csv,TRON,2020,11,6,0,23,23,0
2020-11-05 00:00:00+00:00,2020-11-05 23:59:59.999000+00:00,2020-11-05 23:18:07+00:00,2020-11-05 10:54:07+00:00,2781,0.02419663,0.02504222,0.02408958,0.02496151,809301893.96,1788733374.95077,2020-11-05 23:59:59.999000+00:00,TRON_01_01_2020-01_01_2021_historical_data_coinmarketcap.csv,TRON,2020,11,5,0,23,23,10
2020-11-04 00:00:00+00:00,2020-11-04 23:59:59.999000+00:00,2020-11-04 00:00:14+00:00,2020-11-04 08:00:15+00:00,2781,0.02441629,0.02441629,0.02380109,0.02419648,858371147.96,1733911418.5449932,2020-11-04 23:59:59.999000+00:00,TRON_01_01_2020-01_01_2021_historical_data_coinmarketcap.csv,TRON,2020,11,4,0,23,0,8
2020-11-03 00:00:00+00:00,2020-11-03 23:59:59.999000+00:00,2020-11-03 00:01:07+00:00,2020-11-03 04:35:08+00:00,2781,0.02443305,0.02447041,0.02316906,0.02441623,953218598.87,1749658351.4571962,2020-11-03 23:59:59.999000+00:00,TRON_01_01_2020-01_01_2021_historical_data_coinmarketcap.csv,TRON,2020,11,3,0,23,0,4
2020-11-02 00:00:00+00:00,2020-11-02 23:59:59.999000+00:00,2020-11-02 01:51:07+00:00,2020-11-02 13:03:07+00:00,2781,0.02572727,0.02589185,0.02438009,0.02443304,909137322.42,1750863167.6320024,2020-11-02 23:59:59.999000+00:00,TRON_01_01_2020-01_01_2021_historical_data_coinmarketcap.csv,TRON,2020,11,2,0,23,1,13
2020-11-01 00:00:00+00:00,2020-11-01 23:59:59.999000+00:00,2020-11-01 00:13:07+00:00,2020-11-01 12:49:07+00:00,2781,0.02582139,0.02593016,0.02548451,0.02572745,740672528.18,1843620256.3425765,2020-11-01 23:59:59.999000+00:00,TRON_01_01_2020-01_01_2021_historical_data_coinmarketcap.csv,TRON,2020,11,1,0,23,0,12
2020-10-31 00:00:00+00:00,2020-10-31 23:59:59.999000+00:00,2020-10-31 09:22:07+00:00,2020-10-31 08:08:07+00:00,2781,0.02562615,0.02655575,0.02542689,0.02576956,934899053.03,1846637655.603784,2020-10-31 23:59:59.999000+00:00,TRON_01_01_2020-01_01_2021_historical_data_coinmarketcap.csv,TRON,2020,10,31,0,23,9,8
2020-10-30 00:00:00+00:00,2020-10-30 23:59:59.999000+00:00,2020-10-30 01:28:07+00:00,2020-10-30 10:43:07+00:00,2781,0.02648981,0.02657606,0.02532095,0.02562615,910069439.86,1836361165.8654375,2020-10-30 23:59:59.999000+00:00,TRON_01_01_2020-01_01_2021_historical_data_coinmarketcap.csv,TRON,2020,10,30,0,23,1,10
2020-10-29 00:00:00+00:00,2020-10-29 23:59:59.999000+00:00,2020-10-29 02:58:07+00:00,2020-10-29 12:31:07+00:00,2781,0.0268521,0.02718822,0.02635792,0.02648968,942916977.71,1898241741.6479428,2020-10-29 23:59:59.999000+00:00,TRON_01_01_2020-01_01_2021_historical_data_coinmarketcap.csv,TRON,2020,10,29,0,23,2,12
2020-10-28 00:00:00+00:00,2020-10-28 23:59:59.999000+00:00,2020-10-28 06:50:08+00:00,2020-10-28 14:20:09+00:00,2781,0.02696147,0.02708701,0.02655094,0.02685205,883960291.44,1924208857.648188,2020-10-28 23:59:59.999000+00:00,TRON_01_01_2020-01_01_2021_historical_data_coinmarketcap.csv,TRON,2020,10,28,0,23,6,14
2020-10-27 00:00:00+00:00,2020-10-27 23:59:59.999000+00:00,2020-10-27 16:07:07+00:00,2020-10-27 09:26:07+00:00,2781,0.02676174,0.0271415,0.02661146,0.02696136,1010406630.58,1932042080.198004,2020-10-27 23:59:59.999000+00:00,TRON_01_01_2020-01_01_2021_historical_data_coinmarketcap.csv,TRON,2020,10,27,0,23,16,9
2020-10-26 00:00:00+00:00,2020-10-26 23:59:59.999000+00:00,2020-10-26 04:40:08+00:00,2020-10-26 17:39:07+00:00,2781,0.02693529,0.02737731,0.02642516,0.02676151,1088998065.11,1917720635.3166733,2020-10-26 23:59:59.999000+00:00,TRON_01_01_2020-01_01_2021_historical_data_coinmarketcap.csv,TRON,2020,10,26,0,23,4,17
2020-10-25 00:00:00+00:00,2020-10-25 23:59:59.999000+00:00,2020-10-25 04:51:07+00:00,2020-10-25 11:23:07+00:00,2781,0.02705049,0.02719947,0.02664479,0.02693528,915475861.74,1930173253.4945664,2020-10-25 23:59:59.999000+00:00,TRON_01_01_2020-01_01_2021_historical_data_coinmarketcap.csv,TRON,2020,10,25,0,23,4,11
2020-10-24 00:00:00+00:00,2020-10-24 23:59:59.999000+00:00,2020-10-24 18:12:07+00:00,2020-10-24 09:26:07+00:00,2781,0.02669117,0.02724694,0.02657262,0.02705049,923427611.44,1938428784.6734571,2020-10-24 23:59:59.999000+00:00,TRON_01_01_2020-01_01_2021_historical_data_coinmarketcap.csv,TRON,2020,10,24,0,23,18,9
2020-10-23 00:00:00+00:00,2020-10-23 23:59:59.999000+00:00,2020-10-23 00:04:32+00:00,2020-10-23 16:47:07+00:00,2781,0.02705285,0.0270588,0.0263201,0.02669117,1048646248.79,1912679979.4431748,2020-10-23 23:59:59.999000+00:00,TRON_01_01_2020-01_01_2021_historical_data_coinmarketcap.csv,TRON,2020,10,23,0,23,0,16
2020-10-22 00:00:00+00:00,2020-10-22 23:59:59.999000+00:00,2020-10-22 19:34:32+00:00,2020-10-22 00:04:32+00:00,2781,0.02671303,0.02732885,0.0267028,0.02704168,1141772374.42,1937797242.812395,2020-10-22 23:59:59.999000+00:00,TRON_01_01_2020-01_01_2021_historical_data_coinmarketcap.csv,TRON,2020,10,22,0,23,19,0
2020-10-21 00:00:00+00:00,2020-10-21 23:59:59.999000+00:00,2020-10-21 15:01:32+00:00,2020-10-21 00:06:33+00:00,2781,0.02600731,0.02713358,0.02597121,0.02672063,1217457320.63,1914791472.4475703,2020-10-21 23:59:59.999000+00:00,TRON_01_01_2020-01_01_2021_historical_data_coinmarketcap.csv,TRON,2020,10,21,0,23,15,0
2020-10-20 00:00:00+00:00,2020-10-20 23:59:59.999000+00:00,2020-10-20 16:05:35+00:00,2020-10-20 13:55:35+00:00,2781,0.02586138,0.02863072,0.02528986,0.02601167,1752177515.9,1863987597.0052907,2020-10-20 23:59:59.999000+00:00,TRON_01_01_2020-01_01_2021_historical_data_coinmarketcap.csv,TRON,2020,10,20,0,23,16,13
2020-10-19 00:00:00+00:00,2020-10-19 23:59:59.999000+00:00,2020-10-19 16:22:32+00:00,2020-10-19 06:25:33+00:00,2781,0.02595147,0.02609795,0.0256575,0.02586055,970398127.76,1853158416.5204787,2020-10-19 23:59:59.999000+00:00,TRON_01_01_2020-01_01_2021_historical_data_coinmarketcap.csv,TRON,2020,10,19,0,23,16,6
2020-10-18 00:00:00+00:00,2020-10-18 23:59:59.999000+00:00,2020-10-18 06:46:31+00:00,2020-10-18 11:46:31+00:00,2781,0.02575361,0.02597761,0.02566653,0.02593621,741735959.74,1858579869.1596816,2020-10-18 23:59:59.999000+00:00,TRON_01_01_2020-01_01_2021_historical_data_coinmarketcap.csv,TRON,2020,10,18,0,23,6,11
2020-10-17 00:00:00+00:00,2020-10-17 23:59:59.999000+00:00,2020-10-17 12:17:31+00:00,2020-10-17 01:15:40+00:00,2781,0.02574276,0.02603365,0.0255615,0.02574631,783849475.85,1844971633.4240828,2020-10-17 23:59:59.999000+00:00,TRON_01_01_2020-01_01_2021_historical_data_coinmarketcap.csv,TRON,2020,10,17,0,23,12,1
2020-10-16 00:00:00+00:00,2020-10-16 23:59:59.999000+00:00,2020-10-16 02:35:58+00:00,2020-10-16 09:25:39+00:00,2781,0.02652512,0.02656904,0.02532977,0.02573906,1076494689.81,1844452032.1206155,2020-10-16 23:59:59.999000+00:00,TRON_01_01_2020-01_01_2021_historical_data_coinmarketcap.csv,TRON,2020,10,16,0,23,2,9
2020-10-15 00:00:00+00:00,2020-10-15 23:59:59.999000+00:00,2020-10-15 00:00:37+00:00,2020-10-15 09:47:32+00:00,2781,0.0268037,0.0268037,0.02632676,0.02653648,1067720846.97,1901594818.0214753,2020-10-15 23:59:59.999000+00:00,TRON_01_01_2020-01_01_2021_historical_data_coinmarketcap.csv,TRON,2020,10,15,0,23,0,9
2020-10-14 00:00:00+00:00,2020-10-14 23:59:59.999000+00:00,2020-10-14 09:07:32+00:00,2020-10-14 17:14:32+00:00,2781,0.02681946,0.02715951,0.02641271,0.0268272,1135266065.58,1922428036.9381576,2020-10-14 23:59:59.999000+00:00,TRON_01_01_2020-01_01_2021_historical_data_coinmarketcap.csv,TRON,2020,10,14,0,23,9,17
2020-10-13 00:00:00+00:00,2020-10-13 23:59:59.999000+00:00,2020-10-13 05:53:42+00:00,2020-10-13 14:18:33+00:00,2781,0.02708573,0.02727455,0.02654658,0.02678798,1240301674.42,1919617826.066218,2020-10-13 23:59:59.999000+00:00,TRON_01_01_2020-01_01_2021_historical_data_coinmarketcap.csv,TRON,2020,10,13,0,23,5,14
2020-10-12 00:00:00+00:00,2020-10-12 23:59:59.999000+00:00,2020-10-12 20:19:33+00:00,2020-10-12 11:25:36+00:00,2781,0.02644141,0.0278026,0.02569655,0.02708219,1422722056.31,1940700716.209564,2020-10-12 23:59:59.999000+00:00,TRON_01_01_2020-01_01_2021_historical_data_coinmarketcap.csv,TRON,2020,10,12,0,23,20,11
2020-10-11 00:00:00+00:00,2020-10-11 23:59:59.999000+00:00,2020-10-11 17:36:32+00:00,2020-10-11 00:51:36+00:00,2781,0.02636007,0.02680819,0.02609386,0.02646722,1114292997.51,1896631752.6101155,2020-10-11 23:59:59.999000+00:00,TRON_01_01_2020-01_01_2021_historical_data_coinmarketcap.csv,TRON,2020,10,11,0,23,17,0
2020-10-10 00:00:00+00:00,2020-10-10 23:59:59.999000+00:00,2020-10-10 03:58:32+00:00,2020-10-10 00:01:35+00:00,2781,0.02620161,0.02727775,0.02619497,0.0263701,1436858808.21,1889672224.6131911,2020-10-10 23:59:59.999000+00:00,TRON_01_01_2020-01_01_2021_historical_data_coinmarketcap.csv,TRON,2020,10,10,0,23,3,0
2020-10-09 00:00:00+00:00,2020-10-09 23:59:59.999000+00:00,2020-10-09 16:06:37+00:00,2020-10-09 00:36:32+00:00,2781,0.0256929,0.02645756,0.02557631,0.02622305,1362210230.78,1879134843.2091277,2020-10-09 23:59:59.999000+00:00,TRON_01_01_2020-01_01_2021_historical_data_coinmarketcap.csv,TRON,2020,10,9,0,23,16,0
2020-10-08 00:00:00+00:00,2020-10-08 23:59:59.999000+00:00,2020-10-08 17:24:33+00:00,2020-10-08 09:01:49+00:00,2781,0.02548345,0.02585668,0.02504236,0.02567061,1188282585.93,1839546793.3562,2020-10-08 23:59:59.999000+00:00,TRON_01_01_2020-01_01_2021_historical_data_coinmarketcap.csv,TRON,2020,10,8,0,23,17,9
2020-10-07 00:00:00+00:00,2020-10-07 23:59:59.999000+00:00,2020-10-07 19:56:33+00:00,2020-10-07 01:44:31+00:00,2781,0.02554432,0.02564496,0.02501479,0.025477,1067116403.44,1825672962.642066,2020-10-07 23:59:59.999000+00:00,TRON_01_01_2020-01_01_2021_historical_data_coinmarketcap.csv,TRON,2020,10,7,0,23,19,1
2020-10-06 00:00:00+00:00,2020-10-06 23:59:59.999000+00:00,2020-10-06 04:09:33+00:00,2020-10-06 11:27:32+00:00,2781,0.02642496,0.0264611,0.02530506,0.02558027,1299750869.92,1833073188.6961768,2020-10-06 23:59:59.999000+00:00,TRON_01_01_2020-01_01_2021_historical_data_coinmarketcap.csv,TRON,2020,10,6,0,23,4,11
2020-10-05 00:00:00+00:00,2020-10-05 23:59:59.999000+00:00,2020-10-05 01:01:34+00:00,2020-10-05 14:45:38+00:00,2781,0.02638701,0.02666021,0.0258858,0.0264428,1179082883.59,1894882100.9868045,2020-10-05 23:59:59.999000+00:00,TRON_01_01_2020-01_01_2021_historical_data_coinmarketcap.csv,TRON,2020,10,5,0,23,1,14
2020-10-04 00:00:00+00:00,2020-10-04 23:59:59.999000+00:00,2020-10-04 00:17:33+00:00,2020-10-04 15:57:34+00:00,2781,0.02717929,0.02735324,0.02583742,0.02636138,1304048999.51,1889047249.5994184,2020-10-04 23:59:59.999000+00:00,TRON_01_01_2020-01_01_2021_historical_data_coinmarketcap.csv,TRON,2020,10,4,0,23,0,15
2020-10-03 00:00:00+00:00,2020-10-03 23:59:59.999000+00:00,2020-10-03 16:51:33+00:00,2020-10-03 00:16:36+00:00,2781,0.02589671,0.02842482,0.02564456,0.02709181,1528316307.86,1941389684.342166,2020-10-03 23:59:59.999000+00:00,TRON_01_01_2020-01_01_2021_historical_data_coinmarketcap.csv,TRON,2020,10,3,0,23,16,0
2020-10-02 00:00:00+00:00,2020-10-02 23:59:59.999000+00:00,2020-10-02 23:07:37+00:00,2020-10-02 10:38:32+00:00,2781,0.02573606,0.02604946,0.02411006,0.02592159,1262331644.63,1857532430.08632,2020-10-02 23:59:59.999000+00:00,TRON_01_01_2020-01_01_2021_historical_data_coinmarketcap.csv,TRON,2020,10,2,0,23,23,10
2020-10-01 00:00:00+00:00,2020-10-01 23:59:59.999000+00:00,2020-10-01 12:04:34+00:00,2020-10-01 18:04:34+00:00,2781,0.02606403,0.02654829,0.02518823,0.02559581,1221295537.41,1834187058.6130407,2020-10-01 23:59:59.999000+00:00,TRON_01_01_2020-01_01_2021_historical_data_coinmarketcap.csv,TRON,2020,10,1,0,23,12,18
2020-09-30 00:00:00+00:00,2020-09-30 23:59:59.999000+00:00,2020-09-30 17:01:33+00:00,2020-09-30 04:22:33+00:00,2781,0.02632495,0.02642924,0.02571202,0.02605891,1147697016.2,1867372298.127806,2020-09-30 23:59:59.999000+00:00,TRON_01_01_2020-01_01_2021_historical_data_coinmarketcap.csv,TRON,2020,9,30,0,23,17,4
2020-09-29 00:00:00+00:00,2020-09-29 23:59:59.999000+00:00,2020-09-29 07:21:34+00:00,2020-09-29 17:50:37+00:00,2781,0.02625872,0.02639285,0.0255652,0.02630002,1138184314.87,1884650071.9877048,2020-09-29 23:59:59.999000+00:00,TRON_01_01_2020-01_01_2021_historical_data_coinmarketcap.csv,TRON,2020,9,29,0,23,7,17
2020-09-28 00:00:00+00:00,2020-09-28 23:59:59.999000+00:00,2020-09-28 12:36:33+00:00,2020-09-28 23:50:33+00:00,2781,0.02660434,0.02709251,0.02627375,0.02630895,1564086684.99,1885290201.579369,2020-09-28 23:59:59.999000+00:00,TRON_01_01_2020-01_01_2021_historical_data_coinmarketcap.csv,TRON,2020,9,28,0,23,12,23
2020-09-27 00:00:00+00:00,2020-09-27 23:59:59.999000+00:00,2020-09-27 03:59:34+00:00,2020-09-27 12:06:46+00:00,2781,0.02720745,0.02748274,0.02609114,0.02658886,1707161010.76,1905348243.372821,2020-09-27 23:59:59.999000+00:00,TRON_01_01_2020-01_01_2021_historical_data_coinmarketcap.csv,TRON,2020,9,27,0,23,3,12
2020-09-26 00:00:00+00:00,2020-09-26 23:59:59.999000+00:00,2020-09-26 01:58:38+00:00,2020-09-26 23:32:33+00:00,2781,0.02715455,0.02887622,0.02711103,0.02725137,1742286537.17,1952823567.9306388,2020-09-26 23:59:59.999000+00:00,TRON_01_01_2020-01_01_2021_historical_data_coinmarketcap.csv,TRON,2020,9,26,0,23,1,23
2020-09-25 00:00:00+00:00,2020-09-25 23:59:59.999000+00:00,2020-09-25 22:03:38+00:00,2020-09-25 08:57:31+00:00,2781,0.02623786,0.02739996,0.02557061,0.02715056,1950671093.22,1945600040.4717824,2020-09-25 23:59:59.999000+00:00,TRON_01_01_2020-01_01_2021_historical_data_coinmarketcap.csv,TRON,2020,9,25,0,23,22,8
2020-09-24 00:00:00+00:00,2020-09-24 23:59:59.999000+00:00,2020-09-24 23:56:31+00:00,2020-09-24 00:11:34+00:00,2781,0.02486353,0.02619332,0.02453908,0.02619283,1082136388.79,1876968960.870905,2020-09-24 23:59:59.999000+00:00,TRON_01_01_2020-01_01_2021_historical_data_coinmarketcap.csv,TRON,2020,9,24,0,23,23,0
2020-09-23 00:00:00+00:00,2020-09-23 23:59:59.999000+00:00,2020-09-23 16:40:36+00:00,2020-09-23 08:11:54+00:00,2781,0.02499387,0.02607714,0.02471087,0.02485914,2221896912.25,1781397145.985433,2020-09-23 23:59:59.999000+00:00,TRON_01_01_2020-01_01_2021_historical_data_coinmarketcap.csv,TRON,2020,9,23,0,23,16,8
2020-09-22 00:00:00+00:00,2020-09-22 23:59:59.999000+00:00,2020-09-22 04:30:05+00:00,2020-09-22 12:33:05+00:00,2781,0.0250047217,0.0255137486,0.0246750812,0.0250439071,1948134714.4,1794637800.01586,2020-09-22 23:59:59.999000+00:00,TRON_01_01_2020-01_01_2021_historical_data_coinmarketcap.csv,TRON,2020,9,22,0,23,4,12
2020-09-21 00:00:00+00:00,2020-09-21 23:59:59.999000+00:00,2020-09-21 04:10:18+00:00,2020-09-21 17:08:21+00:00,2781,0.02698111,0.0275213351,0.024691162,0.0249987287,3377753024.04,1791400335.75126,2020-09-21 23:59:59.999000+00:00,TRON_01_01_2020-01_01_2021_historical_data_coinmarketcap.csv,TRON,2020,9,21,0,23,4,17
2020-09-20 00:00:00+00:00,2020-09-20 23:59:59.999000+00:00,2020-09-20 07:33:08+00:00,2020-09-20 16:43:09+00:00,2781,0.02776279,0.0277941341,0.0265230062,0.0269649553,2760499756.02,1932299456.72105,2020-09-20 23:59:59.999000+00:00,TRON_01_01_2020-01_01_2021_historical_data_coinmarketcap.csv,TRON,2020,9,20,0,23,7,16
2020-09-19 00:00:00+00:00,2020-09-19 23:59:59.999000+00:00,2020-09-19 00:18:01+00:00,2020-09-19 23:15:07+00:00,2781,0.029044983,0.0292947518,0.0276572449,0.0277822173,2897389598.32,1990864172.55373,2020-09-19 23:59:59.999000+00:00,TRON_01_01_2020-01_01_2021_historical_data_coinmarketcap.csv,TRON,2020,9,19,0,23,0,23
2020-09-18 00:00:00+00:00,2020-09-18 23:59:59.999000+00:00,2020-09-18 10:17:01+00:00,2020-09-18 01:42:07+00:00,2781,0.0281039284,0.02980099,0.02787463,0.0290889882,3523907327.91,2084506925.15055,2020-09-18 23:59:59.999000+00:00,TRON_01_01_2020-01_01_2021_historical_data_coinmarketcap.csv,TRON,2020,9,18,0,23,10,1
2020-09-17 00:00:00+00:00,2020-09-17 23:59:59.999000+00:00,2020-09-17 18:05:03+00:00,2020-09-17 04:51:04+00:00,2781,0.0264527967,0.028394745,0.0264265011,0.0281039284,2801521791.87,2013917882.91188,2020-09-17 23:59:59.999000+00:00,TRON_01_01_2020-01_01_2021_historical_data_coinmarketcap.csv,TRON,2020,9,17,0,23,18,4
2020-09-16 00:00:00+00:00,2020-09-16 23:59:59.999000+00:00,2020-09-16 12:30:02+00:00,2020-09-16 22:17:02+00:00,2781,0.0279094415,0.0292029751,0.0262379124,0.0264944488,3463620542.24,1898583126.17537,2020-09-16 23:59:59.999000+00:00,TRON_01_01_2020-01_01_2021_historical_data_coinmarketcap.csv,TRON,2020,9,16,0,23,12,22
2020-09-15 00:00:00+00:00,2020-09-15 23:59:59.999000+00:00,2020-09-15 00:02:02+00:00,2020-09-15 23:08:03+00:00,2781,0.0304032135,0.0304310549,0.0277007144,0.0279014791,3079049242.61,1999410433.88418,2020-09-15 23:59:59.999000+00:00,TRON_01_01_2020-01_01_2021_historical_data_coinmarketcap.csv,TRON,2020,9,15,0,23,0,23
2020-09-14 00:00:00+00:00,2020-09-14 23:59:59.999000+00:00,2020-09-14 14:16:02+00:00,2020-09-14 01:08:21+00:00,2781,0.030592254,0.0315861732,0.030154713,0.0304521747,2776982500.18,2182192407.80209,2020-09-14 23:59:59.999000+00:00,TRON_01_01_2020-01_01_2021_historical_data_coinmarketcap.csv,TRON,2020,9,14,0,23,14,1
2020-09-13 00:00:00+00:00,2020-09-13 23:59:59.999000+00:00,2020-09-13 00:02:04+00:00,2020-09-13 17:14:10+00:00,2781,0.0327485622,0.0327495988,0.0296588486,0.0305830212,2416138365.6,2191568821.28261,2020-09-13 23:59:59.999000+00:00,TRON_01_01_2020-01_01_2021_historical_data_coinmarketcap.csv,TRON,2020,9,13,0,23,0,17
2020-09-12 00:00:00+00:00,2020-09-12 23:59:59.999000+00:00,2020-09-12 00:03:05+00:00,2020-09-12 17:52:06+00:00,2781,0.0335481949,0.0335522617,0.0322477703,0.0327485622,2301374667.81,2346750748.69506,2020-09-12 23:59:59.999000+00:00,TRON_01_01_2020-01_01_2021_historical_data_coinmarketcap.csv,TRON,2020,9,12,0,23,0,17
2020-09-11 00:00:00+00:00,2020-09-11 23:59:59.999000+00:00,2020-09-11 16:31:01+00:00,2020-09-11 03:57:02+00:00,2781,0.0330772154,0.0344090114,0.0314313629,0.0335087301,2419591538.61,2401224115.63843,2020-09-11 23:59:59.999000+00:00,TRON_01_01_2020-01_01_2021_historical_data_coinmarketcap.csv,TRON,2020,9,11,0,23,16,3
2020-09-10 00:00:00+00:00,2020-09-10 23:59:59.999000+00:00,2020-09-10 02:23:02+00:00,2020-09-10 20:08:16+00:00,2781,0.0340587336,0.0351817347,0.0327256957,0.0330772154,2259381039.49,2370301923.65519,2020-09-10 23:59:59.999000+00:00,TRON_01_01_2020-01_01_2021_historical_data_coinmarketcap.csv,TRON,2020,9,10,0,23,2,20
2020-09-09 00:00:00+00:00,2020-09-09 23:59:59.999000+00:00,2020-09-09 01:04:03+00:00,2020-09-09 23:31:07+00:00,2781,0.0351095709,0.0358726039,0.0337931271,0.0340249396,2334257138.26,2438215516.46233,2020-09-09 23:59:59.999000+00:00,TRON_01_01_2020-01_01_2021_historical_data_coinmarketcap.csv,TRON,2020,9,9,0,23,1,23
2020-09-08 00:00:00+00:00,2020-09-08 23:59:59.999000+00:00,2020-09-08 16:48:02+00:00,2020-09-08 01:53:02+00:00,2781,0.0323287797,0.0354303995,0.0317595577,0.0350011419,3157190948.95,2508169832.62657,2020-09-08 23:59:59.999000+00:00,TRON_01_01_2020-01_01_2021_historical_data_coinmarketcap.csv,TRON,2020,9,8,0,23,16,1
2020-09-07 00:00:00+00:00,2020-09-07 23:59:59.999000+00:00,2020-09-07 23:21:03+00:00,2020-09-07 12:53:03+00:00,2781,0.031475722,0.0325516401,0.0286575284,0.0322764804,2401424525.77,2312921523.44703,2020-09-07 23:59:59.999000+00:00,TRON_01_01_2020-01_01_2021_historical_data_coinmarketcap.csv,TRON,2020,9,7,0,23,23,12
2020-09-06 00:00:00+00:00,2020-09-06 23:59:59.999000+00:00,2020-09-06 20:00:22+00:00,2020-09-06 05:29:11+00:00,2781,0.0299970343,0.0323742544,0.0281705777,0.0315233265,3126107644.75,2258950779.64072,2020-09-06 23:59:59.999000+00:00,TRON_01_01_2020-01_01_2021_historical_data_coinmarketcap.csv,TRON,2020,9,6,0,23,20,5
2020-09-05 00:00:00+00:00,2020-09-05 23:59:59.999000+00:00,2020-09-05 03:17:06+00:00,2020-09-05 18:56:06+00:00,2781,0.0357494495,0.0366561971,0.0281090741,0.0299970343,3631605784.01,2149577199.32224,2020-09-05 23:59:59.999000+00:00,TRON_01_01_2020-01_01_2021_historical_data_coinmarketcap.csv,TRON,2020,9,5,0,23,3,18
2020-09-04 00:00:00+00:00,2020-09-04 23:59:59.999000+00:00,2020-09-04 06:32:10+00:00,2020-09-04 14:53:14+00:00,2781,0.041029301,0.0444887887,0.0329938668,0.0356201101,5318358918.27,2552524882.57094,2020-09-04 23:59:59.999000+00:00,TRON_01_01_2020-01_01_2021_historical_data_coinmarketcap.csv,TRON,2020,9,4,0,23,6,14
2020-09-03 00:00:00+00:00,2020-09-03 23:59:59.999000+00:00,2020-09-03 18:26:10+00:00,2020-09-03 00:06:17+00:00,2781,0.0345443755,0.0488763864,0.0342915869,0.0411920089,6184131221.52,2951805243.81251,2020-09-03 23:59:59.999000+00:00,TRON_01_01_2020-01_01_2021_historical_data_coinmarketcap.csv,TRON,2020,9,3,0,23,18,0
2020-09-02 00:00:00+00:00,2020-09-02 23:59:59.999000+00:00,2020-09-02 13:26:07+00:00,2020-09-02 16:45:03+00:00,2781,0.0346172205,0.0380773464,0.0324146702,0.0344507167,4058694826.62,2468726552.90622,2020-09-02 23:59:59.999000+00:00,TRON_01_01_2020-01_01_2021_historical_data_coinmarketcap.csv,TRON,2020,9,2,0,23,13,16
2020-09-01 00:00:00+00:00,2020-09-01 23:59:59.999000+00:00,2020-09-01 21:47:02+00:00,2020-09-01 00:25:24+00:00,2781,0.0292767906,0.0356716855,0.0283803278,0.0345529542,2177409507.29,2476052862.26454,2020-09-01 23:59:59.999000+00:00,TRON_01_01_2020-01_01_2021_historical_data_coinmarketcap.csv,TRON,2020,9,1,0,23,21,0
2020-08-31 00:00:00+00:00,2020-08-31 23:59:59.999000+00:00,2020-08-31 18:10:15+00:00,2020-08-31 07:49:14+00:00,2781,0.0269914284,0.0297078809,0.0259086218,0.0292975404,1169223527.56,2099451707.21975,2020-08-31 23:59:59.999000+00:00,TRON_01_01_2020-01_01_2021_historical_data_coinmarketcap.csv,TRON,2020,8,31,0,23,18,7
2020-08-30 00:00:00+00:00,2020-08-30 23:59:59.999000+00:00,2020-08-30 20:19:10+00:00,2020-08-30 00:01:05+00:00,2781,0.025000671,0.0281397125,0.0249887903,0.0269523679,907256920.17,1931397451.97715,2020-08-30 23:59:59.999000+00:00,TRON_01_01_2020-01_01_2021_historical_data_coinmarketcap.csv,TRON,2020,8,30,0,23,20,0
2020-08-29 00:00:00+00:00,2020-08-29 23:59:59.999000+00:00,2020-08-29 18:35:12+00:00,2020-08-29 03:12:15+00:00,2781,0.0239853776,0.0251960063,0.023798948,0.0250380782,548310637.09,1794220105.79792,2020-08-29 23:59:59.999000+00:00,TRON_01_01_2020-01_01_2021_historical_data_coinmarketcap.csv,TRON,2020,8,29,0,23,18,3
2020-08-28 00:00:00+00:00,2020-08-28 23:59:59.999000+00:00,2020-08-28 16:20:01+00:00,2020-08-28 00:39:02+00:00,2781,0.0231080868,0.0242522445,0.0228025297,0.0239809428,563814715.16,1718466141.01284,2020-08-28 23:59:59.999000+00:00,TRON_01_01_2020-01_01_2021_historical_data_coinmarketcap.csv,TRON,2020,8,28,0,23,16,0
2020-08-27 00:00:00+00:00,2020-08-27 23:59:59.999000+00:00,2020-08-27 01:37:02+00:00,2020-08-27 17:09:11+00:00,2781,0.0237455178,0.0244700941,0.0223429941,0.0231000032,656715522.93,1655338315.35588,2020-08-27 23:59:59.999000+00:00,TRON_01_01_2020-01_01_2021_historical_data_coinmarketcap.csv,TRON,2020,8,27,0,23,1,17
2020-08-26 00:00:00+00:00,2020-08-26 23:59:59.999000+00:00,2020-08-26 17:18:06+00:00,2020-08-26 00:56:02+00:00,2781,0.0231234484,0.023922135,0.0228829859,0.0237467557,584388284.44,1701684374.19677,2020-08-26 23:59:59.999000+00:00,TRON_01_01_2020-01_01_2021_historical_data_coinmarketcap.csv,TRON,2020,8,26,0,23,17,0
2020-08-25 00:00:00+00:00,2020-08-25 23:59:59.999000+00:00,2020-08-25 01:57:11+00:00,2020-08-25 18:15:03+00:00,2781,0.025163625,0.0254072779,0.0224638085,0.0231324517,660656191.55,1657663559.52011,2020-08-25 23:59:59.999000+00:00,TRON_01_01_2020-01_01_2021_historical_data_coinmarketcap.csv,TRON,2020,8,25,0,23,1,18
2020-08-24 00:00:00+00:00,2020-08-24 23:59:59.999000+00:00,2020-08-24 12:15:06+00:00,2020-08-24 01:28:18+00:00,2781,0.0244516054,0.0256114095,0.0240488542,0.0251629656,562364026.75,1803169492.33602,2020-08-24 23:59:59.999000+00:00,TRON_01_01_2020-01_01_2021_historical_data_coinmarketcap.csv,TRON,2020,8,24,0,23,12,1
2020-08-23 00:00:00+00:00,2020-08-23 23:59:59.999000+00:00,2020-08-23 00:08:07+00:00,2020-08-23 12:02:05+00:00,2781,0.0251424497,0.0252320381,0.0238417906,0.0244651492,559951528.69,1753164209.0078,2020-08-23 23:59:59.999000+00:00,TRON_01_01_2020-01_01_2021_historical_data_coinmarketcap.csv,TRON,2020,8,23,0,23,0,12
2020-08-22 00:00:00+00:00,2020-08-22 23:59:59.999000+00:00,2020-08-22 23:13:03+00:00,2020-08-22 00:31:10+00:00,2781,0.0243493132,0.0254515488,0.0235483095,0.0251634718,871932825.06,1803205764.13998,2020-08-22 23:59:59.999000+00:00,TRON_01_01_2020-01_01_2021_historical_data_coinmarketcap.csv,TRON,2020,8,22,0,23,23,0
2020-08-21 00:00:00+00:00,2020-08-21 23:59:59.999000+00:00,2020-08-21 00:13:06+00:00,2020-08-21 23:44:02+00:00,2781,0.0275407249,0.0277291356,0.0242339102,0.0243433502,901541907.4,1744436133.38945,2020-08-21 23:59:59.999000+00:00,TRON_01_01_2020-01_01_2021_historical_data_coinmarketcap.csv,TRON,2020,8,21,0,23,0,23
2020-08-20 00:00:00+00:00,2020-08-20 23:59:59.999000+00:00,2020-08-20 01:11:04+00:00,2020-08-20 00:01:04+00:00,2781,0.0265193582,0.0277191224,0.0264495951,0.0275449503,925062329.65,1973861702.61362,2020-08-20 23:59:59.999000+00:00,TRON_01_01_2020-01_01_2021_historical_data_coinmarketcap.csv,TRON,2020,8,20,0,23,1,0
2020-08-19 00:00:00+00:00,2020-08-19 23:59:59.999000+00:00,2020-08-19 01:20:02+00:00,2020-08-19 20:23:03+00:00,2781,0.0287775973,0.0289246166,0.025642128,0.0265371256,1532284594.21,1901641329.03453,2020-08-19 23:59:59.999000+00:00,TRON_01_01_2020-01_01_2021_historical_data_coinmarketcap.csv,TRON,2020,8,19,0,23,1,20
2020-08-18 00:00:00+00:00,2020-08-18 23:59:59.999000+00:00,2020-08-18 03:02:03+00:00,2020-08-18 13:58:03+00:00,2781,0.0303322052,0.0323935346,0.0285074625,0.0288027372,1708225951.34,2063994279.52842,2020-08-18 23:59:59.999000+00:00,TRON_01_01_2020-01_01_2021_historical_data_coinmarketcap.csv,TRON,2020,8,18,0,23,3,13
2020-08-17 00:00:00+00:00,2020-08-17 23:59:59.999000+00:00,2020-08-17 23:11:04+00:00,2020-08-17 02:34:15+00:00,2781,0.0282074139,0.0311451056,0.026941582,0.0303881068,1342730120.77,2177601319.31017,2020-08-17 23:59:59.999000+00:00,TRON_01_01_2020-01_01_2021_historical_data_coinmarketcap.csv,TRON,2020,8,17,0,23,23,2
2020-08-16 00:00:00+00:00,2020-08-16 23:59:59.999000+00:00,2020-08-16 22:48:07+00:00,2020-08-16 12:14:01+00:00,2781,0.0252117801,0.0284444701,0.0242946406,0.0282074139,1128912474.97,2021333618.75006,2020-08-16 23:59:59.999000+00:00,TRON_01_01_2020-01_01_2021_historical_data_coinmarketcap.csv,TRON,2020,8,16,0,23,22,12
2020-08-15 00:00:00+00:00,2020-08-15 23:59:59.999000+00:00,2020-08-15 14:57:03+00:00,2020-08-15 09:47:01+00:00,2781,0.0247385039,0.0255082928,0.0237562811,0.0252007478,836345615.2,1805876955.62632,2020-08-15 23:59:59.999000+00:00,TRON_01_01_2020-01_01_2021_historical_data_coinmarketcap.csv,TRON,2020,8,15,0,23,14,9
2020-08-14 00:00:00+00:00,2020-08-14 23:59:59.999000+00:00,2020-08-14 16:18:03+00:00,2020-08-14 00:00:02+00:00,2781,0.0226283012,0.0257478,0.0226283012,0.0247504216,1078753054.04,1773606734.53014,2020-08-14 23:59:59.999000+00:00,TRON_01_01_2020-01_01_2021_historical_data_coinmarketcap.csv,TRON,2020,8,14,0,23,16,0
2020-08-13 00:00:00+00:00,2020-08-13 23:59:59.999000+00:00,2020-08-13 19:27:04+00:00,2020-08-13 09:19:01+00:00,2781,0.0203890227,0.0232132542,0.019705032,0.0226055411,771131136.15,1619905326.88972,2020-08-13 23:59:59.999000+00:00,TRON_01_01_2020-01_01_2021_historical_data_coinmarketcap.csv,TRON,2020,8,13,0,23,19,9
2020-08-12 00:00:00+00:00,2020-08-12 23:59:59.999000+00:00,2020-08-12 15:02:02+00:00,2020-08-12 06:10:02+00:00,2781,0.0201606272,0.0206639045,0.019190931,0.0203913372,477942728.66,1461236235.68187,2020-08-12 23:59:59.999000+00:00,TRON_01_01_2020-01_01_2021_historical_data_coinmarketcap.csv,TRON,2020,8,12,0,23,15,6
2020-08-11 00:00:00+00:00,2020-08-11 23:59:59.999000+00:00,2020-08-11 02:28:01+00:00,2020-08-11 21:11:02+00:00,2781,0.0215141684,0.0215218601,0.0196529791,0.0201572657,806259540.11,1444462750.00629,2020-08-11 23:59:59.999000+00:00,TRON_01_01_2020-01_01_2021_historical_data_coinmarketcap.csv,TRON,2020,8,11,0,23,2,21
2020-08-10 00:00:00+00:00,2020-08-10 23:59:59.999000+00:00,2020-08-10 12:46:01+00:00,2020-08-10 00:00:05+00:00,2781,0.0204959194,0.0217710006,0.0204959194,0.0215172484,596055236.76,1541918650.04233,2020-08-10 23:59:59.999000+00:00,TRON_01_01_2020-01_01_2021_historical_data_coinmarketcap.csv,TRON,2020,8,10,0,23,12,0
2020-08-09 00:00:00+00:00,2020-08-09 23:59:59.999000+00:00,2020-08-09 11:35:13+00:00,2020-08-09 15:15:02+00:00,2781,0.0204482487,0.0206337436,0.020205153,0.0204725502,383920387.08,1467055935.28394,2020-08-09 23:59:59.999000+00:00,TRON_01_01_2020-01_01_2021_historical_data_coinmarketcap.csv,TRON,2020,8,9,0,23,11,15
2020-08-08 00:00:00+00:00,2020-08-08 23:59:59.999000+00:00,2020-08-08 15:52:02+00:00,2020-08-08 00:28:14+00:00,2781,0.019898848,0.0205738433,0.0197837346,0.0204179518,396763867.25,1463143428.35461,2020-08-08 23:59:59.999000+00:00,TRON_01_01_2020-01_01_2021_historical_data_coinmarketcap.csv,TRON,2020,8,8,0,23,15,0
2020-08-07 00:00:00+00:00,2020-08-07 23:59:59.999000+00:00,2020-08-07 09:23:01+00:00,2020-08-07 18:38:03+00:00,2781,0.0202677336,0.0210596895,0.01931047,0.0199384516,800831329.06,1428782609.84752,2020-08-07 23:59:59.999000+00:00,TRON_01_01_2020-01_01_2021_historical_data_coinmarketcap.csv,TRON,2020,8,7,0,23,9,18
2020-08-06 00:00:00+00:00,2020-08-06 23:59:59.999000+00:00,2020-08-06 15:16:04+00:00,2020-08-06 04:38:02+00:00,2781,0.0204486819,0.0205374211,0.0200471783,0.0202751579,450623907.01,1452910867.03676,2020-08-06 23:59:59.999000+00:00,TRON_01_01_2020-01_01_2021_historical_data_coinmarketcap.csv,TRON,2020,8,6,0,23,15,4
2020-08-05 00:00:00+00:00,2020-08-05 23:59:59.999000+00:00,2020-08-05 11:18:07+00:00,2020-08-05 02:29:03+00:00,2781,0.0203594763,0.0207111866,0.0201724284,0.0204506666,472602438.45,1465487760.63076,2020-08-05 23:59:59.999000+00:00,TRON_01_01_2020-01_01_2021_historical_data_coinmarketcap.csv,TRON,2020,8,5,0,23,11,2
2020-08-04 00:00:00+00:00,2020-08-04 23:59:59.999000+00:00,2020-08-04 08:56:01+00:00,2020-08-04 00:00:12+00:00,2781,0.0198872686,0.0206359559,0.0198872686,0.0203520868,535229652.45,1458423565.85322,2020-08-04 23:59:59.999000+00:00,TRON_01_01_2020-01_01_2021_historical_data_coinmarketcap.csv,TRON,2020,8,4,0,23,8,0
2020-08-03 00:00:00+00:00,2020-08-03 23:59:59.999000+00:00,2020-08-03 19:02:08+00:00,2020-08-03 00:06:27+00:00,2781,0.0190559692,0.0200638524,0.0189362246,0.0198873467,530532808.21,1425120448.34614,2020-08-03 23:59:59.999000+00:00,TRON_01_01_2020-01_01_2021_historical_data_coinmarketcap.csv,TRON,2020,8,3,0,23,19,0
2020-08-02 00:00:00+00:00,2020-08-02 23:59:59.999000+00:00,2020-08-02 03:53:05+00:00,2020-08-02 11:50:17+00:00,2781,0.0204080244,0.0211217652,0.0187445363,0.019039175,764416764.22,1364340754.9623,2020-08-02 23:59:59.999000+00:00,TRON_01_01_2020-01_01_2021_historical_data_coinmarketcap.csv,TRON,2020,8,2,0,23,3,11
2020-08-01 00:00:00+00:00,2020-08-01 23:59:59.999000+00:00,2020-08-01 20:35:02+00:00,2020-08-01 14:22:02+00:00,2781,0.0196771484,0.0206796034,0.0194999565,0.0203955869,625808105.89,1461540770.74466,2020-08-01 23:59:59.999000+00:00,TRON_01_01_2020-01_01_2021_historical_data_coinmarketcap.csv,TRON,2020,8,1,0,23,20,14
2020-07-31 00:00:00+00:00,2020-07-31 23:59:59.999000+00:00,2020-07-31 21:46:05+00:00,2020-07-31 04:22:03+00:00,2781,0.0192694894,0.0197239321,0.0190181237,0.0196771484,472882523.15,1410057714.70305,2020-07-31 23:59:59.999000+00:00,TRON_01_01_2020-01_01_2021_historical_data_coinmarketcap.csv,TRON,2020,7,31,0,23,21,4
2020-07-30 00:00:00+00:00,2020-07-30 23:59:59.999000+00:00,2020-07-30 21:10:05+00:00,2020-07-30 13:08:01+00:00,2781,0.0193347114,0.0193842817,0.018817312,0.01927641,465222604.07,1381340937.33984,2020-07-30 23:59:59.999000+00:00,TRON_01_01_2020-01_01_2021_historical_data_coinmarketcap.csv,TRON,2020,7,30,0,23,21,13
2020-07-29 00:00:00+00:00,2020-07-29 23:59:59.999000+00:00,2020-07-29 03:18:03+00:00,2020-07-29 01:01:03+00:00,2781,0.0191204963,0.0198464395,0.0190143138,0.019325354,561417584.0,1384848244.8584,2020-07-29 23:59:59.999000+00:00,TRON_01_01_2020-01_01_2021_historical_data_coinmarketcap.csv,TRON,2020,7,29,0,23,3,1
2020-07-28 00:00:00+00:00,2020-07-28 23:59:59.999000+00:00,2020-07-28 20:43:23+00:00,2020-07-28 10:17:01+00:00,2781,0.018717574,0.019441571,0.0182648457,0.0191221898,548888123.68,1370289569.05037,2020-07-28 23:59:59.999000+00:00,TRON_01_01_2020-01_01_2021_historical_data_coinmarketcap.csv,TRON,2020,7,28,0,23,20,10
2020-07-27 00:00:00+00:00,2020-07-27 23:59:59.999000+00:00,2020-07-27 22:28:01+00:00,2020-07-27 15:22:04+00:00,2781,0.0185252236,0.0190519848,0.0178257305,0.0186658761,570027397.54,1337590283.99287,2020-07-27 23:59:59.999000+00:00,TRON_01_01_2020-01_01_2021_historical_data_coinmarketcap.csv,TRON,2020,7,27,0,23,22,15
2020-07-26 00:00:00+00:00,2020-07-26 23:59:59.999000+00:00,2020-07-26 08:26:05+00:00,2020-07-26 12:38:20+00:00,2781,0.0186809127,0.0191656905,0.0183305067,0.0185248275,456539888.18,1327482791.02745,2020-07-26 23:59:59.999000+00:00,TRON_01_01_2020-01_01_2021_historical_data_coinmarketcap.csv,TRON,2020,7,26,0,23,8,12
2020-07-25 00:00:00+00:00,2020-07-25 23:59:59.999000+00:00,2020-07-25 22:35:11+00:00,2020-07-25 00:05:06+00:00,2781,0.0179496757,0.0187242716,0.0179235433,0.0186831145,425724567.45,1338825586.00106,2020-07-25 23:59:59.999000+00:00,TRON_01_01_2020-01_01_2021_historical_data_coinmarketcap.csv,TRON,2020,7,25,0,23,22,0
2020-07-24 00:00:00+00:00,2020-07-24 23:59:59.999000+00:00,2020-07-24 21:58:03+00:00,2020-07-24 07:29:01+00:00,2781,0.0178654077,0.0182402118,0.0175356183,0.0179585809,387143586.25,1286905756.67302,2020-07-24 23:59:59.999000+00:00,TRON_01_01_2020-01_01_2021_historical_data_coinmarketcap.csv,TRON,2020,7,24,0,23,21,7
2020-07-23 00:00:00+00:00,2020-07-23 23:59:59.999000+00:00,2020-07-23 00:48:01+00:00,2020-07-23 06:42:06+00:00,2781,0.0179475464,0.0180082457,0.0177761585,0.0178635125,383109394.38,1191176033.33105,2020-07-23 23:59:59.999000+00:00,TRON_01_01_2020-01_01_2021_historical_data_coinmarketcap.csv,TRON,2020,7,23,0,23,0,6
2020-07-22 00:00:00+00:00,2020-07-22 23:59:59.999000+00:00,2020-07-22 23:30:02+00:00,2020-07-22 08:02:48+00:00,2781,0.0175625943,0.0179747621,0.0174383379,0.017952913,321816293.68,1197137438.70479,2020-07-22 23:59:59.999000+00:00,TRON_01_01_2020-01_01_2021_historical_data_coinmarketcap.csv,TRON,2020,7,22,0,23,23,8
2020-07-21 00:00:00+00:00,2020-07-21 23:59:59.999000+00:00,2020-07-21 13:37:06+00:00,2020-07-21 00:09:04+00:00,2781,0.0172166295,0.0176485217,0.01717994,0.0175618522,361737984.25,1171060697.84881,2020-07-21 23:59:59.999000+00:00,TRON_01_01_2020-01_01_2021_historical_data_coinmarketcap.csv,TRON,2020,7,21,0,23,13,0
2020-07-20 00:00:00+00:00,2020-07-20 23:59:59.999000+00:00,2020-07-20 00:18:16+00:00,2020-07-20 19:55:12+00:00,2781,0.0174790226,0.0175172199,0.0170998394,0.0172192326,339773904.84,1148214111.47375,2020-07-20 23:59:59.999000+00:00,TRON_01_01_2020-01_01_2021_historical_data_coinmarketcap.csv,TRON,2020,7,20,0,23,0,19
2020-07-19 00:00:00+00:00,2020-07-19 23:59:59.999000+00:00,2020-07-19 00:38:18+00:00,2020-07-19 16:04:18+00:00,2781,0.0173958866,0.0175326488,0.0172469476,0.0174774798,335531449.96,1165434572.51464,2020-07-19 23:59:59.999000+00:00,TRON_01_01_2020-01_01_2021_historical_data_coinmarketcap.csv,TRON,2020,7,19,0,23,0,16
2020-07-18 00:00:00+00:00,2020-07-18 23:59:59.999000+00:00,2020-07-18 23:49:13+00:00,2020-07-18 08:28:06+00:00,2781,0.0171823652,0.0174635398,0.0170157597,0.0174003042,313414179.82,1160288339.69646,2020-07-18 23:59:59.999000+00:00,TRON_01_01_2020-01_01_2021_historical_data_coinmarketcap.csv,TRON,2020,7,18,0,23,23,8
2020-07-17 00:00:00+00:00,2020-07-17 23:59:59.999000+00:00,2020-07-17 13:10:01+00:00,2020-07-17 05:44:03+00:00,2781,0.017137498,0.0173259405,0.0170391864,0.0171829462,321094831.36,1145794457.28895,2020-07-17 23:59:59.999000+00:00,TRON_01_01_2020-01_01_2021_historical_data_coinmarketcap.csv,TRON,2020,7,17,0,23,13,5
2020-07-16 00:00:00+00:00,2020-07-16 23:59:59.999000+00:00,2020-07-16 00:50:03+00:00,2020-07-16 10:15:08+00:00,2781,0.0175563458,0.0175943115,0.0167687998,0.0171443375,407189008.89,1143219950.08188,2020-07-16 23:59:59.999000+00:00,TRON_01_01_2020-01_01_2021_historical_data_coinmarketcap.csv,TRON,2020,7,16,0,23,0,10
2020-07-15 00:00:00+00:00,2020-07-15 23:59:59.999000+00:00,2020-07-15 02:05:12+00:00,2020-07-15 09:30:30+00:00,2781,0.0176397182,0.0177707197,0.0174934562,0.0175606007,381803425.77,1170977243.34169,2020-07-15 23:59:59.999000+00:00,TRON_01_01_2020-01_01_2021_historical_data_coinmarketcap.csv,TRON,2020,7,15,0,23,2,9
2020-07-14 00:00:00+00:00,2020-07-14 23:59:59.999000+00:00,2020-07-14 18:24:25+00:00,2020-07-14 04:25:11+00:00,2781,0.0175374887,0.0177479104,0.0171983436,0.017640633,440691747.47,1176313962.88125,2020-07-14 23:59:59.999000+00:00,TRON_01_01_2020-01_01_2021_historical_data_coinmarketcap.csv,TRON,2020,7,14,0,23,18,4
2020-07-13 00:00:00+00:00,2020-07-13 23:59:59.999000+00:00,2020-07-13 12:53:06+00:00,2020-07-13 19:38:20+00:00,2781,0.0181532901,0.0183376326,0.017372328,0.017552602,496850309.03,1170443870.73689,2020-07-13 23:59:59.999000+00:00,TRON_01_01_2020-01_01_2021_historical_data_coinmarketcap.csv,TRON,2020,7,13,0,23,12,19
2020-07-12 00:00:00+00:00,2020-07-12 23:59:59.999000+00:00,2020-07-12 01:43:02+00:00,2020-07-12 17:47:08+00:00,2781,0.0183768031,0.0184804213,0.0179675584,0.0181532901,427938227.4,1210498998.68577,2020-07-12 23:59:59.999000+00:00,TRON_01_01_2020-01_01_2021_historical_data_coinmarketcap.csv,TRON,2020,7,12,0,23,1,17
2020-07-11 00:00:00+00:00,2020-07-11 23:59:59.999000+00:00,2020-07-11 07:59:01+00:00,2020-07-11 00:00:03+00:00,2781,0.0181337081,0.0187635837,0.0181337081,0.0183656367,497162339.08,1224658712.19708,2020-07-11 23:59:59.999000+00:00,TRON_01_01_2020-01_01_2021_historical_data_coinmarketcap.csv,TRON,2020,7,11,0,23,7,0
2020-07-10 00:00:00+00:00,2020-07-10 23:59:59.999000+00:00,2020-07-10 03:40:10+00:00,2020-07-10 07:06:04+00:00,2781,0.0184295533,0.0185720259,0.0178241467,0.0181426707,572487094.57,1209790878.84254,2020-07-10 23:59:59.999000+00:00,TRON_01_01_2020-01_01_2021_historical_data_coinmarketcap.csv,TRON,2020,7,10,0,23,3,7
2020-07-09 00:00:00+00:00,2020-07-09 23:59:59.999000+00:00,2020-07-09 06:44:02+00:00,2020-07-09 02:02:11+00:00,2781,0.0179000688,0.0187823381,0.0176035019,0.0184510465,807804059.96,1230354015.19332,2020-07-09 23:59:59.999000+00:00,TRON_01_01_2020-01_01_2021_historical_data_coinmarketcap.csv,TRON,2020,7,9,0,23,6,2
2020-07-08 00:00:00+00:00,2020-07-08 23:59:59.999000+00:00,2020-07-08 22:42:02+00:00,2020-07-08 00:28:22+00:00,2781,0.0171447818,0.0180662978,0.0168514013,0.0179055912,766932917.08,1193981923.06098,2020-07-08 23:59:59.999000+00:00,TRON_01_01_2020-01_01_2021_historical_data_coinmarketcap.csv,TRON,2020,7,8,0,23,22,0
2020-07-07 00:00:00+00:00,2020-07-07 23:59:59.999000+00:00,2020-07-07 00:16:13+00:00,2020-07-07 20:27:18+00:00,2781,0.0180054722,0.0180647955,0.0171030399,0.0171902038,703321313.15,1146278410.64978,2020-07-07 23:59:59.999000+00:00,TRON_01_01_2020-01_01_2021_historical_data_coinmarketcap.csv,TRON,2020,7,7,0,23,0,20
2020-07-06 00:00:00+00:00,2020-07-06 23:59:59.999000+00:00,2020-07-06 23:58:20+00:00,2020-07-06 00:00:15+00:00,2781,0.0168404697,0.0180822925,0.0168404697,0.0180204962,1023605276.42,1201644030.21364,2020-07-06 23:59:59.999000+00:00,TRON_01_01_2020-01_01_2021_historical_data_coinmarketcap.csv,TRON,2020,7,6,0,23,23,0
2020-07-05 00:00:00+00:00,2020-07-05 23:59:59.999000+00:00,2020-07-05 00:23:03+00:00,2020-07-05 10:06:03+00:00,2781,0.0168087619,0.0168439656,0.0164272356,0.0168404697,649642720.74,1122957416.63924,2020-07-05 23:59:59.999000+00:00,TRON_01_01_2020-01_01_2021_historical_data_coinmarketcap.csv,TRON,2020,7,5,0,23,0,10
2020-07-04 00:00:00+00:00,2020-07-04 23:59:59.999000+00:00,2020-07-04 03:27:03+00:00,2020-07-04 00:05:02+00:00,2781,0.0166453206,0.0169339568,0.0166057641,0.0168038743,640532540.92,1120517161.62171,2020-07-04 23:59:59.999000+00:00,TRON_01_01_2020-01_01_2021_historical_data_coinmarketcap.csv,TRON,2020,7,4,0,23,3,0
2020-07-03 00:00:00+00:00,2020-07-03 23:59:59.999000+00:00,2020-07-03 08:11:02+00:00,2020-07-03 23:43:15+00:00,2781,0.0166887067,0.0170350019,0.0165690296,0.0166624492,585485000.6,1111086638.46615,2020-07-03 23:59:59.999000+00:00,TRON_01_01_2020-01_01_2021_historical_data_coinmarketcap.csv,TRON,2020,7,3,0,23,8,23
2020-07-02 00:00:00+00:00,2020-07-02 23:59:59.999000+00:00,2020-07-02 02:47:11+00:00,2020-07-02 16:44:20+00:00,2781,0.0168653032,0.0172256696,0.0162858302,0.0166943999,784497063.05,1113217182.58465,2020-07-02 23:59:59.999000+00:00,TRON_01_01_2020-01_01_2021_historical_data_coinmarketcap.csv,TRON,2020,7,2,0,23,2,16
2020-07-01 00:00:00+00:00,2020-07-01 23:59:59.999000+00:00,2020-07-01 16:40:03+00:00,2020-07-01 03:45:16+00:00,2781,0.0163714805,0.0170347828,0.0162509264,0.0168711191,691472812.08,1125001179.24866,2020-07-01 23:59:59.999000+00:00,TRON_01_01_2020-01_01_2021_historical_data_coinmarketcap.csv,TRON,2020,7,1,0,23,16,3
2020-06-30 00:00:00+00:00,2020-06-30 23:59:59.999000+00:00,2020-06-30 12:00:13+00:00,2020-06-30 01:38:06+00:00,2781,0.0161935547,0.016604744,0.0161805686,0.0163722285,670713845.54,1091734121.45079,2020-06-30 23:59:59.999000+00:00,TRON_01_01_2020-01_01_2021_historical_data_coinmarketcap.csv,TRON,2020,6,30,0,23,12,1
2020-06-29 00:00:00+00:00,2020-06-29 23:59:59.999000+00:00,2020-06-29 18:41:16+00:00,2020-06-29 08:26:00+00:00,2781,0.0158155917,0.0163684361,0.015794758,0.0162030331,715965924.11,1080451824.54756,2020-06-29 23:59:59.999000+00:00,TRON_01_01_2020-01_01_2021_historical_data_coinmarketcap.csv,TRON,2020,6,29,0,23,18,8
2020-06-28 00:00:00+00:00,2020-06-28 23:59:59.999000+00:00,2020-06-28 19:10:01+00:00,2020-06-28 04:56:02+00:00,2781,0.015512707,0.0160246904,0.0153413147,0.0158152679,524320333.49,1054594838.09465,2020-06-28 23:59:59.999000+00:00,TRON_01_01_2020-01_01_2021_historical_data_coinmarketcap.csv,TRON,2020,6,28,0,23,19,4
2020-06-27 00:00:00+00:00,2020-06-27 23:59:59.999000+00:00,2020-06-27 12:32:06+00:00,2020-06-27 19:54:05+00:00,2781,0.0158401189,0.016074674,0.0152361515,0.015512707,579087365.45,1034419445.57079,2020-06-27 23:59:59.999000+00:00,TRON_01_01_2020-01_01_2021_historical_data_coinmarketcap.csv,TRON,2020,6,27,0,23,12,19
2020-06-26 00:00:00+00:00,2020-06-26 23:59:59.999000+00:00,2020-06-26 03:57:01+00:00,2020-06-26 11:51:00+00:00,2781,0.0159254109,0.016091675,0.0157176032,0.0158405747,536770367.9,1056282345.50529,2020-06-26 23:59:59.999000+00:00,TRON_01_01_2020-01_01_2021_historical_data_coinmarketcap.csv,TRON,2020,6,26,0,23,3,11
2020-06-25 00:00:00+00:00,2020-06-25 23:59:59.999000+00:00,2020-06-25 21:19:07+00:00,2020-06-25 03:39:21+00:00,2781,0.0159632636,0.0160841697,0.0156000999,0.015932721,514058865.46,1062426851.78073,2020-06-25 23:59:59.999000+00:00,TRON_01_01_2020-01_01_2021_historical_data_coinmarketcap.csv,TRON,2020,6,25,0,23,21,3
2020-06-24 00:00:00+00:00,2020-06-24 23:59:59.999000+00:00,2020-06-24 07:06:07+00:00,2020-06-24 15:58:10+00:00,2781,0.0165307633,0.0168177766,0.0158464755,0.0159643277,586064620.36,1064534452.53198,2020-06-24 23:59:59.999000+00:00,TRON_01_01_2020-01_01_2021_historical_data_coinmarketcap.csv,TRON,2020,6,24,0,23,7,15
2020-06-23 00:00:00+00:00,2020-06-23 23:59:59.999000+00:00,2020-06-23 20:38:00+00:00,2020-06-23 01:59:18+00:00,2781,0.0163288378,0.0167583026,0.0161335509,0.016525138,782289504.92,1101930447.35604,2020-06-23 23:59:59.999000+00:00,TRON_01_01_2020-01_01_2021_historical_data_coinmarketcap.csv,TRON,2020,6,23,0,23,20,1
2020-06-22 00:00:00+00:00,2020-06-22 23:59:59.999000+00:00,2020-06-22 23:46:03+00:00,2020-06-22 00:09:04+00:00,2781,0.0158383297,0.0163554527,0.0158381062,0.0163309487,785970254.05,1088981496.96671,2020-06-22 23:59:59.999000+00:00,TRON_01_01_2020-01_01_2021_historical_data_coinmarketcap.csv,TRON,2020,6,22,0,23,23,0
2020-06-21 00:00:00+00:00,2020-06-21 23:59:59.999000+00:00,2020-06-21 09:58:02+00:00,2020-06-21 23:28:01+00:00,2781,0.0159341599,0.016050902,0.0158170485,0.0158393691,912842171.52,1056201955.2261,2020-06-21 23:59:59.999000+00:00,TRON_01_01_2020-01_01_2021_historical_data_coinmarketcap.csv,TRON,2020,6,21,0,23,9,23
2020-06-20 00:00:00+00:00,2020-06-20 23:59:59.999000+00:00,2020-06-20 22:51:03+00:00,2020-06-20 15:30:23+00:00,2781,0.0157994375,0.0160819475,0.0157113345,0.0159307885,890585140.15,1062297989.06298,2020-06-20 23:59:59.999000+00:00,TRON_01_01_2020-01_01_2021_historical_data_coinmarketcap.csv,TRON,2020,6,20,0,23,22,15
2020-06-19 00:00:00+00:00,2020-06-19 23:59:59.999000+00:00,2020-06-19 13:53:07+00:00,2020-06-19 03:53:21+00:00,2781,0.0160616238,0.0161295692,0.0157606756,0.0157994375,783041745.08,1053539228.8778,2020-06-19 23:59:59.999000+00:00,TRON_01_01_2020-01_01_2021_historical_data_coinmarketcap.csv,TRON,2020,6,19,0,23,13,3
2020-06-18 00:00:00+00:00,2020-06-18 23:59:59.999000+00:00,2020-06-18 01:16:01+00:00,2020-06-18 21:21:08+00:00,2781,0.0161998416,0.016210225,0.0158959892,0.0160641007,800422737.84,1071187522.12055,2020-06-18 23:59:59.999000+00:00,TRON_01_01_2020-01_01_2021_historical_data_coinmarketcap.csv,TRON,2020,6,18,0,23,1,21
2020-06-17 00:00:00+00:00,2020-06-17 23:59:59.999000+00:00,2020-06-17 13:24:02+00:00,2020-06-17 20:07:17+00:00,2781,0.0161445649,0.0164501838,0.0159677995,0.0161998416,1212665543.47,1080239006.2936,2020-06-17 23:59:59.999000+00:00,TRON_01_01_2020-01_01_2021_historical_data_coinmarketcap.csv,TRON,2020,6,17,0,23,13,20
2020-06-16 00:00:00+00:00,2020-06-16 23:59:59.999000+00:00,2020-06-16 03:40:01+00:00,2020-06-16 02:31:17+00:00,2781,0.0161107844,0.0162318921,0.0160197579,0.0161463114,1204257817.93,1076669504.84019,2020-06-16 23:59:59.999000+00:00,TRON_01_01_2020-01_01_2021_historical_data_coinmarketcap.csv,TRON,2020,6,16,0,23,3,2
2020-06-15 00:00:00+00:00,2020-06-15 23:59:59.999000+00:00,2020-06-15 00:00:11+00:00,2020-06-15 06:36:05+00:00,2781,0.0162568146,0.0162568146,0.0151702058,0.0161133081,1347052816.87,1074468776.45371,2020-06-15 23:59:59.999000+00:00,TRON_01_01_2020-01_01_2021_historical_data_coinmarketcap.csv,TRON,2020,6,15,0,23,0,6
2020-06-14 00:00:00+00:00,2020-06-14 23:59:59.999000+00:00,2020-06-14 00:03:05+00:00,2020-06-14 22:25:11+00:00,2781,0.0167064695,0.0167225739,0.0161757528,0.0162568146,1332912266.17,1084038087.57339,2020-06-14 23:59:59.999000+00:00,TRON_01_01_2020-01_01_2021_historical_data_coinmarketcap.csv,TRON,2020,6,14,0,23,0,22
2020-06-13 00:00:00+00:00,2020-06-13 23:59:59.999000+00:00,2020-06-13 19:49:08+00:00,2020-06-13 04:27:06+00:00,2781,0.016475102,0.0167356701,0.0161974364,0.0167045135,1362642566.01,1113891577.42975,2020-06-13 23:59:59.999000+00:00,TRON_01_01_2020-01_01_2021_historical_data_coinmarketcap.csv,TRON,2020,6,13,0,23,19,4
2020-06-12 00:00:00+00:00,2020-06-12 23:59:59.999000+00:00,2020-06-12 14:03:04+00:00,2020-06-12 00:09:02+00:00,2781,0.0158131168,0.0166382169,0.0157104621,0.0164584826,1431010897.11,1097485725.93434,2020-06-12 23:59:59.999000+00:00,TRON_01_01_2020-01_01_2021_historical_data_coinmarketcap.csv,TRON,2020,6,12,0,23,14,0
2020-06-11 00:00:00+00:00,2020-06-11 23:59:59.999000+00:00,2020-06-11 01:38:02+00:00,2020-06-11 17:03:11+00:00,2781,0.0176054087,0.0177035456,0.0156479213,0.0158063519,1479076107.85,1054000297.98503,2020-06-11 23:59:59.999000+00:00,TRON_01_01_2020-01_01_2021_historical_data_coinmarketcap.csv,TRON,2020,6,11,0,23,1,17
2020-06-10 00:00:00+00:00,2020-06-10 23:59:59.999000+00:00,2020-06-10 02:05:04+00:00,2020-06-10 18:55:01+00:00,2781,0.0176075709,0.0176666775,0.0173716474,0.0176083272,1453161201.96,1174159746.77382,2020-06-10 23:59:59.999000+00:00,TRON_01_01_2020-01_01_2021_historical_data_coinmarketcap.csv,TRON,2020,6,10,0,23,2,18
2020-06-09 00:00:00+00:00,2020-06-09 23:59:59.999000+00:00,2020-06-09 00:03:01+00:00,2020-06-09 04:21:05+00:00,2781,0.0179541484,0.0179636975,0.0175057408,0.0176087039,1527613343.47,1174184864.78348,2020-06-09 23:59:59.999000+00:00,TRON_01_01_2020-01_01_2021_historical_data_coinmarketcap.csv,TRON,2020,6,9,0,23,0,4
2020-06-08 00:00:00+00:00,2020-06-08 23:59:59.999000+00:00,2020-06-08 08:18:02+00:00,2020-06-08 23:01:01+00:00,2781,0.0181932803,0.0185584915,0.0177813384,0.0179565965,1671492248.33,1197383066.23866,2020-06-08 23:59:59.999000+00:00,TRON_01_01_2020-01_01_2021_historical_data_coinmarketcap.csv,TRON,2020,6,8,0,23,8,23
2020-06-07 00:00:00+00:00,2020-06-07 23:59:59.999000+00:00,2020-06-07 20:45:03+00:00,2020-06-07 14:09:06+00:00,2781,0.0170009272,0.0181986666,0.016991592,0.0181790037,1796519391.67,1212213636.77105,2020-06-07 23:59:59.999000+00:00,TRON_01_01_2020-01_01_2021_historical_data_coinmarketcap.csv,TRON,2020,6,7,0,23,20,14
2020-06-06 00:00:00+00:00,2020-06-06 23:59:59.999000+00:00,2020-06-06 12:17:03+00:00,2020-06-06 03:34:02+00:00,2781,0.0169313068,0.0170958916,0.016641429,0.0169932481,1517537231.39,1133144993.85661,2020-06-06 23:59:59.999000+00:00,TRON_01_01_2020-01_01_2021_historical_data_coinmarketcap.csv,TRON,2020,6,6,0,23,12,3
2020-06-05 00:00:00+00:00,2020-06-05 23:59:59.999000+00:00,2020-06-05 09:03:02+00:00,2020-06-05 00:36:04+00:00,2781,0.0169089412,0.0172681591,0.0168159899,0.0169376182,1509634218.32,1129435476.70878,2020-06-05 23:59:59.999000+00:00,TRON_01_01_2020-01_01_2021_historical_data_coinmarketcap.csv,TRON,2020,6,5,0,23,9,0
2020-06-04 00:00:00+00:00,2020-06-04 23:59:59.999000+00:00,2020-06-04 04:10:01+00:00,2020-06-04 11:35:02+00:00,2781,0.016880721,0.0173147868,0.016466038,0.0169098243,1580934885.38,1127582122.04254,2020-06-04 23:59:59.999000+00:00,TRON_01_01_2020-01_01_2021_historical_data_coinmarketcap.csv,TRON,2020,6,4,0,23,4,11
2020-06-03 00:00:00+00:00,2020-06-03 23:59:59.999000+00:00,2020-06-03 21:27:06+00:00,2020-06-03 05:33:03+00:00,2781,0.0163091518,0.0169149858,0.0161224332,0.0168749164,1607589690.4,1125254391.5815,2020-06-03 23:59:59.999000+00:00,TRON_01_01_2020-01_01_2021_historical_data_coinmarketcap.csv,TRON,2020,6,3,0,23,21,5
2020-06-02 00:00:00+00:00,2020-06-02 23:59:59.999000+00:00,2020-06-02 13:29:02+00:00,2020-06-02 15:34:01+00:00,2781,0.0169999422,0.0174357529,0.0158989071,0.0163067674,1668286861.54,1087369039.33479,2020-06-02 23:59:59.999000+00:00,TRON_01_01_2020-01_01_2021_historical_data_coinmarketcap.csv,TRON,2020,6,2,0,23,13,15
2020-06-01 00:00:00+00:00,2020-06-01 23:59:59.999000+00:00,2020-06-01 23:54:03+00:00,2020-06-01 00:06:03+00:00,2781,0.0158703161,0.0170264801,0.0158158948,0.0170074276,1709386487.06,1134090518.00057,2020-06-01 23:59:59.999000+00:00,TRON_01_01_2020-01_01_2021_historical_data_coinmarketcap.csv,TRON,2020,6,1,0,23,23,0
2020-05-31 00:00:00+00:00,2020-05-31 23:59:59.999000+00:00,2020-05-31 12:09:03+00:00,2020-05-31 23:44:02+00:00,2781,0.0163179765,0.0171020127,0.0157402081,0.0158911107,1730497289.03,1059652188.51171,2020-05-31 23:59:59.999000+00:00,TRON_01_01_2020-01_01_2021_historical_data_coinmarketcap.csv,TRON,2020,5,31,0,23,12,23
2020-05-30 00:00:00+00:00,2020-05-30 23:59:59.999000+00:00,2020-05-30 21:59:05+00:00,2020-05-30 00:37:03+00:00,2781,0.0150135752,0.0163258611,0.0149288155,0.0163144149,1646591606.48,1087878990.78861,2020-05-30 23:59:59.999000+00:00,TRON_01_01_2020-01_01_2021_historical_data_coinmarketcap.csv,TRON,2020,5,30,0,23,21,0
2020-05-29 00:00:00+00:00,2020-05-29 23:59:59.999000+00:00,2020-05-29 00:38:02+00:00,2020-05-29 22:12:05+00:00,2781,0.0151194546,0.0153212933,0.0149340267,0.015011456,1366748931.88,1000994991.06298,2020-05-29 23:59:59.999000+00:00,TRON_01_01_2020-01_01_2021_historical_data_coinmarketcap.csv,TRON,2020,5,29,0,23,0,22
2020-05-28 00:00:00+00:00,2020-05-28 23:59:59.999000+00:00,2020-05-28 23:45:08+00:00,2020-05-28 05:05:03+00:00,2781,0.0147290069,0.0151573259,0.0146168746,0.0151306973,1428376208.66,1008946251.76531,2020-05-28 23:59:59.999000+00:00,TRON_01_01_2020-01_01_2021_historical_data_coinmarketcap.csv,TRON,2020,5,28,0,23,23,5
2020-05-27 00:00:00+00:00,2020-05-27 23:59:59.999000+00:00,2020-05-27 12:36:01+00:00,2020-05-27 04:45:01+00:00,2781,0.0145687821,0.0148930621,0.0145251624,0.0147298343,1379206168.55,982215875.000154,2020-05-27 23:59:59.999000+00:00,TRON_01_01_2020-01_01_2021_historical_data_coinmarketcap.csv,TRON,2020,5,27,0,23,12,4
2020-05-26 00:00:00+00:00,2020-05-26 23:59:59.999000+00:00,2020-05-26 00:20:07+00:00,2020-05-26 16:02:05+00:00,2781,0.014744289,0.0147674216,0.0143280059,0.0145660615,1406337763.08,971295166.721222,2020-05-26 23:59:59.999000+00:00,TRON_01_01_2020-01_01_2021_historical_data_coinmarketcap.csv,TRON,2020,5,26,0,23,0,16
2020-05-25 00:00:00+00:00,2020-05-25 23:59:59.999000+00:00,2020-05-25 23:40:07+00:00,2020-05-25 03:24:02+00:00,2781,0.0143905473,0.0147663333,0.0142580077,0.0147422355,1472796404.35,983042810.3466,2020-05-25 23:59:59.999000+00:00,TRON_01_01_2020-01_01_2021_historical_data_coinmarketcap.csv,TRON,2020,5,25,0,23,23,3
2020-05-24 00:00:00+00:00,2020-05-24 23:59:59.999000+00:00,2020-05-24 09:10:01+00:00,2020-05-24 23:59:01+00:00,2781,0.0150438445,0.0152693647,0.0144296042,0.0144296042,1484128068.05,962195908.364258,2020-05-24 23:59:59.999000+00:00,TRON_01_01_2020-01_01_2021_historical_data_coinmarketcap.csv,TRON,2020,5,24,0,23,9,23
2020-05-23 00:00:00+00:00,2020-05-23 23:59:59.999000+00:00,2020-05-23 03:05:03+00:00,2020-05-23 00:04:02+00:00,2781,0.0148568737,0.01558899,0.0148511567,0.0150478053,1511113355.77,1003418838.91663,2020-05-23 23:59:59.999000+00:00,TRON_01_01_2020-01_01_2021_historical_data_coinmarketcap.csv,TRON,2020,5,23,0,23,3,0
2020-05-22 00:00:00+00:00,2020-05-22 23:59:59.999000+00:00,2020-05-22 22:05:07+00:00,2020-05-22 00:41:01+00:00,2781,0.0142580084,0.0150565954,0.014136463,0.0148592612,1529285625.85,990846328.055937,2020-05-22 23:59:59.999000+00:00,TRON_01_01_2020-01_01_2021_historical_data_coinmarketcap.csv,TRON,2020,5,22,0,23,22,0
2020-05-21 00:00:00+00:00,2020-05-21 23:59:59.999000+00:00,2020-05-21 01:19:01+00:00,2020-05-21 19:05:05+00:00,2781,0.0149975962,0.0150420634,0.013920572,0.0142562586,1485466979.74,950636866.624809,2020-05-21 23:59:59.999000+00:00,TRON_01_01_2020-01_01_2021_historical_data_coinmarketcap.csv,TRON,2020,5,21,0,23,1,19
2020-05-20 00:00:00+00:00,2020-05-20 23:59:59.999000+00:00,2020-05-20 00:00:03+00:00,2020-05-20 16:23:03+00:00,2781,0.0155099026,0.0155099026,0.0148037,0.0150006882,1549092830.17,1000276975.30684,2020-05-20 23:59:59.999000+00:00,TRON_01_01_2020-01_01_2021_historical_data_coinmarketcap.csv,TRON,2020,5,20,0,23,0,16
2020-05-19 00:00:00+00:00,2020-05-19 23:59:59.999000+00:00,2020-05-19 23:59:02+00:00,2020-05-19 04:02:04+00:00,2781,0.0153520156,0.0155118598,0.0151720827,0.0155118598,1525778976.76,1034362953.18606,2020-05-19 23:59:59.999000+00:00,TRON_01_01_2020-01_01_2021_historical_data_coinmarketcap.csv,TRON,2020,5,19,0,23,23,4
2020-05-18 00:00:00+00:00,2020-05-18 23:59:59.999000+00:00,2020-05-18 05:46:04+00:00,2020-05-18 00:05:07+00:00,2781,0.0150105996,0.0155247915,0.0149895305,0.0153558619,1514322600.63,1023960689.81652,2020-05-18 23:59:59.999000+00:00,TRON_01_01_2020-01_01_2021_historical_data_coinmarketcap.csv,TRON,2020,5,18,0,23,5,0
2020-05-17 00:00:00+00:00,2020-05-17 23:59:59.999000+00:00,2020-05-17 16:00:01+00:00,2020-05-17 10:02:01+00:00,2781,0.0149644112,0.0151394228,0.014939722,0.0150038998,1507268888.77,1000491131.70328,2020-05-17 23:59:59.999000+00:00,TRON_01_01_2020-01_01_2021_historical_data_coinmarketcap.csv,TRON,2020,5,17,0,23,16,10
2020-05-16 00:00:00+00:00,2020-05-16 23:59:59.999000+00:00,2020-05-16 05:40:03+00:00,2020-05-16 00:17:01+00:00,2781,0.0149163742,0.0150815527,0.0148310842,0.0149619979,1494408339.34,997697025.15562,2020-05-16 23:59:59.999000+00:00,TRON_01_01_2020-01_01_2021_historical_data_coinmarketcap.csv,TRON,2020,5,16,0,23,5,0
2020-05-15 00:00:00+00:00,2020-05-15 23:59:59.999000+00:00,2020-05-15 00:10:04+00:00,2020-05-15 20:46:02+00:00,2781,0.0152609935,0.01527229,0.0147847685,0.0149168315,1521940437.39,994685234.856595,2020-05-15 23:59:59.999000+00:00,TRON_01_01_2020-01_01_2021_historical_data_coinmarketcap.csv,TRON,2020,5,15,0,23,0,20
2020-05-14 00:00:00+00:00,2020-05-14 23:59:59.999000+00:00,2020-05-14 22:55:04+00:00,2020-05-14 05:39:02+00:00,2781,0.0149983352,0.0153230379,0.0148564512,0.0152631721,1642843797.47,1017779947.06271,2020-05-14 23:59:59.999000+00:00,TRON_01_01_2020-01_01_2021_historical_data_coinmarketcap.csv,TRON,2020,5,14,0,23,22,5
2020-05-13 00:00:00+00:00,2020-05-13 23:59:59.999000+00:00,2020-05-13 03:04:03+00:00,2020-05-13 00:20:03+00:00,2781,0.014555834,0.0151828161,0.0145166882,0.0150027001,1584119641.02,1000411128.4335,2020-05-13 23:59:59.999000+00:00,TRON_01_01_2020-01_01_2021_historical_data_coinmarketcap.csv,TRON,2020,5,13,0,23,3,0
2020-05-12 00:00:00+00:00,2020-05-12 23:59:59.999000+00:00,2020-05-12 11:12:05+00:00,2020-05-12 00:52:01+00:00,2781,0.0140394993,0.0148920477,0.0139751943,0.0145588833,1644365119.87,970816507.163418,2020-05-12 23:59:59.999000+00:00,TRON_01_01_2020-01_01_2021_historical_data_coinmarketcap.csv,TRON,2020,5,12,0,23,11,0
2020-05-11 00:00:00+00:00,2020-05-11 23:59:59.999000+00:00,2020-05-11 00:43:02+00:00,2020-05-11 18:25:02+00:00,2781,0.0142857289,0.0144396967,0.0134829387,0.0140220087,1723522613.32,935016594.781465,2020-05-11 23:59:59.999000+00:00,TRON_01_01_2020-01_01_2021_historical_data_coinmarketcap.csv,TRON,2020,5,11,0,23,0,18
2020-05-10 00:00:00+00:00,2020-05-10 23:59:59.999000+00:00,2020-05-10 00:00:02+00:00,2020-05-10 17:04:01+00:00,2781,0.0161849923,0.0161849923,0.0137047012,0.0142827351,1751400504.08,952402372.542064,2020-05-10 23:59:59.999000+00:00,TRON_01_01_2020-01_01_2021_historical_data_coinmarketcap.csv,TRON,2020,5,10,0,23,0,17
2020-05-09 00:00:00+00:00,2020-05-09 23:59:59.999000+00:00,2020-05-09 06:21:03+00:00,2020-05-09 22:52:02+00:00,2781,0.0163202855,0.016570344,0.016152533,0.0161980288,1624909899.59,1080118125.14649,2020-05-09 23:59:59.999000+00:00,TRON_01_01_2020-01_01_2021_historical_data_coinmarketcap.csv,TRON,2020,5,9,0,23,6,22
2020-05-08 00:00:00+00:00,2020-05-08 23:59:59.999000+00:00,2020-05-08 18:30:01+00:00,2020-05-08 06:42:01+00:00,2781,0.0160494022,0.0165505702,0.015969248,0.0163248542,1695737285.12,1088575109.45921,2020-05-08 23:59:59.999000+00:00,TRON_01_01_2020-01_01_2021_historical_data_coinmarketcap.csv,TRON,2020,5,8,0,23,18,6
2020-05-07 00:00:00+00:00,2020-05-07 23:59:59.999000+00:00,2020-05-07 19:14:03+00:00,2020-05-07 02:03:09+00:00,2781,0.0157912822,0.0162273548,0.0155802883,0.0160557282,1694644130.39,1070629228.09817,2020-05-07 23:59:59.999000+00:00,TRON_01_01_2020-01_01_2021_historical_data_coinmarketcap.csv,TRON,2020,5,7,0,23,19,2
2020-05-06 00:00:00+00:00,2020-05-06 23:59:59.999000+00:00,2020-05-06 10:57:06+00:00,2020-05-06 00:53:03+00:00,2781,0.0158967339,0.0162758354,0.015763868,0.0158275327,1566060151.42,1055412676.6328,2020-05-06 23:59:59.999000+00:00,TRON_01_01_2020-01_01_2021_historical_data_coinmarketcap.csv,TRON,2020,5,6,0,23,10,0
2020-05-05 00:00:00+00:00,2020-05-05 23:59:59.999000+00:00,2020-05-05 09:50:03+00:00,2020-05-05 14:41:03+00:00,2781,0.0163068471,0.0166271479,0.0157969555,0.0159023495,1797335085.82,1060401614.18447,2020-05-05 23:59:59.999000+00:00,TRON_01_01_2020-01_01_2021_historical_data_coinmarketcap.csv,TRON,2020,5,5,0,23,9,14
2020-05-04 00:00:00+00:00,2020-05-04 23:59:59.999000+00:00,2020-05-04 18:43:06+00:00,2020-05-04 05:33:05+00:00,2781,0.016024754,0.0163993066,0.0153556302,0.0163065132,1743677561.34,1087352090.34574,2020-05-04 23:59:59.999000+00:00,TRON_01_01_2020-01_01_2021_historical_data_coinmarketcap.csv,TRON,2020,5,4,0,23,18,5
2020-05-03 00:00:00+00:00,2020-05-03 23:59:59.999000+00:00,2020-05-03 00:56:03+00:00,2020-05-03 15:05:01+00:00,2781,0.0163838907,0.0165565533,0.0157940591,0.016020318,1561508724.22,1068267999.37805,2020-05-03 23:59:59.999000+00:00,TRON_01_01_2020-01_01_2021_historical_data_coinmarketcap.csv,TRON,2020,5,3,0,23,0,15
2020-05-02 00:00:00+00:00,2020-05-02 23:59:59.999000+00:00,2020-05-02 18:04:03+00:00,2020-05-02 08:57:02+00:00,2781,0.0159100707,0.0164226156,0.0158643975,0.0163749555,1500824957.82,1091915962.40808,2020-05-02 23:59:59.999000+00:00,TRON_01_01_2020-01_01_2021_historical_data_coinmarketcap.csv,TRON,2020,5,2,0,23,18,8
2020-05-01 00:00:00+00:00,2020-05-01 23:59:59.999000+00:00,2020-05-01 10:13:03+00:00,2020-05-01 00:03:02+00:00,2781,0.0152763953,0.0163306684,0.0152748898,0.0158926498,1620462039.46,1059754823.47675,2020-05-01 23:59:59.999000+00:00,TRON_01_01_2020-01_01_2021_historical_data_coinmarketcap.csv,TRON,2020,5,1,0,23,10,0
2020-04-30 00:00:00+00:00,2020-04-30 23:59:59.999000+00:00,2020-04-30 06:21:03+00:00,2020-04-30 18:01:01+00:00,2781,0.0163111273,0.0166494137,0.0152187284,0.0152775181,1686974900.17,1018736564.52288,2020-04-30 23:59:59.999000+00:00,TRON_01_01_2020-01_01_2021_historical_data_coinmarketcap.csv,TRON,2020,4,30,0,23,6,18
2020-04-29 00:00:00+00:00,2020-04-29 23:59:59.999000+00:00,2020-04-29 21:59:03+00:00,2020-04-29 04:13:03+00:00,2781,0.0153889131,0.016422276,0.0151124019,0.0163112382,1744485549.09,1087667165.1173,2020-04-29 23:59:59.999000+00:00,TRON_01_01_2020-01_01_2021_historical_data_coinmarketcap.csv,TRON,2020,4,29,0,23,21,4
2020-04-28 00:00:00+00:00,2020-04-28 23:59:59.999000+00:00,2020-04-28 23:18:05+00:00,2020-04-28 01:34:05+00:00,2781,0.0145605973,0.0154230572,0.0144102326,0.0153945514,1536500536.97,1026540586.05528,2020-04-28 23:59:59.999000+00:00,TRON_01_01_2020-01_01_2021_historical_data_coinmarketcap.csv,TRON,2020,4,28,0,23,23,1
2020-04-27 00:00:00+00:00,2020-04-27 23:59:59.999000+00:00,2020-04-27 11:52:07+00:00,2020-04-27 00:02:06+00:00,2781,0.0142554519,0.0146466055,0.0142506203,0.0145540195,1431665480.34,970492181.314584,2020-04-27 23:59:59.999000+00:00,TRON_01_01_2020-01_01_2021_historical_data_coinmarketcap.csv,TRON,2020,4,27,0,23,11,0
2020-04-26 00:00:00+00:00,2020-04-26 23:59:59.999000+00:00,2020-04-26 21:53:08+00:00,2020-04-26 00:02:07+00:00,2781,0.0140130788,0.0142728464,0.0140120618,0.0142523648,1396232783.2,950377220.365534,2020-04-26 23:59:59.999000+00:00,TRON_01_01_2020-01_01_2021_historical_data_coinmarketcap.csv,TRON,2020,4,26,0,23,21,0
2020-04-25 00:00:00+00:00,2020-04-25 23:59:59.999000+00:00,2020-04-25 07:03:00+00:00,2020-04-25 08:34:07+00:00,2781,0.0140162249,0.0142435153,0.0138333479,0.0140177107,1484554238.42,934729997.655745,2020-04-25 23:59:59.999000+00:00,TRON_01_01_2020-01_01_2021_historical_data_coinmarketcap.csv,TRON,2020,4,25,0,23,7,8
2020-04-24 00:00:00+00:00,2020-04-24 23:59:59.999000+00:00,2020-04-24 03:37:06+00:00,2020-04-24 00:15:07+00:00,2781,0.0135581302,0.0143295431,0.0135385403,0.0140192465,1538403027.34,934832407.408751,2020-04-24 23:59:59.999000+00:00,TRON_01_01_2020-01_01_2021_historical_data_coinmarketcap.csv,TRON,2020,4,24,0,23,3,0
2020-04-23 00:00:00+00:00,2020-04-23 23:59:59.999000+00:00,2020-04-23 21:51:00+00:00,2020-04-23 11:42:10+00:00,2781,0.0129767976,0.0136676966,0.0128928152,0.013553539,1370466697.88,903778064.439917,2020-04-23 23:59:59.999000+00:00,TRON_01_01_2020-01_01_2021_historical_data_coinmarketcap.csv,TRON,2020,4,23,0,23,21,11
2020-04-22 00:00:00+00:00,2020-04-22 23:59:59.999000+00:00,2020-04-22 17:37:10+00:00,2020-04-22 01:15:08+00:00,2781,0.0125883759,0.0131124046,0.0125289187,0.012975815,1277662807.5,865254234.072598,2020-04-22 23:59:59.999000+00:00,TRON_01_01_2020-01_01_2021_historical_data_coinmarketcap.csv,TRON,2020,4,22,0,23,17,1
2020-04-21 00:00:00+00:00,2020-04-21 23:59:59.999000+00:00,2020-04-21 18:07:05+00:00,2020-04-21 09:56:06+00:00,2781,0.0125079819,0.0127164668,0.0124403002,0.0125864082,1285407673.13,839287777.768929,2020-04-21 23:59:59.999000+00:00,TRON_01_01_2020-01_01_2021_historical_data_coinmarketcap.csv,TRON,2020,4,21,0,23,18,9
2020-04-20 00:00:00+00:00,2020-04-20 23:59:59.999000+00:00,2020-04-20 05:47:06+00:00,2020-04-20 20:07:06+00:00,2781,0.0130313511,0.0132002304,0.0123967985,0.0125173613,1366517418.25,834683588.285408,2020-04-20 23:59:59.999000+00:00,TRON_01_01_2020-01_01_2021_historical_data_coinmarketcap.csv,TRON,2020,4,20,0,23,5,20
2020-04-19 00:00:00+00:00,2020-04-19 23:59:59.999000+00:00,2020-04-19 04:52:12+00:00,2020-04-19 14:30:04+00:00,2781,0.0133728865,0.0134301214,0.0130202487,0.0130320346,1297116919.81,869003069.03067,2020-04-19 23:59:59.999000+00:00,TRON_01_01_2020-01_01_2021_historical_data_coinmarketcap.csv,TRON,2020,4,19,0,23,4,14
2020-04-18 00:00:00+00:00,2020-04-18 23:59:59.999000+00:00,2020-04-18 23:01:09+00:00,2020-04-18 11:31:00+00:00,2781,0.0130062751,0.013444788,0.0129884826,0.0133691807,1358911557.65,891484673.524157,2020-04-18 23:59:59.999000+00:00,TRON_01_01_2020-01_01_2021_historical_data_coinmarketcap.csv,TRON,2020,4,18,0,23,23,11
2020-04-17 00:00:00+00:00,2020-04-17 23:59:59.999000+00:00,2020-04-17 23:36:00+00:00,2020-04-17 08:05:07+00:00,2781,0.0130399207,0.0131185165,0.0128224202,0.0130044453,1294903478.48,867163360.623786,2020-04-17 23:59:59.999000+00:00,TRON_01_01_2020-01_01_2021_historical_data_coinmarketcap.csv,TRON,2020,4,17,0,23,23,8
2020-04-16 00:00:00+00:00,2020-04-16 23:59:59.999000+00:00,2020-04-16 23:20:06+00:00,2020-04-16 03:21:06+00:00,2781,0.0122183699,0.0131102915,0.0120325023,0.0130418122,1483226073.7,869655064.534189,2020-04-16 23:59:59.999000+00:00,TRON_01_01_2020-01_01_2021_historical_data_coinmarketcap.csv,TRON,2020,4,16,0,23,23,3
2020-04-15 00:00:00+00:00,2020-04-15 23:59:59.999000+00:00,2020-04-15 06:31:04+00:00,2020-04-15 23:34:04+00:00,2781,0.012416635,0.0125990812,0.0122091702,0.0122252457,1227074918.06,815204719.065636,2020-04-15 23:59:59.999000+00:00,TRON_01_01_2020-01_01_2021_historical_data_coinmarketcap.csv,TRON,2020,4,15,0,23,6,23
2020-04-14 00:00:00+00:00,2020-04-14 23:59:59.999000+00:00,2020-04-14 14:16:06+00:00,2020-04-14 21:44:06+00:00,2781,0.0125778141,0.0127620933,0.0124111561,0.0124126755,1235758428.73,827702924.106164,2020-04-14 23:59:59.999000+00:00,TRON_01_01_2020-01_01_2021_historical_data_coinmarketcap.csv,TRON,2020,4,14,0,23,14,21
2020-04-13 00:00:00+00:00,2020-04-13 23:59:59.999000+00:00,2020-04-13 00:00:04+00:00,2020-04-13 15:02:04+00:00,2781,0.0128925596,0.0128925596,0.012251812,0.0125845562,1247887207.67,839164283.924876,2020-04-13 23:59:59.999000+00:00,TRON_01_01_2020-01_01_2021_historical_data_coinmarketcap.csv,TRON,2020,4,13,0,23,0,15
2020-04-12 00:00:00+00:00,2020-04-12 23:59:59.999000+00:00,2020-04-12 20:40:06+00:00,2020-04-12 05:20:11+00:00,2781,0.0124802847,0.0131565399,0.0123975324,0.01290186,1058237102.62,860322761.256977,2020-04-12 23:59:59.999000+00:00,TRON_01_01_2020-01_01_2021_historical_data_coinmarketcap.csv,TRON,2020,4,12,0,23,20,5
2020-04-11 00:00:00+00:00,2020-04-11 23:59:59.999000+00:00,2020-04-11 04:09:00+00:00,2020-04-11 21:40:04+00:00,2781,0.0124622491,0.012806276,0.0123538566,0.012483186,1051591915.23,832404708.550332,2020-04-11 23:59:59.999000+00:00,TRON_01_01_2020-01_01_2021_historical_data_coinmarketcap.csv,TRON,2020,4,11,0,23,4,21
2020-04-10 00:00:00+00:00,2020-04-10 23:59:59.999000+00:00,2020-04-10 00:43:00+00:00,2020-04-10 15:48:04+00:00,2781,0.0135054666,0.0135278307,0.0121408,0.0124622491,1097485526.71,831008595.300341,2020-04-10 23:59:59.999000+00:00,TRON_01_01_2020-01_01_2021_historical_data_coinmarketcap.csv,TRON,2020,4,10,0,23,0,15
2020-04-09 00:00:00+00:00,2020-04-09 23:59:59.999000+00:00,2020-04-09 00:49:04+00:00,2020-04-09 20:55:03+00:00,2781,0.0136951533,0.0137667972,0.0133239745,0.013507249,981287829.16,900691355.43913,2020-04-09 23:59:59.999000+00:00,TRON_01_01_2020-01_01_2021_historical_data_coinmarketcap.csv,TRON,2020,4,9,0,23,0,20
2020-04-08 00:00:00+00:00,2020-04-08 23:59:59.999000+00:00,2020-04-08 17:17:00+00:00,2020-04-08 02:02:07+00:00,2781,0.0132758568,0.0137260692,0.0131897964,0.0136945785,1079069171.98,913182874.828409,2020-04-08 23:59:59.999000+00:00,TRON_01_01_2020-01_01_2021_historical_data_coinmarketcap.csv,TRON,2020,4,8,0,23,17,2
2020-04-07 00:00:00+00:00,2020-04-07 23:59:59.999000+00:00,2020-04-07 00:36:00+00:00,2020-04-07 23:51:00+00:00,2781,0.0136549762,0.01395157,0.013216737,0.0132662424,937935931.63,884620530.684778,2020-04-07 23:59:59.999000+00:00,TRON_01_01_2020-01_01_2021_historical_data_coinmarketcap.csv,TRON,2020,4,7,0,23,0,23
2020-04-06 00:00:00+00:00,2020-04-06 23:59:59.999000+00:00,2020-04-06 23:44:04+00:00,2020-04-06 00:02:09+00:00,2781,0.0126029307,0.0136756705,0.0126001352,0.0136582212,1010970947.71,910758494.138322,2020-04-06 23:59:59.999000+00:00,TRON_01_01_2020-01_01_2021_historical_data_coinmarketcap.csv,TRON,2020,4,6,0,23,23,0
2020-04-05 00:00:00+00:00,2020-04-05 23:59:59.999000+00:00,2020-04-05 16:09:08+00:00,2020-04-05 07:53:07+00:00,2781,0.0120044194,0.0127039545,0.0118926165,0.0126030749,906467477.38,840399150.428781,2020-04-05 23:59:59.999000+00:00,TRON_01_01_2020-01_01_2021_historical_data_coinmarketcap.csv,TRON,2020,4,5,0,23,16,7
2020-04-04 00:00:00+00:00,2020-04-04 23:59:59.999000+00:00,2020-04-04 20:34:00+00:00,2020-04-04 03:36:04+00:00,2781,0.011909686,0.0120465832,0.0117872852,0.0119984038,808013453.68,800078429.48009,2020-04-04 23:59:59.999000+00:00,TRON_01_01_2020-01_01_2021_historical_data_coinmarketcap.csv,TRON,2020,4,4,0,23,20,3
2020-04-03 00:00:00+00:00,2020-04-03 23:59:59.999000+00:00,2020-04-03 11:05:08+00:00,2020-04-03 16:58:00+00:00,2781,0.0119778447,0.0121545171,0.0118114303,0.0119051898,794179930.28,793862723.622106,2020-04-03 23:59:59.999000+00:00,TRON_01_01_2020-01_01_2021_historical_data_coinmarketcap.csv,TRON,2020,4,3,0,23,11,16
2020-04-02 00:00:00+00:00,2020-04-02 23:59:59.999000+00:00,2020-04-02 18:00:05+00:00,2020-04-02 05:29:06+00:00,2781,0.0115820386,0.012307903,0.0115387229,0.0119747161,852662345.06,798498882.771563,2020-04-02 23:59:59.999000+00:00,TRON_01_01_2020-01_01_2021_historical_data_coinmarketcap.csv,TRON,2020,4,2,0,23,18,5
2020-04-01 00:00:00+00:00,2020-04-01 23:59:59.999000+00:00,2020-04-01 00:19:04+00:00,2020-04-01 20:23:00+00:00,2781,0.0116253248,0.0116393952,0.0111681277,0.0115754211,810514942.01,771873065.362705,2020-04-01 23:59:59.999000+00:00,TRON_01_01_2020-01_01_2021_historical_data_coinmarketcap.csv,TRON,2020,4,1,0,23,0,20
2020-03-31 00:00:00+00:00,2020-03-31 23:59:59.999000+00:00,2020-03-31 23:10:09+00:00,2020-03-31 12:50:11+00:00,2781,0.0115142894,0.011707617,0.0114206433,0.0116253248,756610777.75,775200746.248436,2020-03-31 23:59:59.999000+00:00,TRON_01_01_2020-01_01_2021_historical_data_coinmarketcap.csv,TRON,2020,3,31,0,23,23,12
2020-03-30 00:00:00+00:00,2020-03-30 23:59:59.999000+00:00,2020-03-30 17:18:04+00:00,2020-03-30 00:10:04+00:00,2781,0.0107527266,0.0116848996,0.0107104293,0.0115090368,1056877618.37,767446426.078515,2020-03-30 23:59:59.999000+00:00,TRON_01_01_2020-01_01_2021_historical_data_coinmarketcap.csv,TRON,2020,3,30,0,23,17,0
2020-03-29 00:00:00+00:00,2020-03-29 23:59:59.999000+00:00,2020-03-29 00:26:03+00:00,2020-03-29 23:59:00+00:00,2781,0.0113994591,0.0114312894,0.0107491988,0.0107491988,917907290.62,716778848.827618,2020-03-29 23:59:59.999000+00:00,TRON_01_01_2020-01_01_2021_historical_data_coinmarketcap.csv,TRON,2020,3,29,0,23,0,23
2020-03-28 00:00:00+00:00,2020-03-28 23:59:59.999000+00:00,2020-03-28 22:17:04+00:00,2020-03-28 04:05:08+00:00,2781,0.0114250052,0.0114870149,0.0109216661,0.0114018202,1027379374.01,760296995.482586,2020-03-28 23:59:59.999000+00:00,TRON_01_01_2020-01_01_2021_historical_data_coinmarketcap.csv,TRON,2020,3,28,0,23,22,4
2020-03-27 00:00:00+00:00,2020-03-27 23:59:59.999000+00:00,2020-03-27 04:27:04+00:00,2020-03-27 23:57:05+00:00,2781,0.0118827185,0.0119930921,0.0114021844,0.0114269393,992171535.73,761971988.04192,2020-03-27 23:59:59.999000+00:00,TRON_01_01_2020-01_01_2021_historical_data_coinmarketcap.csv,TRON,2020,3,27,0,23,4,23
2020-03-26 00:00:00+00:00,2020-03-26 23:59:59.999000+00:00,2020-03-26 23:34:07+00:00,2020-03-26 06:25:04+00:00,2781,0.0113849646,0.0119188225,0.0113215357,0.0118705601,1012778457.12,791553547.514342,2020-03-26 23:59:59.999000+00:00,TRON_01_01_2020-01_01_2021_historical_data_coinmarketcap.csv,TRON,2020,3,26,0,23,23,6
2020-03-25 00:00:00+00:00,2020-03-25 23:59:59.999000+00:00,2020-03-25 10:21:05+00:00,2020-03-25 22:03:05+00:00,2781,0.0115120168,0.0116849938,0.0111719559,0.0113850763,1051356264.54,759180481.388244,2020-03-25 23:59:59.999000+00:00,TRON_01_01_2020-01_01_2021_historical_data_coinmarketcap.csv,TRON,2020,3,25,0,23,10,22
2020-03-24 00:00:00+00:00,2020-03-24 23:59:59.999000+00:00,2020-03-24 09:51:02+00:00,2020-03-24 16:13:02+00:00,2781,0.0112961162,0.0116152354,0.0111845467,0.0115125907,1086206946.94,767683405.747805,2020-03-24 23:59:59.999000+00:00,TRON_01_01_2020-01_01_2021_historical_data_coinmarketcap.csv,TRON,2020,3,24,0,23,9,16
2020-03-23 00:00:00+00:00,2020-03-23 23:59:59.999000+00:00,2020-03-23 23:49:04+00:00,2020-03-23 09:33:07+00:00,2781,0.0103647362,0.0113025593,0.0102990393,0.0112841829,1113460486.77,752452700.832574,2020-03-23 23:59:59.999000+00:00,TRON_01_01_2020-01_01_2021_historical_data_coinmarketcap.csv,TRON,2020,3,23,0,23,23,9
2020-03-22 00:00:00+00:00,2020-03-22 23:59:59.999000+00:00,2020-03-22 06:53:03+00:00,2020-03-22 23:45:01+00:00,2781,0.0112307615,0.0115811783,0.0103287339,0.0103647362,960442295.77,691142087.37318,2020-03-22 23:59:59.999000+00:00,TRON_01_01_2020-01_01_2021_historical_data_coinmarketcap.csv,TRON,2020,3,22,0,23,6,23
2020-03-21 00:00:00+00:00,2020-03-21 23:59:59.999000+00:00,2020-03-21 21:18:02+00:00,2020-03-21 11:27:04+00:00,2781,0.011252851,0.0114958528,0.0107969552,0.0112287842,1084677872.36,748758600.13973,2020-03-21 23:59:59.999000+00:00,TRON_01_01_2020-01_01_2021_historical_data_coinmarketcap.csv,TRON,2020,3,21,0,23,21,11
2020-03-20 00:00:00+00:00,2020-03-20 23:59:59.999000+00:00,2020-03-20 11:04:01+00:00,2020-03-20 20:40:01+00:00,2781,0.0116670476,0.0126631191,0.010617793,0.0112463116,1193679335.74,749927363.451849,2020-03-20 23:59:59.999000+00:00,TRON_01_01_2020-01_01_2021_historical_data_coinmarketcap.csv,TRON,2020,3,20,0,23,11,20
2020-03-19 00:00:00+00:00,2020-03-19 23:59:59.999000+00:00,2020-03-19 22:57:03+00:00,2020-03-19 00:00:02+00:00,2781,0.00993892748321,0.0120046766,0.00993892748321,0.0116677109,1253883132.01,778027139.942046,2020-03-19 23:59:59.999000+00:00,TRON_01_01_2020-01_01_2021_historical_data_coinmarketcap.csv,TRON,2020,3,19,0,23,22,0
2020-03-18 00:00:00+00:00,2020-03-18 23:59:59.999000+00:00,2020-03-18 21:27:02+00:00,2020-03-18 17:52:07+00:00,2781,0.00987930001523,0.0100627515,0.00972348082635,0.00993400024373,1025586853.46,662419721.401789,2020-03-18 23:59:59.999000+00:00,TRON_01_01_2020-01_01_2021_historical_data_coinmarketcap.csv,TRON,2020,3,18,0,23,21,17
2020-03-17 00:00:00+00:00,2020-03-17 23:59:59.999000+00:00,2020-03-17 07:42:04+00:00,2020-03-17 00:22:08+00:00,2781,0.00956417806729,0.0102830655,0.00956242210609,0.00988528129739,1084261693.49,659171041.104856,2020-03-17 23:59:59.999000+00:00,TRON_01_01_2020-01_01_2021_historical_data_coinmarketcap.csv,TRON,2020,3,17,0,23,7,0
2020-03-16 00:00:00+00:00,2020-03-16 23:59:59.999000+00:00,2020-03-16 00:02:04+00:00,2020-03-16 11:13:05+00:00,2781,0.0103305794,0.0103359758,0.00878690947174,0.00956138223651,1159919446.73,637572780.544529,2020-03-16 23:59:59.999000+00:00,TRON_01_01_2020-01_01_2021_historical_data_coinmarketcap.csv,TRON,2020,3,16,0,23,0,11
2020-03-15 00:00:00+00:00,2020-03-15 23:59:59.999000+00:00,2020-03-15 22:06:04+00:00,2020-03-15 02:09:01+00:00,2781,0.00975913972903,0.0108972486,0.00968293620265,0.0103443645,1158531782.71,689783659.41627,2020-03-15 23:59:59.999000+00:00,TRON_01_01_2020-01_01_2021_historical_data_coinmarketcap.csv,TRON,2020,3,15,0,23,22,2
2020-03-14 00:00:00+00:00,2020-03-14 23:59:59.999000+00:00,2020-03-14 03:20:04+00:00,2020-03-14 23:30:03+00:00,2781,0.0102660349,0.0105505996,0.00966013635383,0.00976183234079,1142638046.78,650939208.868902,2020-03-14 23:59:59.999000+00:00,TRON_01_01_2020-01_01_2021_historical_data_coinmarketcap.csv,TRON,2020,3,14,0,23,3,23
2020-03-13 00:00:00+00:00,2020-03-13 23:59:59.999000+00:00,2020-03-13 13:40:02+00:00,2020-03-13 02:25:01+00:00,2781,0.00876353263747,0.0107522642,0.00751613027921,0.0102440754,1816706172.43,683096173.603206,2020-03-13 23:59:59.999000+00:00,TRON_01_01_2020-01_01_2021_historical_data_coinmarketcap.csv,TRON,2020,3,13,0,23,13,2
2020-03-12 00:00:00+00:00,2020-03-12 23:59:59.999000+00:00,2020-03-12 00:09:01+00:00,2020-03-12 23:54:06+00:00,2781,0.0148401507,0.0148741863,0.00875938959016,0.00879174420506,1368123603.67,586251721.770133,2020-03-12 23:59:59.999000+00:00,TRON_01_01_2020-01_01_2021_historical_data_coinmarketcap.csv,TRON,2020,3,12,0,23,0,23
2020-03-11 00:00:00+00:00,2020-03-11 23:59:59.999000+00:00,2020-03-11 01:37:05+00:00,2020-03-11 18:27:01+00:00,2781,0.0151123005,0.0152513162,0.0142735172,0.014835304,1269759581.04,989248812.416057,2020-03-11 23:59:59.999000+00:00,TRON_01_01_2020-01_01_2021_historical_data_coinmarketcap.csv,TRON,2020,3,11,0,23,1,18
2020-03-10 00:00:00+00:00,2020-03-10 23:59:59.999000+00:00,2020-03-10 13:26:02+00:00,2020-03-10 07:33:03+00:00,2781,0.0149965313,0.0153110252,0.0147018171,0.0151056465,1243119266.57,1007275811.07759,2020-03-10 23:59:59.999000+00:00,TRON_01_01_2020-01_01_2021_historical_data_coinmarketcap.csv,TRON,2020,3,10,0,23,13,7
2020-03-09 00:00:00+00:00,2020-03-09 23:59:59.999000+00:00,2020-03-09 09:18:05+00:00,2020-03-09 15:45:03+00:00,2781,0.0148362159,0.0150820798,0.0142303518,0.0149875383,1427631477.07,999400112.532351,2020-03-09 23:59:59.999000+00:00,TRON_01_01_2020-01_01_2021_historical_data_coinmarketcap.csv,TRON,2020,3,9,0,23,9,15
2020-03-08 00:00:00+00:00,2020-03-08 23:59:59.999000+00:00,2020-03-08 00:01:01+00:00,2020-03-08 23:59:03+00:00,2781,0.0170398251,0.0170418292,0.0148656985,0.0148656985,1363976467.12,991275581.819546,2020-03-08 23:59:59.999000+00:00,TRON_01_01_2020-01_01_2021_historical_data_coinmarketcap.csv,TRON,2020,3,8,0,23,0,23
2020-03-07 00:00:00+00:00,2020-03-07 23:59:59.999000+00:00,2020-03-07 00:05:02+00:00,2020-03-07 23:53:00+00:00,2781,0.0182427282,0.0182599533,0.0170254911,0.0170493545,1298740279.44,1136886287.17234,2020-03-07 23:59:59.999000+00:00,TRON_01_01_2020-01_01_2021_historical_data_coinmarketcap.csv,TRON,2020,3,7,0,23,0,23
2020-03-06 00:00:00+00:00,2020-03-06 23:59:59.999000+00:00,2020-03-06 11:59:02+00:00,2020-03-06 00:00:04+00:00,2781,0.0179108659,0.018342858,0.0179108659,0.0182359583,1371421962.54,1216011488.4601,2020-03-06 23:59:59.999000+00:00,TRON_01_01_2020-01_01_2021_historical_data_coinmarketcap.csv,TRON,2020,3,6,0,23,11,0
2020-03-05 00:00:00+00:00,2020-03-05 23:59:59.999000+00:00,2020-03-05 16:28:04+00:00,2020-03-05 00:00:02+00:00,2781,0.017730332,0.0183156465,0.017730332,0.0178920598,1419888590.49,1193079626.01709,2020-03-05 23:59:59.999000+00:00,TRON_01_01_2020-01_01_2021_historical_data_coinmarketcap.csv,TRON,2020,3,5,0,23,16,0
2020-03-04 00:00:00+00:00,2020-03-04 23:59:59.999000+00:00,2020-03-04 23:59:03+00:00,2020-03-04 16:46:05+00:00,2781,0.017261373,0.0177107297,0.0171270112,0.0177107297,1397778317.67,1180988153.23037,2020-03-04 23:59:59.999000+00:00,TRON_01_01_2020-01_01_2021_historical_data_coinmarketcap.csv,TRON,2020,3,4,0,23,23,16
2020-03-03 00:00:00+00:00,2020-03-03 23:59:59.999000+00:00,2020-03-03 12:35:04+00:00,2020-03-03 16:46:03+00:00,2781,0.0174938451,0.0175643951,0.0171036189,0.0172707331,1491595028.65,1151648273.92652,2020-03-03 23:59:59.999000+00:00,TRON_01_01_2020-01_01_2021_historical_data_coinmarketcap.csv,TRON,2020,3,3,0,23,12,16
2020-03-02 00:00:00+00:00,2020-03-02 23:59:59.999000+00:00,2020-03-02 18:26:04+00:00,2020-03-02 01:34:07+00:00,2781,0.016518193,0.017723418,0.0164453643,0.0174945502,1640719067.07,1166572861.47962,2020-03-02 23:59:59.999000+00:00,TRON_01_01_2020-01_01_2021_historical_data_coinmarketcap.csv,TRON,2020,3,2,0,23,18,1
2020-03-01 00:00:00+00:00,2020-03-01 23:59:59.999000+00:00,2020-03-01 12:14:01+00:00,2020-03-01 19:04:10+00:00,2781,0.0166305721,0.0170489136,0.0162310072,0.0164994177,1530951215.46,1100215361.47396,2020-03-01 23:59:59.999000+00:00,TRON_01_01_2020-01_01_2021_historical_data_coinmarketcap.csv,TRON,2020,3,1,0,23,12,19
2020-02-29 00:00:00+00:00,2020-02-29 23:59:59.999000+00:00,2020-02-29 05:17:06+00:00,2020-02-29 23:54:01+00:00,2781,0.0170178032,0.0173377725,0.0166244837,0.0166293793,1530978799.08,1108881471.24083,2020-02-29 23:59:59.999000+00:00,TRON_01_01_2020-01_01_2021_historical_data_coinmarketcap.csv,TRON,2020,2,29,0,23,5,23
2020-02-28 00:00:00+00:00,2020-02-28 23:59:59.999000+00:00,2020-02-28 02:16:04+00:00,2020-02-28 12:42:05+00:00,2781,0.0169555101,0.0172759232,0.0162771918,0.0170561292,1651360028.52,1137338039.02701,2020-02-28 23:59:59.999000+00:00,TRON_01_01_2020-01_01_2021_historical_data_coinmarketcap.csv,TRON,2020,2,28,0,23,2,12
2020-02-27 00:00:00+00:00,2020-02-27 23:59:59.999000+00:00,2020-02-27 17:06:04+00:00,2020-02-27 01:11:04+00:00,2781,0.016470676,0.0174734126,0.0160072328,0.0169382596,1817877422.41,1129478246.42984,2020-02-27 23:59:59.999000+00:00,TRON_01_01_2020-01_01_2021_historical_data_coinmarketcap.csv,TRON,2020,2,27,0,23,17,1
2020-02-26 00:00:00+00:00,2020-02-26 23:59:59.999000+00:00,2020-02-26 00:40:04+00:00,2020-02-26 16:53:02+00:00,2781,0.0190353412,0.0191451161,0.015976616,0.0164770333,1983398772.65,1098722723.1305,2020-02-26 23:59:59.999000+00:00,TRON_01_01_2020-01_01_2021_historical_data_coinmarketcap.csv,TRON,2020,2,26,0,23,0,16
2020-02-25 00:00:00+00:00,2020-02-25 23:59:59.999000+00:00,2020-02-25 00:06:04+00:00,2020-02-25 17:57:09+00:00,2781,0.0198550877,0.0198757531,0.0188001709,0.0190534727,1702733218.19,1270525043.87868,2020-02-25 23:59:59.999000+00:00,TRON_01_01_2020-01_01_2021_historical_data_coinmarketcap.csv,TRON,2020,2,25,0,23,0,17
2020-02-24 00:00:00+00:00,2020-02-24 23:59:59.999000+00:00,2020-02-24 00:01:04+00:00,2020-02-24 18:22:05+00:00,2781,0.0213103633,0.0213132675,0.0193353922,0.0198589648,1823897500.8,1324236925.30027,2020-02-24 23:59:59.999000+00:00,TRON_01_01_2020-01_01_2021_historical_data_coinmarketcap.csv,TRON,2020,2,24,0,23,0,18
2020-02-23 00:00:00+00:00,2020-02-23 23:59:59.999000+00:00,2020-02-23 23:49:06+00:00,2020-02-23 00:06:03+00:00,2781,0.0200869601,0.0213095846,0.02006734,0.0213050927,1638283296.85,1420667728.21891,2020-02-23 23:59:59.999000+00:00,TRON_01_01_2020-01_01_2021_historical_data_coinmarketcap.csv,TRON,2020,2,23,0,23,23,0
2020-02-22 00:00:00+00:00,2020-02-22 23:59:59.999000+00:00,2020-02-22 00:40:04+00:00,2020-02-22 07:22:01+00:00,2781,0.0202104862,0.0202849081,0.019824908,0.0200861701,1552695028.52,1339387447.25754,2020-02-22 23:59:59.999000+00:00,TRON_01_01_2020-01_01_2021_historical_data_coinmarketcap.csv,TRON,2020,2,22,0,23,0,7
2020-02-21 00:00:00+00:00,2020-02-21 23:59:59.999000+00:00,2020-02-21 17:00:01+00:00,2020-02-21 01:17:03+00:00,2781,0.0198682903,0.020465633,0.0197197059,0.0201987401,1762615939.89,1346893843.10297,2020-02-21 23:59:59.999000+00:00,TRON_01_01_2020-01_01_2021_historical_data_coinmarketcap.csv,TRON,2020,2,21,0,23,17,1
2020-02-20 00:00:00+00:00,2020-02-20 23:59:59.999000+00:00,2020-02-20 00:42:01+00:00,2020-02-20 16:43:01+00:00,2781,0.0203102321,0.0205011602,0.0192645903,0.0198723883,1910177841.95,1325132031.56287,2020-02-20 23:59:59.999000+00:00,TRON_01_01_2020-01_01_2021_historical_data_coinmarketcap.csv,TRON,2020,2,20,0,23,0,16
2020-02-19 00:00:00+00:00,2020-02-19 23:59:59.999000+00:00,2020-02-19 00:03:07+00:00,2020-02-19 22:12:02+00:00,2781,0.0225785679,0.022589526,0.0202363563,0.0203203747,1691858296.8,1355004695.60904,2020-02-19 23:59:59.999000+00:00,TRON_01_01_2020-01_01_2021_historical_data_coinmarketcap.csv,TRON,2020,2,19,0,23,0,22
2020-02-18 00:00:00+00:00,2020-02-18 23:59:59.999000+00:00,2020-02-18 21:20:02+00:00,2020-02-18 13:29:04+00:00,2781,0.021736777,0.0227753468,0.0207051906,0.0225696044,1712241881.51,1504987988.75187,2020-02-18 23:59:59.999000+00:00,TRON_01_01_2020-01_01_2021_historical_data_coinmarketcap.csv,TRON,2020,2,18,0,23,21,13
2020-02-17 00:00:00+00:00,2020-02-17 23:59:59.999000+00:00,2020-02-17 00:00:02+00:00,2020-02-17 11:27:06+00:00,2781,0.0224193919,0.0224193919,0.0203494873,0.0217282242,1842155294.14,1448883015.82892,2020-02-17 23:59:59.999000+00:00,TRON_01_01_2020-01_01_2021_historical_data_coinmarketcap.csv,TRON,2020,2,17,0,23,0,11
2020-02-16 00:00:00+00:00,2020-02-16 23:59:59.999000+00:00,2020-02-16 03:39:03+00:00,2020-02-16 16:56:03+00:00,2781,0.023608908,0.024631711,0.0206398667,0.0224636131,1939185864.22,1497920272.92112,2020-02-16 23:59:59.999000+00:00,TRON_01_01_2020-01_01_2021_historical_data_coinmarketcap.csv,TRON,2020,2,16,0,23,3,16
2020-02-15 00:00:00+00:00,2020-02-15 23:59:59.999000+00:00,2020-02-15 00:15:01+00:00,2020-02-15 18:10:06+00:00,2781,0.0263512968,0.0264942154,0.0233874897,0.0235857963,1768976193.24,1572749768.99433,2020-02-15 23:59:59.999000+00:00,TRON_01_01_2020-01_01_2021_historical_data_coinmarketcap.csv,TRON,2020,2,15,0,23,0,18
2020-02-14 00:00:00+00:00,2020-02-14 23:59:59.999000+00:00,2020-02-14 16:46:02+00:00,2020-02-14 00:33:04+00:00,2781,0.0238615855,0.026646993,0.0238067488,0.0263253038,2085354470.08,1755425807.20518,2020-02-14 23:59:59.999000+00:00,TRON_01_01_2020-01_01_2021_historical_data_coinmarketcap.csv,TRON,2020,2,14,0,23,16,0
2020-02-13 00:00:00+00:00,2020-02-13 23:59:59.999000+00:00,2020-02-13 03:01:02+00:00,2020-02-13 08:36:02+00:00,2781,0.0240154219,0.0257162102,0.0228162986,0.0238589931,2007884210.44,1590967102.54883,2020-02-13 23:59:59.999000+00:00,TRON_01_01_2020-01_01_2021_historical_data_coinmarketcap.csv,TRON,2020,2,13,0,23,3,8
2020-02-12 00:00:00+00:00,2020-02-12 23:59:59.999000+00:00,2020-02-12 21:17:03+00:00,2020-02-12 00:03:01+00:00,2781,0.0226980891,0.0241562416,0.0226757447,0.0240148708,1699116541.42,1601361345.37206,2020-02-12 23:59:59.999000+00:00,TRON_01_01_2020-01_01_2021_historical_data_coinmarketcap.csv,TRON,2020,2,12,0,23,21,0
2020-02-11 00:00:00+00:00,2020-02-11 23:59:59.999000+00:00,2020-02-11 20:56:03+00:00,2020-02-11 04:29:01+00:00,2781,0.0222312294,0.0227818483,0.021458887,0.0226798504,1519186216.92,1512339420.04258,2020-02-11 23:59:59.999000+00:00,TRON_01_01_2020-01_01_2021_historical_data_coinmarketcap.csv,TRON,2020,2,11,0,23,20,4
2020-02-10 00:00:00+00:00,2020-02-10 23:59:59.999000+00:00,2020-02-10 23:42:02+00:00,2020-02-10 12:18:01+00:00,2781,0.0220408126,0.0223373685,0.0211056469,0.0222289209,1587320612.58,1482270509.63105,2020-02-10 23:59:59.999000+00:00,TRON_01_01_2020-01_01_2021_historical_data_coinmarketcap.csv,TRON,2020,2,10,0,23,23,12
2020-02-09 00:00:00+00:00,2020-02-09 23:59:59.999000+00:00,2020-02-09 07:43:03+00:00,2020-02-09 15:30:01+00:00,2781,0.0218378573,0.022615392,0.0215589254,0.0220335742,1466737553.97,1469244382.69167,2020-02-09 23:59:59.999000+00:00,TRON_01_01_2020-01_01_2021_historical_data_coinmarketcap.csv,TRON,2020,2,9,0,23,7,15
2020-02-08 00:00:00+00:00,2020-02-08 23:59:59.999000+00:00,2020-02-08 21:37:03+00:00,2020-02-08 03:15:04+00:00,2781,0.0220187455,0.0223752624,0.0207019231,0.0218517929,1566606336.23,1457122833.75647,2020-02-08 23:59:59.999000+00:00,TRON_01_01_2020-01_01_2021_historical_data_coinmarketcap.csv,TRON,2020,2,8,0,23,21,3
2020-02-07 00:00:00+00:00,2020-02-07 23:59:59.999000+00:00,2020-02-07 08:10:01+00:00,2020-02-07 21:17:04+00:00,2781,0.022564557,0.0234662323,0.0215529589,0.0220605085,1757671584.27,1471040417.53534,2020-02-07 23:59:59.999000+00:00,TRON_01_01_2020-01_01_2021_historical_data_coinmarketcap.csv,TRON,2020,2,7,0,23,8,21
2020-02-06 00:00:00+00:00,2020-02-06 23:59:59.999000+00:00,2020-02-06 14:41:03+00:00,2020-02-06 13:55:03+00:00,2781,0.0207620533,0.0231545887,0.0203003031,0.0225352371,1944165321.47,1502696305.01869,2020-02-06 23:59:59.999000+00:00,TRON_01_01_2020-01_01_2021_historical_data_coinmarketcap.csv,TRON,2020,2,6,0,23,14,13
2020-02-05 00:00:00+00:00,2020-02-05 23:59:59.999000+00:00,2020-02-05 23:59:03+00:00,2020-02-05 00:10:04+00:00,2781,0.0192767229,0.0207760163,0.0192617801,0.0207760163,1511971142.82,1385387820.13329,2020-02-05 23:59:59.999000+00:00,TRON_01_01_2020-01_01_2021_historical_data_coinmarketcap.csv,TRON,2020,2,5,0,23,23,0
2020-02-04 00:00:00+00:00,2020-02-04 23:59:59.999000+00:00,2020-02-04 16:32:01+00:00,2020-02-04 13:31:06+00:00,2781,0.0192022876,0.01944435,0.0184677521,0.0192610197,1407881433.3,1284364702.98132,2020-02-04 23:59:59.999000+00:00,TRON_01_01_2020-01_01_2021_historical_data_coinmarketcap.csv,TRON,2020,2,4,0,23,16,13
2020-02-03 00:00:00+00:00,2020-02-03 23:59:59.999000+00:00,2020-02-03 01:51:04+00:00,2020-02-03 18:31:02+00:00,2781,0.0191248259,0.0195660997,0.0189708924,0.0192176199,1419005610.05,1281470718.34554,2020-02-03 23:59:59.999000+00:00,TRON_01_01_2020-01_01_2021_historical_data_coinmarketcap.csv,TRON,2020,2,3,0,23,1,18
2020-02-02 00:00:00+00:00,2020-02-02 23:59:59.999000+00:00,2020-02-02 12:29:02+00:00,2020-02-02 02:43:01+00:00,2781,0.0190567641,0.019840842,0.018580799,0.0191356372,1482162206.32,1276003942.00569,2020-02-02 23:59:59.999000+00:00,TRON_01_01_2020-01_01_2021_historical_data_coinmarketcap.csv,TRON,2020,2,2,0,23,12,2
2020-02-01 00:00:00+00:00,2020-02-01 23:59:59.999000+00:00,2020-02-01 23:53:05+00:00,2020-02-01 13:01:03+00:00,2781,0.018664438,0.0190694077,0.0184943383,0.0190642195,1346616385.73,1271241659.37799,2020-02-01 23:59:59.999000+00:00,TRON_01_01_2020-01_01_2021_historical_data_coinmarketcap.csv,TRON,2020,2,1,0,23,23,13
2020-01-31 00:00:00+00:00,2020-01-31 23:59:59.999000+00:00,2020-01-31 00:22:02+00:00,2020-01-31 13:22:02+00:00,2781,0.0195143444,0.0196947441,0.0182635154,0.0186824052,1451545525.36,1245781492.10202,2020-01-31 23:59:59.999000+00:00,TRON_01_01_2020-01_01_2021_historical_data_coinmarketcap.csv,TRON,2020,1,31,0,23,0,13
2020-01-30 00:00:00+00:00,2020-01-30 23:59:59.999000+00:00,2020-01-30 23:03:03+00:00,2020-01-30 00:34:04+00:00,2781,0.0186672695,0.0197191911,0.0179717832,0.0194989099,1581901735.11,1300227718.67899,2020-01-30 23:59:59.999000+00:00,TRON_01_01_2020-01_01_2021_historical_data_coinmarketcap.csv,TRON,2020,1,30,0,23,23,0
2020-01-29 00:00:00+00:00,2020-01-29 23:59:59.999000+00:00,2020-01-29 06:20:05+00:00,2020-01-29 00:05:05+00:00,2781,0.018613295,0.0196507362,0.0185865932,0.018683476,1509737028.0,1245852892.95105,2020-01-29 23:59:59.999000+00:00,TRON_01_01_2020-01_01_2021_historical_data_coinmarketcap.csv,TRON,2020,1,29,0,23,6,0
2020-01-28 00:00:00+00:00,2020-01-28 23:59:59.999000+00:00,2020-01-28 08:01:05+00:00,2020-01-28 00:04:02+00:00,2781,0.0171458785,0.0188690097,0.0171301264,0.0186143697,1624609028.15,1241244747.36689,2020-01-28 23:59:59.999000+00:00,TRON_01_01_2020-01_01_2021_historical_data_coinmarketcap.csv,TRON,2020,1,28,0,23,8,0
2020-01-27 00:00:00+00:00,2020-01-27 23:59:59.999000+00:00,2020-01-27 20:40:03+00:00,2020-01-27 00:00:03+00:00,2781,0.0167974741,0.0172874659,0.0167974741,0.0171348914,1323659601.03,1142590062.77934,2020-01-27 23:59:59.999000+00:00,TRON_01_01_2020-01_01_2021_historical_data_coinmarketcap.csv,TRON,2020,1,27,0,23,20,0
2020-01-26 00:00:00+00:00,2020-01-26 23:59:59.999000+00:00,2020-01-26 20:20:01+00:00,2020-01-26 00:10:02+00:00,2781,0.0161929866,0.0168282107,0.0161091315,0.0168035621,1255315356.14,1120496341.46497,2020-01-26 23:59:59.999000+00:00,TRON_01_01_2020-01_01_2021_historical_data_coinmarketcap.csv,TRON,2020,1,26,0,23,20,0
2020-01-25 00:00:00+00:00,2020-01-25 23:59:59.999000+00:00,2020-01-25 00:00:03+00:00,2020-01-25 01:59:02+00:00,2781,0.0164263589,0.0164263589,0.0160232296,0.0161994238,1147617479.32,1080211145.42359,2020-01-25 23:59:59.999000+00:00,TRON_01_01_2020-01_01_2021_historical_data_coinmarketcap.csv,TRON,2020,1,25,0,23,0,1
2020-01-24 00:00:00+00:00,2020-01-24 23:59:59.999000+00:00,2020-01-24 19:58:05+00:00,2020-01-24 10:02:02+00:00,2781,0.0162632426,0.0165642516,0.0157607531,0.016411185,1237593967.39,1094331822.57634,2020-01-24 23:59:59.999000+00:00,TRON_01_01_2020-01_01_2021_historical_data_coinmarketcap.csv,TRON,2020,1,24,0,23,19,10
2020-01-23 00:00:00+00:00,2020-01-23 23:59:59.999000+00:00,2020-01-23 00:07:04+00:00,2020-01-23 18:48:03+00:00,2781,0.0173646151,0.0173909717,0.0160458822,0.0162528252,1238646077.33,1083772061.59354,2020-01-23 23:59:59.999000+00:00,TRON_01_01_2020-01_01_2021_historical_data_coinmarketcap.csv,TRON,2020,1,23,0,23,0,18
2020-01-22 00:00:00+00:00,2020-01-22 23:59:59.999000+00:00,2020-01-22 07:32:05+00:00,2020-01-22 14:08:03+00:00,2781,0.0173065248,0.017437658,0.017093507,0.0173534483,1180207765.81,1157163890.3232,2020-01-22 23:59:59.999000+00:00,TRON_01_01_2020-01_01_2021_historical_data_coinmarketcap.csv,TRON,2020,1,22,0,23,7,14
2020-01-21 00:00:00+00:00,2020-01-21 23:59:59.999000+00:00,2020-01-21 23:58:12+00:00,2020-01-21 00:51:02+00:00,2781,0.0166178569,0.0173082521,0.0165354701,0.0173082521,1239081715.17,1154150116.77932,2020-01-21 23:59:59.999000+00:00,TRON_01_01_2020-01_01_2021_historical_data_coinmarketcap.csv,TRON,2020,1,21,0,23,23,0
2020-01-20 00:00:00+00:00,2020-01-20 23:59:59.999000+00:00,2020-01-20 22:52:04+00:00,2020-01-20 13:18:05+00:00,2781,0.016612756,0.0167445239,0.0162379684,0.016625821,1266246609.86,1108644193.67605,2020-01-20 23:59:59.999000+00:00,TRON_01_01_2020-01_01_2021_historical_data_coinmarketcap.csv,TRON,2020,1,20,0,23,22,13
2020-01-19 00:00:00+00:00,2020-01-19 23:59:59.999000+00:00,2020-01-19 06:23:04+00:00,2020-01-19 12:30:03+00:00,2781,0.0177237451,0.0180646032,0.0162629738,0.0166199698,1309357591.75,1108254027.53617,2020-01-19 23:59:59.999000+00:00,TRON_01_01_2020-01_01_2021_historical_data_coinmarketcap.csv,TRON,2020,1,19,0,23,6,12
2020-01-18 00:00:00+00:00,2020-01-18 23:59:59.999000+00:00,2020-01-18 15:21:04+00:00,2020-01-18 06:21:01+00:00,2781,0.0176735786,0.018093617,0.0173189513,0.0177157768,1385173970.59,1181324709.87154,2020-01-18 23:59:59.999000+00:00,TRON_01_01_2020-01_01_2021_historical_data_coinmarketcap.csv,TRON,2020,1,18,0,23,15,6
2020-01-17 00:00:00+00:00,2020-01-17 23:59:59.999000+00:00,2020-01-17 19:21:02+00:00,2020-01-17 14:47:05+00:00,2781,0.0171965672,0.018067892,0.0170192991,0.0176658969,1420514220.35,1177998610.03775,2020-01-17 23:59:59.999000+00:00,TRON_01_01_2020-01_01_2021_historical_data_coinmarketcap.csv,TRON,2020,1,17,0,23,19,14
2020-01-16 00:00:00+00:00,2020-01-16 23:59:59.999000+00:00,2020-01-16 00:12:06+00:00,2020-01-16 03:35:04+00:00,2781,0.0172917365,0.0173461123,0.016246035,0.0171193637,1333108082.68,1141554643.07353,2020-01-16 23:59:59.999000+00:00,TRON_01_01_2020-01_01_2021_historical_data_coinmarketcap.csv,TRON,2020,1,16,0,23,0,3
2020-01-15 00:00:00+00:00,2020-01-15 23:59:59.999000+00:00,2020-01-15 10:43:04+00:00,2020-01-15 05:15:03+00:00,2781,0.0167285546,0.0180585464,0.0163241811,0.0172839032,1462008166.89,1152526478.75773,2020-01-15 23:59:59.999000+00:00,TRON_01_01_2020-01_01_2021_historical_data_coinmarketcap.csv,TRON,2020,1,15,0,23,10,5
2020-01-14 00:00:00+00:00,2020-01-14 23:59:59.999000+00:00,2020-01-14 17:50:03+00:00,2020-01-14 00:06:04+00:00,2781,0.0147074972,0.0169228808,0.0146957121,0.0167201142,1466195335.98,1114931863.19977,2020-01-14 23:59:59.999000+00:00,TRON_01_01_2020-01_01_2021_historical_data_coinmarketcap.csv,TRON,2020,1,14,0,23,17,0
2020-01-13 00:00:00+00:00,2020-01-13 23:59:59.999000+00:00,2020-01-13 00:07:01+00:00,2020-01-13 15:58:02+00:00,2781,0.0149747317,0.0150446704,0.0145903195,0.0147061657,1067644895.96,980637605.146617,2020-01-13 23:59:59.999000+00:00,TRON_01_01_2020-01_01_2021_historical_data_coinmarketcap.csv,TRON,2020,1,13,0,23,0,15
2020-01-12 00:00:00+00:00,2020-01-12 23:59:59.999000+00:00,2020-01-12 23:53:02+00:00,2020-01-12 00:48:05+00:00,2781,0.0146189216,0.0150039934,0.0145144201,0.0149755107,1151253020.8,998598083.313288,2020-01-12 23:59:59.999000+00:00,TRON_01_01_2020-01_01_2021_historical_data_coinmarketcap.csv,TRON,2020,1,12,0,23,23,0
2020-01-11 00:00:00+00:00,2020-01-11 23:59:59.999000+00:00,2020-01-11 10:41:01+00:00,2020-01-11 06:23:01+00:00,2781,0.0146237887,0.0149286084,0.0145007614,0.0146144308,1176009006.99,974520532.482476,2020-01-11 23:59:59.999000+00:00,TRON_01_01_2020-01_01_2021_historical_data_coinmarketcap.csv,TRON,2020,1,11,0,23,10,6
2020-01-10 00:00:00+00:00,2020-01-10 23:59:59.999000+00:00,2020-01-10 16:49:06+00:00,2020-01-10 10:31:02+00:00,2781,0.0140642622,0.0147638808,0.0137320543,0.0146140165,1156355119.78,974492901.898997,2020-01-10 23:59:59.999000+00:00,TRON_01_01_2020-01_01_2021_historical_data_coinmarketcap.csv,TRON,2020,1,10,0,23,16,10
2020-01-09 00:00:00+00:00,2020-01-09 23:59:59.999000+00:00,2020-01-09 01:21:02+00:00,2020-01-09 18:04:04+00:00,2781,0.0140668183,0.0141087854,0.0138192705,0.0140627835,943917224.42,937735547.699754,2020-01-09 23:59:59.999000+00:00,TRON_01_01_2020-01_01_2021_historical_data_coinmarketcap.csv,TRON,2020,1,9,0,23,1,18
2020-01-08 00:00:00+00:00,2020-01-08 23:59:59.999000+00:00,2020-01-08 07:24:03+00:00,2020-01-08 20:57:01+00:00,2781,0.0143776571,0.0146234502,0.0138862149,0.014069248,1120252260.93,938166611.714918,2020-01-08 23:59:59.999000+00:00,TRON_01_01_2020-01_01_2021_historical_data_coinmarketcap.csv,TRON,2020,1,8,0,23,7,20
2020-01-07 00:00:00+00:00,2020-01-07 23:59:59.999000+00:00,2020-01-07 00:34:02+00:00,2020-01-07 15:44:04+00:00,2781,0.0145937351,0.0147414189,0.0142095445,0.0143732239,1120168579.14,958436351.769171,2020-01-07 23:59:59.999000+00:00,TRON_01_01_2020-01_01_2021_historical_data_coinmarketcap.csv,TRON,2020,1,7,0,23,0,15
2020-01-06 00:00:00+00:00,2020-01-06 23:59:59.999000+00:00,2020-01-06 23:59:01+00:00,2020-01-06 00:04:03+00:00,2781,0.0136174341,0.014548113,0.0136013721,0.014548113,1204485570.22,970098321.121267,2020-01-06 23:59:59.999000+00:00,TRON_01_01_2020-01_01_2021_historical_data_coinmarketcap.csv,TRON,2020,1,6,0,23,23,0
2020-01-05 00:00:00+00:00,2020-01-05 23:59:59.999000+00:00,2020-01-05 19:04:03+00:00,2020-01-05 00:01:01+00:00,2781,0.013531323,0.0139127614,0.0135222946,0.0136228928,1079591213.9,908402721.805456,2020-01-05 23:59:59.999000+00:00,TRON_01_01_2020-01_01_2021_historical_data_coinmarketcap.csv,TRON,2020,1,5,0,23,19,0
2020-01-04 00:00:00+00:00,2020-01-04 23:59:59.999000+00:00,2020-01-04 07:27:02+00:00,2020-01-04 14:19:04+00:00,2781,0.0134495273,0.0135340482,0.0133098102,0.0135208075,991868125.64,901595464.775043,2020-01-04 23:59:59.999000+00:00,TRON_01_01_2020-01_01_2021_historical_data_coinmarketcap.csv,TRON,2020,1,4,0,23,7,14
2020-01-03 00:00:00+00:00,2020-01-03 23:59:59.999000+00:00,2020-01-03 17:04:05+00:00,2020-01-03 02:08:04+00:00,2781,0.0128865247,0.0135240832,0.0127722871,0.0134346566,1109470186.56,895850740.59438,2020-01-03 23:59:59.999000+00:00,TRON_01_01_2020-01_01_2021_historical_data_coinmarketcap.csv,TRON,2020,1,3,0,23,17,2
2020-01-02 00:00:00+00:00,2020-01-02 23:59:59.999000+00:00,2020-01-02 00:00:03+00:00,2020-01-02 23:02:02+00:00,2781,0.0132536142,0.0132536142,0.0128085382,0.012870104,999867627.52,858205201.524912,2020-01-02 23:59:59.999000+00:00,TRON_01_01_2020-01_01_2021_historical_data_coinmarketcap.csv,TRON,2020,1,2,0,23,0,23
2020-01-01 00:00:00+00:00,2020-01-01 23:59:59.999000+00:00,2020-01-01 03:01:05+00:00,2020-01-01 23:27:02+00:00,2781,0.0132941907,0.0133884085,0.0131931592,0.0132496388,977215884.78,883513371.291649,2020-01-01 23:59:59.999000+00:00,TRON_01_01_2020-01_01_2021_historical_data_coinmarketcap.csv,TRON,2020,1,1,0,23,3,23
2021-12-31 00:00:00+00:00,2021-12-31 23:59:59.999000+00:00,2021-12-31 12:10:00+00:00,2021-12-31 21:00:00+00:00,2781,0.0779076008,0.0787788155,0.0738532728,0.0753966888,1295328485.76,7679502984.65,2021-12-31 23:59:59.999000+00:00,TRON_01_01_2021-01_01_2022_historical_data_coinmarketcap.csv,TRON,2021,12,31,0,23,12,21
2021-12-30 00:00:00+00:00,2021-12-30 23:59:59.999000+00:00,2021-12-30 12:43:13+00:00,2021-12-30 00:19:17+00:00,2781,0.0765260974,0.0785983904,0.0757549064,0.077923551,1152092092.93,7937041446.39,2021-12-30 23:59:59.999000+00:00,TRON_01_01_2021-01_01_2022_historical_data_coinmarketcap.csv,TRON,2021,12,30,0,23,12,0
2021-12-29 00:00:00+00:00,2021-12-29 23:59:59.999000+00:00,2021-12-29 06:34:19+00:00,2021-12-29 23:46:12+00:00,2781,0.0772484806,0.0800308903,0.0762417278,0.0764663785,1316794810.85,7788792783.93,2021-12-29 23:59:59.999000+00:00,TRON_01_01_2021-01_01_2022_historical_data_coinmarketcap.csv,TRON,2021,12,29,0,23,6,23
2021-12-28 00:00:00+00:00,2021-12-28 23:59:59.999000+00:00,2021-12-28 00:02:12+00:00,2021-12-28 19:20:12+00:00,2781,0.0811323764,0.081144948,0.0770224663,0.0772594048,1416238065.97,7869703325.5,2021-12-28 23:59:59.999000+00:00,TRON_01_01_2021-01_01_2022_historical_data_coinmarketcap.csv,TRON,2021,12,28,0,23,0,19
2021-12-27 00:00:00+00:00,2021-12-27 23:59:59.999000+00:00,2021-12-27 17:44:14+00:00,2021-12-27 09:09:34+00:00,2781,0.0815610304,0.082730019,0.0809503701,0.0810017834,1004525114.13,8251010478.04,2021-12-27 23:59:59.999000+00:00,TRON_01_01_2021-01_01_2022_historical_data_coinmarketcap.csv,TRON,2021,12,27,0,23,17,9
2021-12-26 00:00:00+00:00,2021-12-26 23:59:59.999000+00:00,2021-12-26 01:51:32+00:00,2021-12-26 04:37:14+00:00,2781,0.0814955349,0.0819448646,0.0798453589,0.0815756041,1023229636.13,8309592456.12,2021-12-26 23:59:59.999000+00:00,TRON_01_01_2021-01_01_2022_historical_data_coinmarketcap.csv,TRON,2021,12,26,0,23,1,4
2021-12-25 00:00:00+00:00,2021-12-25 23:59:59.999000+00:00,2021-12-25 21:45:33+00:00,2021-12-25 06:17:12+00:00,2781,0.0809314315,0.0822728893,0.0802264733,0.0814977564,1251308755.46,8301667571.07,2021-12-25 23:59:59.999000+00:00,TRON_01_01_2021-01_01_2022_historical_data_coinmarketcap.csv,TRON,2021,12,25,0,23,21,6
2021-12-24 00:00:00+00:00,2021-12-24 23:59:59.999000+00:00,2021-12-24 10:00:27+00:00,2021-12-24 23:14:14+00:00,2781,0.0827650107,0.0832252382,0.080426365,0.0809200961,1037349823.75,8242850843.86,2021-12-24 23:59:59.999000+00:00,TRON_01_01_2021-01_01_2022_historical_data_coinmarketcap.csv,TRON,2021,12,24,0,23,10,23
2021-12-23 00:00:00+00:00,2021-12-23 23:59:59.999000+00:00,2021-12-23 23:54:33+00:00,2021-12-23 08:06:34+00:00,2781,0.0791671739,0.0827381766,0.0781168843,0.0826418207,1114421110.21,8418471004.55,2021-12-23 23:59:59.999000+00:00,TRON_01_01_2021-01_01_2022_historical_data_coinmarketcap.csv,TRON,2021,12,23,0,23,23,8
2021-12-22 00:00:00+00:00,2021-12-22 23:59:59.999000+00:00,2021-12-22 20:11:12+00:00,2021-12-22 12:56:11+00:00,2781,0.0789461298,0.080369517,0.078485602,0.0791203928,1049649725.43,8059866303.45,2021-12-22 23:59:59.999000+00:00,TRON_01_01_2021-01_01_2022_historical_data_coinmarketcap.csv,TRON,2021,12,22,0,23,20,12
2021-12-21 00:00:00+00:00,2021-12-21 23:59:59.999000+00:00,2021-12-21 23:32:13+00:00,2021-12-21 01:25:13+00:00,2781,0.0775144268,0.0793629834,0.0770307476,0.0788954371,1151321730.36,8037056793.11,2021-12-21 23:59:59.999000+00:00,TRON_01_01_2021-01_01_2022_historical_data_coinmarketcap.csv,TRON,2021,12,21,0,23,23,1
2021-12-20 00:00:00+00:00,2021-12-20 23:59:59.999000+00:00,2021-12-20 01:14:12+00:00,2021-12-20 14:23:13+00:00,2781,0.0794766079,0.0801349648,0.0748906679,0.0775137564,1457312918.01,7896431784.01,2021-12-20 23:59:59.999000+00:00,TRON_01_01_2021-01_01_2022_historical_data_coinmarketcap.csv,TRON,2021,12,20,0,23,1,14
2021-12-19 00:00:00+00:00,2021-12-19 23:59:59.999000+00:00,2021-12-19 03:32:11+00:00,2021-12-19 23:58:11+00:00,2781,0.0804706096,0.0817560359,0.0794862367,0.0795255772,775625740.57,8101504285.91,2021-12-19 23:59:59.999000+00:00,TRON_01_01_2021-01_01_2022_historical_data_coinmarketcap.csv,TRON,2021,12,19,0,23,3,23
2021-12-18 00:00:00+00:00,2021-12-18 23:59:59.999000+00:00,2021-12-18 12:09:24+00:00,2021-12-18 02:06:13+00:00,2781,0.0796757495,0.0823230623,0.0787845938,0.0804347522,1171642825.41,8194149959.71,2021-12-18 23:59:59.999000+00:00,TRON_01_01_2021-01_01_2022_historical_data_coinmarketcap.csv,TRON,2021,12,18,0,23,12,2
2021-12-17 00:00:00+00:00,2021-12-17 23:59:59.999000+00:00,2021-12-17 00:54:23+00:00,2021-12-17 14:46:11+00:00,2781,0.0853893574,0.0859368978,0.0786445237,0.0796907143,2402612046.93,8118407001.33,2021-12-17 23:59:59.999000+00:00,TRON_01_01_2021-01_01_2022_historical_data_coinmarketcap.csv,TRON,2021,12,17,0,23,0,14
2021-12-16 00:00:00+00:00,2021-12-16 23:59:59.999000+00:00,2021-12-16 00:48:21+00:00,2021-12-16 23:46:10+00:00,2781,0.0876101792,0.0880697676,0.085227111,0.0854266275,1466076994.39,8702889790.95,2021-12-16 23:59:59.999000+00:00,TRON_01_01_2021-01_01_2022_historical_data_coinmarketcap.csv,TRON,2021,12,16,0,23,0,23
2021-12-15 00:00:00+00:00,2021-12-15 23:59:59.999000+00:00,2021-12-15 21:30:18+00:00,2021-12-15 16:00:18+00:00,2781,0.0871607298,0.0887558565,0.0831554524,0.0875881674,1603110499.08,8923256889.74,2021-12-15 23:59:59.999000+00:00,TRON_01_01_2021-01_01_2022_historical_data_coinmarketcap.csv,TRON,2021,12,15,0,23,21,16
2021-12-14 00:00:00+00:00,2021-12-14 23:59:59.999000+00:00,2021-12-14 12:26:10+00:00,2021-12-14 06:47:10+00:00,2781,0.0850058623,0.0873453297,0.0840036583,0.0855885067,1563260445.02,8719729098.93,2021-12-14 23:59:59.999000+00:00,TRON_01_01_2021-01_01_2022_historical_data_coinmarketcap.csv,TRON,2021,12,14,0,23,12,6
2021-12-13 00:00:00+00:00,2021-12-13 23:59:59.999000+00:00,2021-12-13 00:16:10+00:00,2021-12-13 19:43:10+00:00,2781,0.0911508429,0.0916911782,0.0842886821,0.0850087623,1140985646.67,8660854809.43,2021-12-13 23:59:59.999000+00:00,TRON_01_01_2021-01_01_2022_historical_data_coinmarketcap.csv,TRON,2021,12,13,0,23,0,19
2021-12-12 00:00:00+00:00,2021-12-12 23:59:59.999000+00:00,2021-12-12 18:31:10+00:00,2021-12-12 10:14:10+00:00,2781,0.0915740251,0.0924076259,0.0898942077,0.091135669,845372144.71,9285401288.9,2021-12-12 23:59:59.999000+00:00,TRON_01_01_2021-01_01_2022_historical_data_coinmarketcap.csv,TRON,2021,12,12,0,23,18,10
2021-12-11 00:00:00+00:00,2021-12-11 23:59:59.999000+00:00,2021-12-11 16:27:22+00:00,2021-12-11 00:19:10+00:00,2781,0.0879617296,0.0919199107,0.0868164054,0.0916136271,1013565431.62,9334251127.08,2021-12-11 23:59:59.999000+00:00,TRON_01_01_2021-01_01_2022_historical_data_coinmarketcap.csv,TRON,2021,12,11,0,23,16,0
2021-12-10 00:00:00+00:00,2021-12-10 23:59:59.999000+00:00,2021-12-10 13:37:09+00:00,2021-12-10 23:56:10+00:00,2781,0.0887848726,0.0930052211,0.0876834698,0.0879440299,1120007631.82,8960448435.36,2021-12-10 23:59:59.999000+00:00,TRON_01_01_2021-01_01_2022_historical_data_coinmarketcap.csv,TRON,2021,12,10,0,23,13,23
2021-12-09 00:00:00+00:00,2021-12-09 23:59:59.999000+00:00,2021-12-09 00:12:10+00:00,2021-12-09 20:46:10+00:00,2781,0.0922898985,0.0933517704,0.0886569932,0.0887813501,1298412034.91,9045989214.78,2021-12-09 23:59:59.999000+00:00,TRON_01_01_2021-01_01_2022_historical_data_coinmarketcap.csv,TRON,2021,12,9,0,23,0,20
2021-12-08 00:00:00+00:00,2021-12-08 23:59:59.999000+00:00,2021-12-08 15:25:09+00:00,2021-12-08 00:04:09+00:00,2781,0.090077856,0.093888216,0.089905214,0.0924573047,1627161248.64,9420751102.16,2021-12-08 23:59:59.999000+00:00,TRON_01_01_2021-01_01_2022_historical_data_coinmarketcap.csv,TRON,2021,12,8,0,23,15,0
2021-12-07 00:00:00+00:00,2021-12-07 23:59:59.999000+00:00,2021-12-07 15:16:10+00:00,2021-12-07 00:22:09+00:00,2781,0.0876013009,0.0927362337,0.0868996813,0.0902050878,1742062752.94,9191453138.95,2021-12-07 23:59:59.999000+00:00,TRON_01_01_2021-01_01_2022_historical_data_coinmarketcap.csv,TRON,2021,12,7,0,23,15,0
2021-12-06 00:00:00+00:00,2021-12-06 23:59:59.999000+00:00,2021-12-06 23:30:10+00:00,2021-12-06 11:16:09+00:00,2781,0.0843658348,0.0875985834,0.0790797105,0.0873846697,2399893667.32,8904250433.44,2021-12-06 23:59:59.999000+00:00,TRON_01_01_2021-01_01_2022_historical_data_coinmarketcap.csv,TRON,2021,12,6,0,23,23,11
2021-12-05 00:00:00+00:00,2021-12-05 23:59:59.999000+00:00,2021-12-05 00:19:09+00:00,2021-12-05 15:45:20+00:00,2781,0.0869261619,0.0879362366,0.0823227725,0.0843281726,1832487821.79,8593053134.85,2021-12-05 23:59:59.999000+00:00,TRON_01_01_2021-01_01_2022_historical_data_coinmarketcap.csv,TRON,2021,12,5,0,23,0,15
2021-12-04 00:00:00+00:00,2021-12-04 23:59:59.999000+00:00,2021-12-04 00:00:20+00:00,2021-12-04 05:28:10+00:00,2781,0.0940632428,0.0940632428,0.0739188011,0.0868973621,2809805060.96,8854914114.7,2021-12-04 23:59:59.999000+00:00,TRON_01_01_2021-01_01_2022_historical_data_coinmarketcap.csv,TRON,2021,12,4,0,23,0,5
2021-12-03 00:00:00+00:00,2021-12-03 23:59:59.999000+00:00,2021-12-03 13:34:10+00:00,2021-12-03 23:00:20+00:00,2781,0.0975396295,0.1019003025,0.0936385784,0.0938944136,2566234253.71,9568114155.27,2021-12-03 23:59:59.999000+00:00,TRON_01_01_2021-01_01_2022_historical_data_coinmarketcap.csv,TRON,2021,12,3,0,23,13,23
2021-12-02 00:00:00+00:00,2021-12-02 23:59:59.999000+00:00,2021-12-02 21:59:09+00:00,2021-12-02 03:30:42+00:00,2781,0.0969170877,0.0983325852,0.0951915964,0.097415364,2248113731.37,6980751607.33,2021-12-02 23:59:59.999000+00:00,TRON_01_01_2021-01_01_2022_historical_data_coinmarketcap.csv,TRON,2021,12,2,0,23,21,3
2021-12-01 00:00:00+00:00,2021-12-01 23:59:59.999000+00:00,2021-12-01 17:16:50+00:00,2021-12-01 21:49:51+00:00,2781,0.0964927736,0.1006274031,0.0958434575,0.0968998782,1783980402.04,6943812070.1,2021-12-01 23:59:59.999000+00:00,TRON_01_01_2021-01_01_2022_historical_data_coinmarketcap.csv,TRON,2021,12,1,0,23,17,21
2021-11-30 00:00:00+00:00,2021-11-30 23:59:59.999000+00:00,2021-11-30 15:18:01+00:00,2021-11-30 06:19:28+00:00,2781,0.0966134595,0.0999320988,0.0951427031,0.0966103065,2394129999.0,6923061463.54,2021-11-30 23:59:59.999000+00:00,TRON_01_01_2021-01_01_2022_historical_data_coinmarketcap.csv,TRON,2021,11,30,0,23,15,6
2021-11-29 00:00:00+00:00,2021-11-29 23:59:59.999000+00:00,2021-11-29 17:40:14+00:00,2021-11-29 03:46:16+00:00,2781,0.0952247439,0.0972499591,0.0943806378,0.0966606066,2047489953.27,6926665946.77,2021-11-29 23:59:59.999000+00:00,TRON_01_01_2021-01_01_2022_historical_data_coinmarketcap.csv,TRON,2021,11,29,0,23,17,3
2021-11-28 00:00:00+00:00,2021-11-28 23:59:59.999000+00:00,2021-11-28 23:51:35+00:00,2021-11-28 18:43:11+00:00,2781,0.0935244184,0.0952605648,0.0898113409,0.0951025844,2625603056.76,6815018615.59,2021-11-28 23:59:59.999000+00:00,TRON_01_01_2021-01_01_2022_historical_data_coinmarketcap.csv,TRON,2021,11,28,0,23,23,18
2021-11-27 00:00:00+00:00,2021-11-27 23:59:59.999000+00:00,2021-11-27 17:29:11+00:00,2021-11-27 00:06:34+00:00,2781,0.0922381651,0.0954327634,0.0918942773,0.0934395953,1974830153.89,6695849383.32,2021-11-27 23:59:59.999000+00:00,TRON_01_01_2021-01_01_2022_historical_data_coinmarketcap.csv,TRON,2021,11,27,0,23,17,0
2021-11-26 00:00:00+00:00,2021-11-26 23:59:59.999000+00:00,2021-11-26 03:37:14+00:00,2021-11-26 12:13:17+00:00,2781,0.1001778089,0.1013230605,0.0904978032,0.0919239411,2710143957.42,6587238121.96,2021-11-26 23:59:59.999000+00:00,TRON_01_01_2021-01_01_2022_historical_data_coinmarketcap.csv,TRON,2021,11,26,0,23,3,12
2021-11-25 00:00:00+00:00,2021-11-25 23:59:59.999000+00:00,2021-11-25 17:49:11+00:00,2021-11-25 00:13:11+00:00,2781,0.0978894824,0.1012512644,0.0972269067,0.0984552297,1744005441.37,7055268029.62,2021-11-25 23:59:59.999000+00:00,TRON_01_01_2021-01_01_2022_historical_data_coinmarketcap.csv,TRON,2021,11,25,0,23,17,0
2021-11-24 00:00:00+00:00,2021-11-24 23:59:59.999000+00:00,2021-11-24 01:04:09+00:00,2021-11-24 20:04:13+00:00,2781,0.1028923361,0.1038630521,0.0963731724,0.1006949691,2117457454.57,7215766987.28,2021-11-24 23:59:59.999000+00:00,TRON_01_01_2021-01_01_2022_historical_data_coinmarketcap.csv,TRON,2021,11,24,0,23,1,20
2021-11-23 00:00:00+00:00,2021-11-23 23:59:59.999000+00:00,2021-11-23 04:50:13+00:00,2021-11-23 09:38:11+00:00,2781,0.1018961604,0.1035161688,0.1012113732,0.1028273985,2197249732.57,7368576145.2,2021-11-23 23:59:59.999000+00:00,TRON_01_01_2021-01_01_2022_historical_data_coinmarketcap.csv,TRON,2021,11,23,0,23,4,9
2021-11-22 00:00:00+00:00,2021-11-22 23:59:59.999000+00:00,2021-11-22 00:07:11+00:00,2021-11-22 21:03:24+00:00,2781,0.1066811369,0.1071318934,0.1012451482,0.1018170571,2354774655.26,7296175426.12,2021-11-22 23:59:59.999000+00:00,TRON_01_01_2021-01_01_2022_historical_data_coinmarketcap.csv,TRON,2021,11,22,0,23,0,21
2021-11-21 00:00:00+00:00,2021-11-21 23:59:59.999000+00:00,2021-11-21 21:26:10+00:00,2021-11-21 00:34:11+00:00,2781,0.1052604734,0.1097241514,0.1045162569,0.1068770796,2241989308.84,7658774902.65,2021-11-21 23:59:59.999000+00:00,TRON_01_01_2021-01_01_2022_historical_data_coinmarketcap.csv,TRON,2021,11,21,0,23,21,0
2021-11-20 00:00:00+00:00,2021-11-20 23:59:59.999000+00:00,2021-11-20 12:04:10+00:00,2021-11-20 16:24:22+00:00,2781,0.1040004522,0.1057956725,0.1017317704,0.1051128018,2327286906.37,7532347364.14,2021-11-20 23:59:59.999000+00:00,TRON_01_01_2021-01_01_2022_historical_data_coinmarketcap.csv,TRON,2021,11,20,0,23,12,16
2021-11-19 00:00:00+00:00,2021-11-19 23:59:59.999000+00:00,2021-11-19 17:35:10+00:00,2021-11-19 03:46:10+00:00,2781,0.1003640211,0.1057213087,0.0981893996,0.1040116152,2635327807.35,7453436707.03,2021-11-19 23:59:59.999000+00:00,TRON_01_01_2021-01_01_2022_historical_data_coinmarketcap.csv,TRON,2021,11,19,0,23,17,3
2021-11-18 00:00:00+00:00,2021-11-18 23:59:59.999000+00:00,2021-11-18 01:43:10+00:00,2021-11-18 23:46:10+00:00,2781,0.1112190317,0.1125477616,0.0997599375,0.1004348935,2368557260.99,7197130059.03,2021-11-18 23:59:59.999000+00:00,TRON_01_01_2021-01_01_2022_historical_data_coinmarketcap.csv,TRON,2021,11,18,0,23,1,23
2021-11-17 00:00:00+00:00,2021-11-17 23:59:59.999000+00:00,2021-11-17 12:00:22+00:00,2021-11-17 02:05:09+00:00,2781,0.1095036671,0.113675907,0.1080242365,0.1112215744,2346982289.32,7970099917.03,2021-11-17 23:59:59.999000+00:00,TRON_01_01_2021-01_01_2022_historical_data_coinmarketcap.csv,TRON,2021,11,17,0,23,12,2
2021-11-16 00:00:00+00:00,2021-11-16 23:59:59.999000+00:00,2021-11-16 00:00:20+00:00,2021-11-16 10:14:09+00:00,2781,0.1240559241,0.1240559241,0.105925248,0.1094956573,3293527271.84,7846421282.54,2021-11-16 23:59:59.999000+00:00,TRON_01_01_2021-01_01_2022_historical_data_coinmarketcap.csv,TRON,2021,11,16,0,23,0,10
2021-11-15 00:00:00+00:00,2021-11-15 23:59:59.999000+00:00,2021-11-15 11:44:10+00:00,2021-11-15 02:25:09+00:00,2781,0.1170714112,0.1290731969,0.1158325296,0.1236020523,3649274120.96,8857280718.09,2021-11-15 23:59:59.999000+00:00,TRON_01_01_2021-01_01_2022_historical_data_coinmarketcap.csv,TRON,2021,11,15,0,23,11,2
2021-11-14 00:00:00+00:00,2021-11-14 23:59:59.999000+00:00,2021-11-14 23:56:10+00:00,2021-11-14 08:25:09+00:00,2781,0.1126138676,0.1173550329,0.1106552736,0.1169467534,2500811808.94,8380364276.05,2021-11-14 23:59:59.999000+00:00,TRON_01_01_2021-01_01_2022_historical_data_coinmarketcap.csv,TRON,2021,11,14,0,23,23,8
2021-11-13 00:00:00+00:00,2021-11-13 23:59:59.999000+00:00,2021-11-13 16:04:10+00:00,2021-11-13 01:58:09+00:00,2781,0.1079825474,0.1138926,0.1075030972,0.1126311562,2990220768.56,8071110062.36,2021-11-13 23:59:59.999000+00:00,TRON_01_01_2021-01_01_2022_historical_data_coinmarketcap.csv,TRON,2021,11,13,0,23,16,1
2021-11-12 00:00:00+00:00,2021-11-12 23:59:59.999000+00:00,2021-11-12 05:12:22+00:00,2021-11-12 16:43:09+00:00,2781,0.1090332581,0.1106926195,0.1048368283,0.107874043,2509218666.25,7730216959.75,2021-11-12 23:59:59.999000+00:00,TRON_01_01_2021-01_01_2022_historical_data_coinmarketcap.csv,TRON,2021,11,12,0,23,5,16
2021-11-11 00:00:00+00:00,2021-11-11 23:59:59.999000+00:00,2021-11-11 10:59:10+00:00,2021-11-11 00:24:21+00:00,2781,0.1067803551,0.1105000596,0.1050988822,0.1092513716,2482719186.57,7828915855.54,2021-11-11 23:59:59.999000+00:00,TRON_01_01_2021-01_01_2022_historical_data_coinmarketcap.csv,TRON,2021,11,11,0,23,10,0
2021-11-10 00:00:00+00:00,2021-11-10 23:59:59.999000+00:00,2021-11-10 01:12:23+00:00,2021-11-10 21:25:10+00:00,2781,0.1143936275,0.1174892735,0.1033284642,0.1067876188,3282293456.88,7652364173.74,2021-11-10 23:59:59.999000+00:00,TRON_01_01_2021-01_01_2022_historical_data_coinmarketcap.csv,TRON,2021,11,10,0,23,1,21
2021-11-09 00:00:00+00:00,2021-11-09 23:59:59.999000+00:00,2021-11-09 18:24:22+00:00,2021-11-09 01:03:22+00:00,2781,0.1099888175,0.115428979,0.1086292126,0.1144330174,3034203511.0,8200230820.06,2021-11-09 23:59:59.999000+00:00,TRON_01_01_2021-01_01_2022_historical_data_coinmarketcap.csv,TRON,2021,11,9,0,23,18,1
2021-11-08 00:00:00+00:00,2021-11-08 23:59:59.999000+00:00,2021-11-08 23:58:10+00:00,2021-11-08 00:00:19+00:00,2781,0.104635162,0.1100127141,0.104635162,0.1099630621,2551114894.44,7879915350.31,2021-11-08 23:59:59.999000+00:00,TRON_01_01_2021-01_01_2022_historical_data_coinmarketcap.csv,TRON,2021,11,8,0,23,23,0
2021-11-07 00:00:00+00:00,2021-11-07 23:59:59.999000+00:00,2021-11-07 21:46:09+00:00,2021-11-07 00:28:10+00:00,2781,0.1026579473,0.1049805243,0.1022144294,0.1045853086,1778269192.49,7494547381.87,2021-11-07 23:59:59.999000+00:00,TRON_01_01_2021-01_01_2022_historical_data_coinmarketcap.csv,TRON,2021,11,7,0,23,21,0
2021-11-06 00:00:00+00:00,2021-11-06 23:59:59.999000+00:00,2021-11-06 05:56:09+00:00,2021-11-06 12:20:09+00:00,2781,0.1036380172,0.1043314202,0.0996636643,0.1025939786,1701272409.17,7351849355.64,2021-11-06 23:59:59.999000+00:00,TRON_01_01_2021-01_01_2022_historical_data_coinmarketcap.csv,TRON,2021,11,6,0,23,5,12
2021-11-05 00:00:00+00:00,2021-11-05 23:59:59.999000+00:00,2021-11-05 13:38:08+00:00,2021-11-05 20:41:09+00:00,2781,0.1034172531,0.1061899829,0.102336253,0.1037189504,1693587971.44,7432464445.01,2021-11-05 23:59:59.999000+00:00,TRON_01_01_2021-01_01_2022_historical_data_coinmarketcap.csv,TRON,2021,11,5,0,23,13,20
2021-11-04 00:00:00+00:00,2021-11-04 23:59:59.999000+00:00,2021-11-04 07:06:23+00:00,2021-11-04 16:09:17+00:00,2781,0.1059096307,0.1072103348,0.1018387368,0.1034273206,1970446437.19,7411566356.57,2021-11-04 23:59:59.999000+00:00,TRON_01_01_2021-01_01_2022_historical_data_coinmarketcap.csv,TRON,2021,11,4,0,23,7,16
2021-11-03 00:00:00+00:00,2021-11-03 23:59:59.999000+00:00,2021-11-03 10:51:20+00:00,2021-11-03 13:47:09+00:00,2781,0.1074161242,0.1092624028,0.1023835841,0.1058625287,2736243801.68,7586072532.17,2021-11-03 23:59:59.999000+00:00,TRON_01_01_2021-01_01_2022_historical_data_coinmarketcap.csv,TRON,2021,11,3,0,23,10,13
2021-11-02 00:00:00+00:00,2021-11-02 23:59:59.999000+00:00,2021-11-02 15:04:08+00:00,2021-11-02 00:36:21+00:00,2781,0.1005648505,0.1104332273,0.0998924677,0.1073950295,2695125438.65,7695891014.62,2021-11-02 23:59:59.999000+00:00,TRON_01_01_2021-01_01_2022_historical_data_coinmarketcap.csv,TRON,2021,11,2,0,23,15,0
2021-11-01 00:00:00+00:00,2021-11-01 23:59:59.999000+00:00,2021-11-01 09:42:21+00:00,2021-11-01 04:03:20+00:00,2781,0.1015416993,0.1020065836,0.0981767554,0.1005483384,1724266846.93,7205259480.01,2021-11-01 23:59:59.999000+00:00,TRON_01_01_2021-01_01_2022_historical_data_coinmarketcap.csv,TRON,2021,11,1,0,23,9,4
2021-10-31 00:00:00+00:00,2021-10-31 23:59:59.999000+00:00,2021-10-31 00:30:23+00:00,2021-10-31 13:38:08+00:00,2781,0.1011930179,0.1023648805,0.0977090681,0.10152652,2663826401.23,7275355636.81,2021-10-31 23:59:59.999000+00:00,TRON_01_01_2021-01_01_2022_historical_data_coinmarketcap.csv,TRON,2021,10,31,0,23,0,13
2021-10-30 00:00:00+00:00,2021-10-30 23:59:59.999000+00:00,2021-10-30 06:54:21+00:00,2021-10-30 01:00:22+00:00,2781,0.0994500406,0.1045381598,0.0978991334,0.1011274142,2853009501.41,7246755853.37,2021-10-30 23:59:59.999000+00:00,TRON_01_01_2021-01_01_2022_historical_data_coinmarketcap.csv,TRON,2021,10,30,0,23,6,1
2021-10-29 00:00:00+00:00,2021-10-29 23:59:59.999000+00:00,2021-10-29 23:57:24+00:00,2021-10-29 00:26:08+00:00,2781,0.0953738411,0.0994467907,0.0947529982,0.0994387703,2503779170.23,7125748212.01,2021-10-29 23:59:59.999000+00:00,TRON_01_01_2021-01_01_2022_historical_data_coinmarketcap.csv,TRON,2021,10,29,0,23,23,0
2021-10-28 00:00:00+00:00,2021-10-28 23:59:59.999000+00:00,2021-10-28 20:43:09+00:00,2021-10-28 00:00:26+00:00,2781,0.0906660349,0.096235081,0.0906660349,0.0953692304,2730738900.69,6834126374.01,2021-10-28 23:59:59.999000+00:00,TRON_01_01_2021-01_01_2022_historical_data_coinmarketcap.csv,TRON,2021,10,28,0,23,20,0
2021-10-27 00:00:00+00:00,2021-10-27 23:59:59.999000+00:00,2021-10-27 05:14:09+00:00,2021-10-27 08:10:09+00:00,2781,0.1011521402,0.1026786829,0.0891129828,0.0907055034,2319437826.16,6499925293.43,2021-10-27 23:59:59.999000+00:00,TRON_01_01_2021-01_01_2022_historical_data_coinmarketcap.csv,TRON,2021,10,27,0,23,5,8
2021-10-26 00:00:00+00:00,2021-10-26 23:59:59.999000+00:00,2021-10-26 08:04:09+00:00,2021-10-26 23:01:09+00:00,2781,0.1006815446,0.1055934301,0.100377587,0.101188747,2887926661.45,7251150941.62,2021-10-26 23:59:59.999000+00:00,TRON_01_01_2021-01_01_2022_historical_data_coinmarketcap.csv,TRON,2021,10,26,0,23,8,23
2021-10-25 00:00:00+00:00,2021-10-25 23:59:59.999000+00:00,2021-10-25 16:03:26+00:00,2021-10-25 00:08:09+00:00,2781,0.0991634926,0.1014645643,0.0987638374,0.1007082577,1715400595.65,7216719242.55,2021-10-25 23:59:59.999000+00:00,TRON_01_01_2021-01_01_2022_historical_data_coinmarketcap.csv,TRON,2021,10,25,0,23,16,0
2021-10-24 00:00:00+00:00,2021-10-24 23:59:59.999000+00:00,2021-10-24 11:05:11+00:00,2021-10-24 18:44:09+00:00,2781,0.1007548691,0.1015076259,0.0973515967,0.0992336732,1212237561.88,7111051021.02,2021-10-24 23:59:59.999000+00:00,TRON_01_01_2021-01_01_2022_historical_data_coinmarketcap.csv,TRON,2021,10,24,0,23,11,18
2021-10-23 00:00:00+00:00,2021-10-23 23:59:59.999000+00:00,2021-10-23 16:20:09+00:00,2021-10-23 11:03:31+00:00,2781,0.0998166836,0.1012349188,0.0989004635,0.100739651,1247898651.98,7218968873.92,2021-10-23 23:59:59.999000+00:00,TRON_01_01_2021-01_01_2022_historical_data_coinmarketcap.csv,TRON,2021,10,23,0,23,16,11
2021-10-22 00:00:00+00:00,2021-10-22 23:59:59.999000+00:00,2021-10-22 03:47:10+00:00,2021-10-22 21:50:09+00:00,2781,0.0996246779,0.1020146982,0.0986878321,0.0998260852,1398644863.59,7153503058.9,2021-10-22 23:59:59.999000+00:00,TRON_01_01_2021-01_01_2022_historical_data_coinmarketcap.csv,TRON,2021,10,22,0,23,3,21
2021-10-21 00:00:00+00:00,2021-10-21 23:59:59.999000+00:00,2021-10-21 11:32:09+00:00,2021-10-21 23:59:09+00:00,2781,0.1032111114,0.1058651437,0.0995218602,0.0995218602,1598864312.77,7131702404.23,2021-10-21 23:59:59.999000+00:00,TRON_01_01_2021-01_01_2022_historical_data_coinmarketcap.csv,TRON,2021,10,21,0,23,11,23
2021-10-20 00:00:00+00:00,2021-10-20 23:59:59.999000+00:00,2021-10-20 08:58:09+00:00,2021-10-20 02:59:09+00:00,2781,0.1005904313,0.1060188976,0.100160823,0.1030640098,1749882995.87,7385531629.3,2021-10-20 23:59:59.999000+00:00,TRON_01_01_2021-01_01_2022_historical_data_coinmarketcap.csv,TRON,2021,10,20,0,23,8,2
2021-10-19 00:00:00+00:00,2021-10-19 23:59:59.999000+00:00,2021-10-19 08:26:08+00:00,2021-10-19 00:05:09+00:00,2781,0.0981404443,0.100928812,0.0978614731,0.1006085329,1326434459.1,7209572995.61,2021-10-19 23:59:59.999000+00:00,TRON_01_01_2021-01_01_2022_historical_data_coinmarketcap.csv,TRON,2021,10,19,0,23,8,0
2021-10-18 00:00:00+00:00,2021-10-18 23:59:59.999000+00:00,2021-10-18 00:47:09+00:00,2021-10-18 10:20:10+00:00,2781,0.0987435192,0.0993524391,0.0970652663,0.0981398202,1157169880.3,7032665886.5,2021-10-18 23:59:59.999000+00:00,TRON_01_01_2021-01_01_2022_historical_data_coinmarketcap.csv,TRON,2021,10,18,0,23,0,10
2021-10-17 00:00:00+00:00,2021-10-17 23:59:59.999000+00:00,2021-10-17 14:06:22+00:00,2021-10-17 21:01:09+00:00,2781,0.0986328788,0.1020588719,0.096546712,0.0986901426,1170758480.55,7072101805.8,2021-10-17 23:59:59.999000+00:00,TRON_01_01_2021-01_01_2022_historical_data_coinmarketcap.csv,TRON,2021,10,17,0,23,14,21
2021-10-16 00:00:00+00:00,2021-10-16 23:59:59.999000+00:00,2021-10-16 12:27:21+00:00,2021-10-16 22:24:14+00:00,2781,0.0985778957,0.1009440347,0.0982363282,0.0986904196,1082612429.23,7072121656.26,2021-10-16 23:59:59.999000+00:00,TRON_01_01_2021-01_01_2022_historical_data_coinmarketcap.csv,TRON,2021,10,16,0,23,12,22
2021-10-15 00:00:00+00:00,2021-10-15 23:59:59.999000+00:00,2021-10-15 13:13:10+00:00,2021-10-15 09:05:09+00:00,2781,0.0972935069,0.102745805,0.0953258946,0.0985036159,1591245618.4,7058735365.72,2021-10-15 23:59:59.999000+00:00,TRON_01_01_2021-01_01_2022_historical_data_coinmarketcap.csv,TRON,2021,10,15,0,23,13,9
2021-10-14 00:00:00+00:00,2021-10-14 23:59:59.999000+00:00,2021-10-14 11:43:09+00:00,2021-10-14 19:30:20+00:00,2781,0.0979039211,0.0994991783,0.0965273081,0.0971587336,1165003317.26,6962361559.92,2021-10-14 23:59:59.999000+00:00,TRON_01_01_2021-01_01_2022_historical_data_coinmarketcap.csv,TRON,2021,10,14,0,23,11,19
2021-10-13 00:00:00+00:00,2021-10-13 23:59:59.999000+00:00,2021-10-13 23:58:10+00:00,2021-10-13 09:07:10+00:00,2781,0.0954893373,0.0980153077,0.093516551,0.0979927048,1241862430.88,7022123651.99,2021-10-13 23:59:59.999000+00:00,TRON_01_01_2021-01_01_2022_historical_data_coinmarketcap.csv,TRON,2021,10,13,0,23,23,9
2021-10-12 00:00:00+00:00,2021-10-12 23:59:59.999000+00:00,2021-10-12 00:00:14+00:00,2021-10-12 10:17:09+00:00,2781,0.0972207894,0.0972207894,0.0916100508,0.0955092293,1280870343.05,6844158649.15,2021-10-12 23:59:59.999000+00:00,TRON_01_01_2021-01_01_2022_historical_data_coinmarketcap.csv,TRON,2021,10,12,0,23,0,10
2021-10-11 00:00:00+00:00,2021-10-11 23:59:59.999000+00:00,2021-10-11 08:16:10+00:00,2021-10-11 21:19:11+00:00,2781,0.0976533909,0.10093035,0.0953273841,0.0971620868,1100623956.87,6962601850.96,2021-10-11 23:59:59.999000+00:00,TRON_01_01_2021-01_01_2022_historical_data_coinmarketcap.csv,TRON,2021,10,11,0,23,8,21
2021-10-10 00:00:00+00:00,2021-10-10 23:59:59.999000+00:00,2021-10-10 00:01:09+00:00,2021-10-10 23:52:10+00:00,2781,0.1030138565,0.1030240294,0.0973707449,0.0977480463,1221386237.75,7004591505.14,2021-10-10 23:59:59.999000+00:00,TRON_01_01_2021-01_01_2022_historical_data_coinmarketcap.csv,TRON,2021,10,10,0,23,0,23
2021-10-09 00:00:00+00:00,2021-10-09 23:59:59.999000+00:00,2021-10-09 10:51:17+00:00,2021-10-09 00:07:10+00:00,2781,0.0976819651,0.1054162106,0.0972450772,0.1028699159,1790421868.89,7371622928.49,2021-10-09 23:59:59.999000+00:00,TRON_01_01_2021-01_01_2022_historical_data_coinmarketcap.csv,TRON,2021,10,9,0,23,10,0
2021-10-08 00:00:00+00:00,2021-10-08 23:59:59.999000+00:00,2021-10-08 08:50:09+00:00,2021-10-08 00:04:09+00:00,2781,0.0954701708,0.0993673087,0.0953260694,0.0976701678,1430548633.12,6999010762.9,2021-10-08 23:59:59.999000+00:00,TRON_01_01_2021-01_01_2022_historical_data_coinmarketcap.csv,TRON,2021,10,8,0,23,8,0
2021-10-07 00:00:00+00:00,2021-10-07 23:59:59.999000+00:00,2021-10-07 08:57:17+00:00,2021-10-07 01:35:09+00:00,2781,0.0955010872,0.0982866235,0.0934701057,0.0955144535,1627469793.6,6844533010.29,2021-10-07 23:59:59.999000+00:00,TRON_01_01_2021-01_01_2022_historical_data_coinmarketcap.csv,TRON,2021,10,7,0,23,8,1
2021-10-06 00:00:00+00:00,2021-10-06 23:59:59.999000+00:00,2021-10-06 16:53:09+00:00,2021-10-06 09:48:17+00:00,2781,0.0962202836,0.0969707713,0.0912759173,0.0955210573,1713306308.3,6845006238.63,2021-10-06 23:59:59.999000+00:00,TRON_01_01_2021-01_01_2022_historical_data_coinmarketcap.csv,TRON,2021,10,6,0,23,16,9
2021-10-05 00:00:00+00:00,2021-10-05 23:59:59.999000+00:00,2021-10-05 20:45:16+00:00,2021-10-05 00:35:09+00:00,2781,0.093489413,0.0984678596,0.0929939322,0.0961827237,1803369231.05,6892421027.58,2021-10-05 23:59:59.999000+00:00,TRON_01_01_2021-01_01_2022_historical_data_coinmarketcap.csv,TRON,2021,10,5,0,23,20,0
2021-10-04 00:00:00+00:00,2021-10-04 23:59:59.999000+00:00,2021-10-04 00:10:10+00:00,2021-10-04 15:03:18+00:00,2781,0.0950125133,0.0951610237,0.0902627393,0.0935066106,1221597029.96,6700651680.09,2021-10-04 23:59:59.999000+00:00,TRON_01_01_2021-01_01_2022_historical_data_coinmarketcap.csv,TRON,2021,10,4,0,23,0,15
2021-10-03 00:00:00+00:00,2021-10-03 23:59:59.999000+00:00,2021-10-03 13:57:15+00:00,2021-10-03 00:51:10+00:00,2781,0.0935430054,0.0966178713,0.0927521072,0.0949808711,1058942941.57,6806296678.92,2021-10-03 23:59:59.999000+00:00,TRON_01_01_2021-01_01_2022_historical_data_coinmarketcap.csv,TRON,2021,10,3,0,23,13,0
2021-10-02 00:00:00+00:00,2021-10-02 23:59:59.999000+00:00,2021-10-02 20:04:09+00:00,2021-10-02 08:54:18+00:00,2781,0.0948039257,0.095903283,0.0924746056,0.0936267225,1035214699.94,6709258856.66,2021-10-02 23:59:59.999000+00:00,TRON_01_01_2021-01_01_2022_historical_data_coinmarketcap.csv,TRON,2021,10,2,0,23,20,8
2021-10-01 00:00:00+00:00,2021-10-01 23:59:59.999000+00:00,2021-10-01 23:59:10+00:00,2021-10-01 03:49:10+00:00,2781,0.0894690503,0.0947317198,0.0886448318,0.0947317198,1244241400.47,6788442584.68,2021-10-01 23:59:59.999000+00:00,TRON_01_01_2021-01_01_2022_historical_data_coinmarketcap.csv,TRON,2021,10,1,0,23,23,3
2021-09-30 00:00:00+00:00,2021-09-30 23:59:59.999000+00:00,2021-09-30 19:11:09+00:00,2021-09-30 00:07:10+00:00,2781,0.0858612516,0.0896216879,0.08555946,0.0894260503,1021905677.05,6408240124.34,2021-09-30 23:59:59.999000+00:00,TRON_01_01_2021-01_01_2022_historical_data_coinmarketcap.csv,TRON,2021,9,30,0,23,19,0
2021-09-29 00:00:00+00:00,2021-09-29 23:59:59.999000+00:00,2021-09-29 11:29:10+00:00,2021-09-29 00:21:21+00:00,2781,0.0831451923,0.0879369104,0.0826703061,0.0859455486,1177606321.45,6158828566.04,2021-09-29 23:59:59.999000+00:00,TRON_01_01_2021-01_01_2022_historical_data_coinmarketcap.csv,TRON,2021,9,29,0,23,11,0
2021-09-28 00:00:00+00:00,2021-09-28 23:59:59.999000+00:00,2021-09-28 04:31:10+00:00,2021-09-28 23:58:10+00:00,2781,0.0860508924,0.087248556,0.0830645787,0.0831445073,1284143801.11,5958106907.06,2021-09-28 23:59:59.999000+00:00,TRON_01_01_2021-01_01_2022_historical_data_coinmarketcap.csv,TRON,2021,9,28,0,23,4,23
2021-09-27 00:00:00+00:00,2021-09-27 23:59:59.999000+00:00,2021-09-27 06:21:23+00:00,2021-09-27 23:58:10+00:00,2781,0.0878280836,0.0905964403,0.0860197853,0.0860814277,1359027319.21,6168565617.26,2021-09-27 23:59:59.999000+00:00,TRON_01_01_2021-01_01_2022_historical_data_coinmarketcap.csv,TRON,2021,9,27,0,23,6,23
2021-09-26 00:00:00+00:00,2021-09-26 23:59:59.999000+00:00,2021-09-26 00:07:11+00:00,2021-09-26 07:54:17+00:00,2781,0.0907251077,0.0908718129,0.0835828904,0.0877163217,1583621546.12,6285721557.64,2021-09-26 23:59:59.999000+00:00,TRON_01_01_2021-01_01_2022_historical_data_coinmarketcap.csv,TRON,2021,9,26,0,23,0,7
2021-09-25 00:00:00+00:00,2021-09-25 23:59:59.999000+00:00,2021-09-25 04:31:10+00:00,2021-09-25 08:46:10+00:00,2781,0.0923535579,0.0937411557,0.0895394593,0.0906822279,1339568978.43,6498257381.95,2021-09-25 23:59:59.999000+00:00,TRON_01_01_2021-01_01_2022_historical_data_coinmarketcap.csv,TRON,2021,9,25,0,23,4,8
2021-09-24 00:00:00+00:00,2021-09-24 23:59:59.999000+00:00,2021-09-24 00:08:10+00:00,2021-09-24 11:19:10+00:00,2781,0.09925453,0.0994408716,0.0863809955,0.0923300011,1725865389.59,6616336240.5,2021-09-24 23:59:59.999000+00:00,TRON_01_01_2021-01_01_2022_historical_data_coinmarketcap.csv,TRON,2021,9,24,0,23,0,11
2021-09-23 00:00:00+00:00,2021-09-23 23:59:59.999000+00:00,2021-09-23 03:28:13+00:00,2021-09-23 11:52:10+00:00,2781,0.0987839463,0.1005797332,0.096280627,0.0992063126,1221757466.94,7109090366.42,2021-09-23 23:59:59.999000+00:00,TRON_01_01_2021-01_01_2022_historical_data_coinmarketcap.csv,TRON,2021,9,23,0,23,3,11
2021-09-22 00:00:00+00:00,2021-09-22 23:59:59.999000+00:00,2021-09-22 23:55:14+00:00,2021-09-22 00:51:27+00:00,2781,0.0881473664,0.0988374601,0.0867282244,0.0987718323,1543235375.27,7077955657.76,2021-09-22 23:59:59.999000+00:00,TRON_01_01_2021-01_01_2022_historical_data_coinmarketcap.csv,TRON,2021,9,22,0,23,23,0
2021-09-21 00:00:00+00:00,2021-09-21 23:59:59.999000+00:00,2021-09-21 16:30:22+00:00,2021-09-21 23:45:21+00:00,2781,0.0914273752,0.0956333235,0.0872610562,0.0882384833,1968682255.88,6323139477.74,2021-09-21 23:59:59.999000+00:00,TRON_01_01_2021-01_01_2022_historical_data_coinmarketcap.csv,TRON,2021,9,21,0,23,16,23
2021-09-20 00:00:00+00:00,2021-09-20 23:59:59.999000+00:00,2021-09-20 00:02:09+00:00,2021-09-20 12:40:09+00:00,2781,0.1037386935,0.1037782015,0.0899757487,0.0909443051,2287314374.53,6517037740.68,2021-09-20 23:59:59.999000+00:00,TRON_01_01_2021-01_01_2022_historical_data_coinmarketcap.csv,TRON,2021,9,20,0,23,0,12
2021-09-19 00:00:00+00:00,2021-09-19 23:59:59.999000+00:00,2021-09-19 09:48:16+00:00,2021-09-19 22:48:17+00:00,2781,0.1058342828,0.1073143503,0.1025678878,0.1037437985,1197742963.91,7434245052.66,2021-09-19 23:59:59.999000+00:00,TRON_01_01_2021-01_01_2022_historical_data_coinmarketcap.csv,TRON,2021,9,19,0,23,9,22
2021-09-18 00:00:00+00:00,2021-09-18 23:59:59.999000+00:00,2021-09-18 06:13:09+00:00,2021-09-18 00:41:09+00:00,2781,0.1052210876,0.1091408371,0.1035870477,0.1059343517,1423069244.01,7591219348.16,2021-09-18 23:59:59.999000+00:00,TRON_01_01_2021-01_01_2022_historical_data_coinmarketcap.csv,TRON,2021,9,18,0,23,6,0
2021-09-17 00:00:00+00:00,2021-09-17 23:59:59.999000+00:00,2021-09-17 05:07:09+00:00,2021-09-17 21:26:09+00:00,2781,0.1160270284,0.120474494,0.1036634837,0.1051638657,2589661091.93,7536006585.93,2021-09-17 23:59:59.999000+00:00,TRON_01_01_2021-01_01_2022_historical_data_coinmarketcap.csv,TRON,2021,9,17,0,23,5,21
2021-09-16 00:00:00+00:00,2021-09-16 23:59:59.999000+00:00,2021-09-16 00:06:17+00:00,2021-09-16 14:19:09+00:00,2781,0.1207187027,0.1220411643,0.112371169,0.1160881912,2135501641.29,8318840004.34,2021-09-16 23:59:59.999000+00:00,TRON_01_01_2021-01_01_2022_historical_data_coinmarketcap.csv,TRON,2021,9,16,0,23,0,14
2021-09-15 00:00:00+00:00,2021-09-15 23:59:59.999000+00:00,2021-09-15 17:04:09+00:00,2021-09-15 06:25:08+00:00,2781,0.1182904815,0.1226870558,0.1136073887,0.1209180795,2536911742.59,8664948145.38,2021-09-15 23:59:59.999000+00:00,TRON_01_01_2021-01_01_2022_historical_data_coinmarketcap.csv,TRON,2021,9,15,0,23,17,6
2021-09-14 00:00:00+00:00,2021-09-14 23:59:59.999000+00:00,2021-09-14 11:23:08+00:00,2021-09-14 00:04:09+00:00,2781,0.1047280285,0.1201964349,0.1042483825,0.1182676221,3737125575.39,8475017278.06,2021-09-14 23:59:59.999000+00:00,TRON_01_01_2021-01_01_2022_historical_data_coinmarketcap.csv,TRON,2021,9,14,0,23,11,0
2021-09-13 00:00:00+00:00,2021-09-13 23:59:59.999000+00:00,2021-09-13 00:24:08+00:00,2021-09-13 14:20:08+00:00,2781,0.11247901,0.11670651,0.0996529232,0.1047934836,3258032452.88,7509465128.95,2021-09-13 23:59:59.999000+00:00,TRON_01_01_2021-01_01_2022_historical_data_coinmarketcap.csv,TRON,2021,9,13,0,23,0,14
2021-09-12 00:00:00+00:00,2021-09-12 23:59:59.999000+00:00,2021-09-12 13:23:08+00:00,2021-09-12 01:25:08+00:00,2781,0.0955568,0.11783229,0.09402696,0.11266819,4555490083.21,8073763876.49,2021-09-12 23:59:59.999000+00:00,TRON_01_01_2021-01_01_2022_historical_data_coinmarketcap.csv,TRON,2021,9,12,0,23,13,1
2021-09-11 00:00:00+00:00,2021-09-11 23:59:59.999000+00:00,2021-09-11 11:01:08+00:00,2021-09-11 00:05:08+00:00,2781,0.09082946,0.09701023,0.09057853,0.09539992,2021046579.93,6836325507.33,2021-09-11 23:59:59.999000+00:00,TRON_01_01_2021-01_01_2022_historical_data_coinmarketcap.csv,TRON,2021,9,11,0,23,11,0
2021-09-10 00:00:00+00:00,2021-09-10 23:59:59.999000+00:00,2021-09-10 02:31:10+00:00,2021-09-10 14:33:19+00:00,2781,0.09303257,0.09577407,0.08662415,0.09087314,1973955943.07,6511938190.98,2021-09-10 23:59:59.999000+00:00,TRON_01_01_2021-01_01_2022_historical_data_coinmarketcap.csv,TRON,2021,9,10,0,23,2,14
2021-09-09 00:00:00+00:00,2021-09-09 23:59:59.999000+00:00,2021-09-09 13:27:17+00:00,2021-09-09 12:42:17+00:00,2781,0.09105,0.09447927,0.09041259,0.09302439,1691771917.5,6666095946.26,2021-09-09 23:59:59.999000+00:00,TRON_01_01_2021-01_01_2022_historical_data_coinmarketcap.csv,TRON,2021,9,9,0,23,13,12
2021-09-08 00:00:00+00:00,2021-09-08 23:59:59.999000+00:00,2021-09-08 12:30:09+00:00,2021-09-08 08:27:16+00:00,2781,0.08532924,0.09663322,0.08367792,0.0927971,3850532893.0,6649808035.65,2021-09-08 23:59:59.999000+00:00,TRON_01_01_2021-01_01_2022_historical_data_coinmarketcap.csv,TRON,2021,9,8,0,23,12,8
2021-09-07 00:00:00+00:00,2021-09-07 23:59:59.999000+00:00,2021-09-07 02:22:34+00:00,2021-09-07 15:10:08+00:00,2781,0.10374514,0.10582401,0.07805482,0.08527499,2481055299.74,6110776710.42,2021-09-07 23:59:59.999000+00:00,TRON_01_01_2021-01_01_2022_historical_data_coinmarketcap.csv,TRON,2021,9,7,0,23,2,15
2021-09-06 00:00:00+00:00,2021-09-06 23:59:59.999000+00:00,2021-09-06 11:14:21+00:00,2021-09-06 12:05:22+00:00,2781,0.10521352,0.10725058,0.10137197,0.10371217,1516943298.78,7431978429.58,2021-09-06 23:59:59.999000+00:00,TRON_01_01_2021-01_01_2022_historical_data_coinmarketcap.csv,TRON,2021,9,6,0,23,11,12
2021-09-05 00:00:00+00:00,2021-09-05 23:59:59.999000+00:00,2021-09-05 23:56:11+00:00,2021-09-05 06:23:10+00:00,2781,0.1015127,0.10518376,0.10119052,0.10514662,1471892049.48,7534770701.84,2021-09-05 23:59:59.999000+00:00,TRON_01_01_2021-01_01_2022_historical_data_coinmarketcap.csv,TRON,2021,9,5,0,23,23,6
2021-09-04 00:00:00+00:00,2021-09-04 23:59:59.999000+00:00,2021-09-04 09:31:09+00:00,2021-09-04 02:07:09+00:00,2781,0.1014908,0.10343836,0.09949247,0.10166851,1487349617.06,7285530299.9,2021-09-04 23:59:59.999000+00:00,TRON_01_01_2021-01_01_2022_historical_data_coinmarketcap.csv,TRON,2021,9,4,0,23,9,2
2021-09-03 00:00:00+00:00,2021-09-03 23:59:59.999000+00:00,2021-09-03 06:10:08+00:00,2021-09-03 01:32:08+00:00,2781,0.09962102,0.10584269,0.09779676,0.10151942,2084965477.88,7274846588.76,2021-09-03 23:59:59.999000+00:00,TRON_01_01_2021-01_01_2022_historical_data_coinmarketcap.csv,TRON,2021,9,3,0,23,6,1
2021-09-02 00:00:00+00:00,2021-09-02 23:59:59.999000+00:00,2021-09-02 20:59:08+00:00,2021-09-02 02:05:57+00:00,2781,0.09509681,0.10185356,0.09439836,0.09992568,1827683178.66,7160639949.8,2021-09-02 23:59:59.999000+00:00,TRON_01_01_2021-01_01_2022_historical_data_coinmarketcap.csv,TRON,2021,9,2,0,23,20,2
2021-09-01 00:00:00+00:00,2021-09-01 23:59:59.999000+00:00,2021-09-01 23:56:37+00:00,2021-09-01 01:18:01+00:00,2781,0.0888157,0.09521335,0.08734456,0.09511066,1414699567.86,6815597311.3,2021-09-01 23:59:59.999000+00:00,TRON_01_01_2021-01_01_2022_historical_data_coinmarketcap.csv,TRON,2021,9,1,0,23,23,1
2021-08-31 00:00:00+00:00,2021-08-31 23:59:59.999000+00:00,2021-08-31 16:51:30+00:00,2021-08-31 02:19:26+00:00,2781,0.08620704,0.0905468,0.08522686,0.08881207,1469838769.82,6364242719.32,2021-08-31 23:59:59.999000+00:00,TRON_01_01_2021-01_01_2022_historical_data_coinmarketcap.csv,TRON,2021,8,31,0,23,16,2
2021-08-30 00:00:00+00:00,2021-08-30 23:59:59.999000+00:00,2021-08-30 20:47:00+00:00,2021-08-30 13:16:13+00:00,2781,0.08857285,0.08889712,0.08589325,0.08619115,1097597073.62,6176428105.09,2021-08-30 23:59:59.999000+00:00,TRON_01_01_2021-01_01_2022_historical_data_coinmarketcap.csv,TRON,2021,8,30,0,23,20,13
2021-08-29 00:00:00+00:00,2021-08-29 23:59:59.999000+00:00,2021-08-29 00:52:48+00:00,2021-08-29 04:06:40+00:00,2781,0.0883555,0.09024651,0.0869659,0.08859082,1213189319.37,6348387811.56,2021-08-29 23:59:59.999000+00:00,TRON_01_01_2021-01_01_2022_historical_data_coinmarketcap.csv,TRON,2021,8,29,0,23,0,4
2021-08-28 00:00:00+00:00,2021-08-28 23:59:59.999000+00:00,2021-08-28 22:31:48+00:00,2021-08-28 15:11:45+00:00,2781,0.08833081,0.08875067,0.08645173,0.0882955,1007304615.49,6327225331.53,2021-08-28 23:59:59.999000+00:00,TRON_01_01_2021-01_01_2022_historical_data_coinmarketcap.csv,TRON,2021,8,28,0,23,22,15
2021-08-27 00:00:00+00:00,2021-08-27 23:59:59.999000+00:00,2021-08-27 23:59:39+00:00,2021-08-27 00:37:42+00:00,2781,0.08313311,0.08826755,0.08163355,0.08826755,1218334793.06,6325222198.52,2021-08-27 23:59:59.999000+00:00,TRON_01_01_2021-01_01_2022_historical_data_coinmarketcap.csv,TRON,2021,8,27,0,23,23,0
2021-08-26 00:00:00+00:00,2021-08-26 23:59:59.999000+00:00,2021-08-26 00:54:30+00:00,2021-08-26 19:34:38+00:00,2781,0.08756621,0.08834155,0.08224911,0.08317002,1219048377.53,5959935351.61,2021-08-26 23:59:59.999000+00:00,TRON_01_01_2021-01_01_2022_historical_data_coinmarketcap.csv,TRON,2021,8,26,0,23,0,19
2021-08-25 00:00:00+00:00,2021-08-25 23:59:59.999000+00:00,2021-08-25 22:01:34+00:00,2021-08-25 09:04:34+00:00,2781,0.08471317,0.08766196,0.08309406,0.08742923,1155743062.52,6265148910.65,2021-08-25 23:59:59.999000+00:00,TRON_01_01_2021-01_01_2022_historical_data_coinmarketcap.csv,TRON,2021,8,25,0,23,22,9
2021-08-24 00:00:00+00:00,2021-08-24 23:59:59.999000+00:00,2021-08-24 08:40:14+00:00,2021-08-24 16:17:19+00:00,2781,0.09000017,0.09098605,0.08406275,0.08461973,1430714353.74,6063821068.35,2021-08-24 23:59:59.999000+00:00,TRON_01_01_2021-01_01_2022_historical_data_coinmarketcap.csv,TRON,2021,8,24,0,23,8,16
2021-08-23 00:00:00+00:00,2021-08-23 23:59:59.999000+00:00,2021-08-23 09:29:10+00:00,2021-08-23 00:33:18+00:00,2781,0.08805919,0.0914099,0.08782024,0.08994274,1256305125.69,6445266261.97,2021-08-23 23:59:59.999000+00:00,TRON_01_01_2021-01_01_2022_historical_data_coinmarketcap.csv,TRON,2021,8,23,0,23,9,0
2021-08-22 00:00:00+00:00,2021-08-22 23:59:59.999000+00:00,2021-08-22 10:14:10+00:00,2021-08-22 21:05:10+00:00,2781,0.08806163,0.09006296,0.08614049,0.08811249,825816855.82,6314110590.43,2021-08-22 23:59:59.999000+00:00,TRON_01_01_2021-01_01_2022_historical_data_coinmarketcap.csv,TRON,2021,8,22,0,23,10,21
2021-08-21 00:00:00+00:00,2021-08-21 23:59:59.999000+00:00,2021-08-21 00:00:16+00:00,2021-08-21 20:29:09+00:00,2781,0.0906272,0.0906272,0.08782024,0.08800432,987580081.42,6306359370.48,2021-08-21 23:59:59.999000+00:00,TRON_01_01_2021-01_01_2022_historical_data_coinmarketcap.csv,TRON,2021,8,21,0,23,0,20
2021-08-20 00:00:00+00:00,2021-08-20 23:59:59.999000+00:00,2021-08-20 23:58:08+00:00,2021-08-20 08:15:07+00:00,2781,0.08821807,0.0906065,0.08649311,0.09056732,1021270866.31,6490022816.3,2021-08-20 23:59:59.999000+00:00,TRON_01_01_2021-01_01_2022_historical_data_coinmarketcap.csv,TRON,2021,8,20,0,23,23,8
2021-08-19 00:00:00+00:00,2021-08-19 23:59:59.999000+00:00,2021-08-19 23:59:08+00:00,2021-08-19 12:10:07+00:00,2781,0.08466043,0.08820676,0.08178182,0.08820676,1125639333.35,6320866274.98,2021-08-19 23:59:59.999000+00:00,TRON_01_01_2021-01_01_2022_historical_data_coinmarketcap.csv,TRON,2021,8,19,0,23,23,12
2021-08-18 00:00:00+00:00,2021-08-18 23:59:59.999000+00:00,2021-08-18 16:54:16+00:00,2021-08-18 01:16:08+00:00,2781,0.08511888,0.08744208,0.08155268,0.08476268,1118460118.16,6074064888.8,2021-08-18 23:59:59.999000+00:00,TRON_01_01_2021-01_01_2022_historical_data_coinmarketcap.csv,TRON,2021,8,18,0,23,16,1
2021-08-17 00:00:00+00:00,2021-08-17 23:59:59.999000+00:00,2021-08-17 12:26:08+00:00,2021-08-17 23:55:08+00:00,2781,0.08940524,0.092154,0.08493628,0.08514945,1310914121.14,6101780113.81,2021-08-17 23:59:59.999000+00:00,TRON_01_01_2021-01_01_2022_historical_data_coinmarketcap.csv,TRON,2021,8,17,0,23,12,23
2021-08-16 00:00:00+00:00,2021-08-16 23:59:59.999000+00:00,2021-08-16 12:02:07+00:00,2021-08-16 20:07:07+00:00,2781,0.09300178,0.09651106,0.08877941,0.08966275,1621564864.84,6425201916.47,2021-08-16 23:59:59.999000+00:00,TRON_01_01_2021-01_01_2022_historical_data_coinmarketcap.csv,TRON,2021,8,16,0,23,12,20
2021-08-15 00:00:00+00:00,2021-08-15 23:59:59.999000+00:00,2021-08-15 00:21:07+00:00,2021-08-15 17:16:07+00:00,2781,0.09270288,0.09504601,0.08942915,0.09309812,1558230623.92,6671379353.66,2021-08-15 23:59:59.999000+00:00,TRON_01_01_2021-01_01_2022_historical_data_coinmarketcap.csv,TRON,2021,8,15,0,23,0,17
2021-08-14 00:00:00+00:00,2021-08-14 23:59:59.999000+00:00,2021-08-14 23:45:07+00:00,2021-08-14 10:55:07+00:00,2781,0.08951071,0.09322314,0.08703771,0.09265987,1470697878.44,6639974505.93,2021-08-14 23:59:59.999000+00:00,TRON_01_01_2021-01_01_2022_historical_data_coinmarketcap.csv,TRON,2021,8,14,0,23,23,10
2021-08-13 00:00:00+00:00,2021-08-13 23:59:59.999000+00:00,2021-08-13 23:49:07+00:00,2021-08-13 00:19:07+00:00,2781,0.08423564,0.08952193,0.08361017,0.08942694,1446124466.92,6408303981.38,2021-08-13 23:59:59.999000+00:00,TRON_01_01_2021-01_01_2022_historical_data_coinmarketcap.csv,TRON,2021,8,13,0,23,23,0
2021-08-12 00:00:00+00:00,2021-08-12 23:59:59.999000+00:00,2021-08-12 03:44:07+00:00,2021-08-12 16:37:07+00:00,2781,0.08350775,0.0910832,0.08071333,0.08413912,2191704711.55,6029380563.47,2021-08-12 23:59:59.999000+00:00,TRON_01_01_2021-01_01_2022_historical_data_coinmarketcap.csv,TRON,2021,8,12,0,23,3,16
2021-08-11 00:00:00+00:00,2021-08-11 23:59:59.999000+00:00,2021-08-11 20:41:08+00:00,2021-08-11 00:10:09+00:00,2781,0.07462871,0.08633335,0.07430037,0.08338802,2180294800.9,5975556797.68,2021-08-11 23:59:59.999000+00:00,TRON_01_01_2021-01_01_2022_historical_data_coinmarketcap.csv,TRON,2021,8,11,0,23,20,0
2021-08-10 00:00:00+00:00,2021-08-10 23:59:59.999000+00:00,2021-08-10 13:37:10+00:00,2021-08-10 16:34:09+00:00,2781,0.07396294,0.07558284,0.07230563,0.07465928,1122106248.09,5350058508.37,2021-08-10 23:59:59.999000+00:00,TRON_01_01_2021-01_01_2022_historical_data_coinmarketcap.csv,TRON,2021,8,10,0,23,13,16
2021-08-09 00:00:00+00:00,2021-08-09 23:59:59.999000+00:00,2021-08-09 18:44:07+00:00,2021-08-09 01:15:16+00:00,2781,0.0718985,0.07475912,0.06980801,0.07403529,1152810401.62,5305343372.49,2021-08-09 23:59:59.999000+00:00,TRON_01_01_2021-01_01_2022_historical_data_coinmarketcap.csv,TRON,2021,8,9,0,23,18,1
2021-08-08 00:00:00+00:00,2021-08-08 23:59:59.999000+00:00,2021-08-08 08:24:11+00:00,2021-08-08 20:06:10+00:00,2781,0.07527483,0.07597664,0.07084676,0.07186425,1225411721.24,5149767466.71,2021-08-08 23:59:59.999000+00:00,TRON_01_01_2021-01_01_2022_historical_data_coinmarketcap.csv,TRON,2021,8,8,0,23,8,20
2021-08-07 00:00:00+00:00,2021-08-07 23:59:59.999000+00:00,2021-08-07 12:26:08+00:00,2021-08-07 00:01:09+00:00,2781,0.07193364,0.07648137,0.07188578,0.07515613,1198065273.88,5385662184.72,2021-08-07 23:59:59.999000+00:00,TRON_01_01_2021-01_01_2022_historical_data_coinmarketcap.csv,TRON,2021,8,7,0,23,12,0
2021-08-06 00:00:00+00:00,2021-08-06 23:59:59.999000+00:00,2021-08-06 18:45:15+00:00,2021-08-06 12:03:11+00:00,2781,0.0701538,0.07243841,0.06993402,0.07188297,987326056.97,5151108766.77,2021-08-06 23:59:59.999000+00:00,TRON_01_01_2021-01_01_2022_historical_data_coinmarketcap.csv,TRON,2021,8,6,0,23,18,12
2021-08-05 00:00:00+00:00,2021-08-05 23:59:59.999000+00:00,2021-08-05 04:11:08+00:00,2021-08-05 00:04:08+00:00,2781,0.06739307,0.07083827,0.06726108,0.0701347,1224102604.45,5025828520.22,2021-08-05 23:59:59.999000+00:00,TRON_01_01_2021-01_01_2022_historical_data_coinmarketcap.csv,TRON,2021,8,5,0,23,4,0
2021-08-04 00:00:00+00:00,2021-08-04 23:59:59.999000+00:00,2021-08-04 22:32:08+00:00,2021-08-04 00:31:14+00:00,2781,0.06402239,0.06793739,0.06359276,0.06739384,855161196.78,4829419275.99,2021-08-04 23:59:59.999000+00:00,TRON_01_01_2021-01_01_2022_historical_data_coinmarketcap.csv,TRON,2021,8,4,0,23,22,0
2021-08-03 00:00:00+00:00,2021-08-03 23:59:59.999000+00:00,2021-08-03 00:46:37+00:00,2021-08-03 05:16:16+00:00,2781,0.0646759,0.06542877,0.06294733,0.06392212,902977989.37,4580637289.84,2021-08-03 23:59:59.999000+00:00,TRON_01_01_2021-01_01_2022_historical_data_coinmarketcap.csv,TRON,2021,8,3,0,23,0,5
2021-08-02 00:00:00+00:00,2021-08-02 23:59:59.999000+00:00,2021-08-02 16:30:43+00:00,2021-08-02 01:02:11+00:00,2781,0.063247,0.06568828,0.06234404,0.06469237,820616993.3,4635833240.08,2021-08-02 23:59:59.999000+00:00,TRON_01_01_2021-01_01_2022_historical_data_coinmarketcap.csv,TRON,2021,8,2,0,23,16,1
2021-08-01 00:00:00+00:00,2021-08-01 23:59:59.999000+00:00,2021-08-01 04:19:16+00:00,2021-08-01 23:29:11+00:00,2781,0.06400463,0.06679199,0.06255494,0.06331778,895682088.1,4537330584.75,2021-08-01 23:59:59.999000+00:00,TRON_01_01_2021-01_01_2022_historical_data_coinmarketcap.csv,TRON,2021,8,1,0,23,4,23
2021-07-31 00:00:00+00:00,2021-07-31 23:59:59.999000+00:00,2021-07-31 22:54:36+00:00,2021-07-31 05:32:12+00:00,2781,0.06321821,0.06469815,0.06241584,0.06409452,848178785.87,4592991511.97,2021-07-31 23:59:59.999000+00:00,TRON_01_01_2021-01_01_2022_historical_data_coinmarketcap.csv,TRON,2021,7,31,0,23,22,5
2021-07-30 00:00:00+00:00,2021-07-30 23:59:59.999000+00:00,2021-07-30 23:59:10+00:00,2021-07-30 09:29:15+00:00,2781,0.06186689,0.06327178,0.05990294,0.06327178,820238094.06,4534034397.44,2021-07-30 23:59:59.999000+00:00,TRON_01_01_2021-01_01_2022_historical_data_coinmarketcap.csv,TRON,2021,7,30,0,23,23,9
2021-07-29 00:00:00+00:00,2021-07-29 23:59:59.999000+00:00,2021-07-29 23:19:08+00:00,2021-07-29 01:25:08+00:00,2781,0.06065359,0.06229737,0.05975979,0.06177162,751987635.23,4426533008.29,2021-07-29 23:59:59.999000+00:00,TRON_01_01_2021-01_01_2022_historical_data_coinmarketcap.csv,TRON,2021,7,29,0,23,23,1
2021-07-28 00:00:00+00:00,2021-07-28 23:59:59.999000+00:00,2021-07-28 08:16:08+00:00,2021-07-28 06:45:13+00:00,2781,0.06024711,0.06182627,0.05971179,0.06051681,897792708.08,4336613705.85,2021-07-28 23:59:59.999000+00:00,TRON_01_01_2021-01_01_2022_historical_data_coinmarketcap.csv,TRON,2021,7,28,0,23,8,6
2021-07-27 00:00:00+00:00,2021-07-27 23:59:59.999000+00:00,2021-07-27 13:47:08+00:00,2021-07-27 01:40:08+00:00,2781,0.05849363,0.06068102,0.05696804,0.06017854,951725022.5,4312373213.27,2021-07-27 23:59:59.999000+00:00,TRON_01_01_2021-01_01_2022_historical_data_coinmarketcap.csv,TRON,2021,7,27,0,23,13,1
2021-07-26 00:00:00+00:00,2021-07-26 23:59:59.999000+00:00,2021-07-26 17:48:13+00:00,2021-07-26 00:03:11+00:00,2781,0.05791391,0.06339268,0.05772516,0.05855403,1123235539.23,4195961684.5,2021-07-26 23:59:59.999000+00:00,TRON_01_01_2021-01_01_2022_historical_data_coinmarketcap.csv,TRON,2021,7,26,0,23,17,0
2021-07-25 00:00:00+00:00,2021-07-25 23:59:59.999000+00:00,2021-07-25 12:43:09+00:00,2021-07-25 01:58:12+00:00,2781,0.05734803,0.05810757,0.0559199,0.05787992,653096000.04,4147655558.85,2021-07-25 23:59:59.999000+00:00,TRON_01_01_2021-01_01_2022_historical_data_coinmarketcap.csv,TRON,2021,7,25,0,23,12,1
2021-07-24 00:00:00+00:00,2021-07-24 23:59:59.999000+00:00,2021-07-24 17:40:10+00:00,2021-07-24 00:11:08+00:00,2781,0.05598699,0.05798718,0.05579551,0.05734715,626451715.72,4109476872.35,2021-07-24 23:59:59.999000+00:00,TRON_01_01_2021-01_01_2022_historical_data_coinmarketcap.csv,TRON,2021,7,24,0,23,17,0
2021-07-23 00:00:00+00:00,2021-07-23 23:59:59.999000+00:00,2021-07-23 05:38:15+00:00,2021-07-23 17:35:12+00:00,2781,0.05528914,0.05621559,0.05380434,0.05602664,631144957.25,4014850168.79,2021-07-23 23:59:59.999000+00:00,TRON_01_01_2021-01_01_2022_historical_data_coinmarketcap.csv,TRON,2021,7,23,0,23,5,17
2021-07-22 00:00:00+00:00,2021-07-22 23:59:59.999000+00:00,2021-07-22 18:02:08+00:00,2021-07-22 02:35:09+00:00,2781,0.05385031,0.05535642,0.05302138,0.05528154,653910001.51,3961456090.21,2021-07-22 23:59:59.999000+00:00,TRON_01_01_2021-01_01_2022_historical_data_coinmarketcap.csv,TRON,2021,7,22,0,23,18,2
2021-07-21 00:00:00+00:00,2021-07-21 23:59:59.999000+00:00,2021-07-21 16:41:07+00:00,2021-07-21 01:17:09+00:00,2781,0.05051409,0.05518417,0.04979693,0.05382308,784720302.31,3856943241.48,2021-07-21 23:59:59.999000+00:00,TRON_01_01_2021-01_01_2022_historical_data_coinmarketcap.csv,TRON,2021,7,21,0,23,16,1
2021-07-20 00:00:00+00:00,2021-07-20 23:59:59.999000+00:00,2021-07-20 00:19:08+00:00,2021-07-20 10:01:08+00:00,2781,0.0534645,0.05423339,0.04916722,0.05055818,629142804.94,3622981951.62,2021-07-20 23:59:59.999000+00:00,TRON_01_01_2021-01_01_2022_historical_data_coinmarketcap.csv,TRON,2021,7,20,0,23,0,10
2021-07-19 00:00:00+00:00,2021-07-19 23:59:59.999000+00:00,2021-07-19 07:19:09+00:00,2021-07-19 22:00:14+00:00,2781,0.05599023,0.05627493,0.05336854,0.05344905,613695394.39,3830140769.86,2021-07-19 23:59:59.999000+00:00,TRON_01_01_2021-01_01_2022_historical_data_coinmarketcap.csv,TRON,2021,7,19,0,23,7,22
2021-07-18 00:00:00+00:00,2021-07-18 23:59:59.999000+00:00,2021-07-18 01:32:09+00:00,2021-07-18 14:42:07+00:00,2781,0.05600474,0.05747722,0.05550585,0.05605133,571783730.82,4016619355.35,2021-07-18 23:59:59.999000+00:00,TRON_01_01_2021-01_01_2022_historical_data_coinmarketcap.csv,TRON,2021,7,18,0,23,1,14
2021-07-17 00:00:00+00:00,2021-07-17 23:59:59.999000+00:00,2021-07-17 08:46:08+00:00,2021-07-17 02:24:07+00:00,2781,0.0556446,0.05668671,0.05484975,0.05599533,653077710.45,4012606475.07,2021-07-17 23:59:59.999000+00:00,TRON_01_01_2021-01_01_2022_historical_data_coinmarketcap.csv,TRON,2021,7,17,0,23,8,2
2021-07-16 00:00:00+00:00,2021-07-16 23:59:59.999000+00:00,2021-07-16 03:31:07+00:00,2021-07-16 23:59:08+00:00,2781,0.05782158,0.0587897,0.05568267,0.05568267,661820828.03,3990200781.64,2021-07-16 23:59:59.999000+00:00,TRON_01_01_2021-01_01_2022_historical_data_coinmarketcap.csv,TRON,2021,7,16,0,23,3,23
2021-07-15 00:00:00+00:00,2021-07-15 23:59:59.999000+00:00,2021-07-15 01:06:13+00:00,2021-07-15 17:11:08+00:00,2781,0.05989979,0.06069569,0.05708337,0.05771624,679113077.14,4135926143.23,2021-07-15 23:59:59.999000+00:00,TRON_01_01_2021-01_01_2022_historical_data_coinmarketcap.csv,TRON,2021,7,15,0,23,1,17
2021-07-14 00:00:00+00:00,2021-07-14 23:59:59.999000+00:00,2021-07-14 22:49:09+00:00,2021-07-14 03:33:08+00:00,2781,0.05938191,0.06026759,0.05697612,0.05986896,648866442.38,4290189082.53,2021-07-14 23:59:59.999000+00:00,TRON_01_01_2021-01_01_2022_historical_data_coinmarketcap.csv,TRON,2021,7,14,0,23,22,3
2021-07-13 00:00:00+00:00,2021-07-13 23:59:59.999000+00:00,2021-07-13 03:21:09+00:00,2021-07-13 20:03:09+00:00,2781,0.06014708,0.06072764,0.05879352,0.05933872,572600863.63,4252192395.39,2021-07-13 23:59:59.999000+00:00,TRON_01_01_2021-01_01_2022_historical_data_coinmarketcap.csv,TRON,2021,7,13,0,23,3,20
2021-07-12 00:00:00+00:00,2021-07-12 23:59:59.999000+00:00,2021-07-12 06:43:08+00:00,2021-07-12 20:07:08+00:00,2781,0.06185375,0.06285648,0.05959386,0.06022391,629129064.01,4315624500.18,2021-07-12 23:59:59.999000+00:00,TRON_01_01_2021-01_01_2022_historical_data_coinmarketcap.csv,TRON,2021,7,12,0,23,6,20
2021-07-11 00:00:00+00:00,2021-07-11 23:59:59.999000+00:00,2021-07-11 22:01:11+00:00,2021-07-11 04:29:12+00:00,2781,0.06140795,0.06253955,0.0606981,0.06182298,576300877.71,4430213503.31,2021-07-11 23:59:59.999000+00:00,TRON_01_01_2021-01_01_2022_historical_data_coinmarketcap.csv,TRON,2021,7,11,0,23,22,4
2021-07-10 00:00:00+00:00,2021-07-10 23:59:59.999000+00:00,2021-07-10 00:38:11+00:00,2021-07-10 20:12:18+00:00,2781,0.06219555,0.06299329,0.06077788,0.06137754,580818167.99,4398293423.62,2021-07-10 23:59:59.999000+00:00,TRON_01_01_2021-01_01_2022_historical_data_coinmarketcap.csv,TRON,2021,7,10,0,23,0,20
2021-07-09 00:00:00+00:00,2021-07-09 23:59:59.999000+00:00,2021-07-09 22:32:11+00:00,2021-07-09 01:13:15+00:00,2781,0.0610258,0.06255549,0.05917657,0.06217811,657442032.07,4455662369.39,2021-07-09 23:59:59.999000+00:00,TRON_01_01_2021-01_01_2022_historical_data_coinmarketcap.csv,TRON,2021,7,9,0,23,22,1
2021-07-08 00:00:00+00:00,2021-07-08 23:59:59.999000+00:00,2021-07-08 00:03:21+00:00,2021-07-08 23:00:17+00:00,2781,0.06436997,0.0644793,0.06034128,0.06112194,862275729.89,4379977408.8,2021-07-08 23:59:59.999000+00:00,TRON_01_01_2021-01_01_2022_historical_data_coinmarketcap.csv,TRON,2021,7,8,0,23,0,23
2021-07-07 00:00:00+00:00,2021-07-07 23:59:59.999000+00:00,2021-07-07 11:15:21+00:00,2021-07-07 23:56:13+00:00,2781,0.06497513,0.06597331,0.0642913,0.06429481,742194463.19,4607344245.72,2021-07-07 23:59:59.999000+00:00,TRON_01_01_2021-01_01_2022_historical_data_coinmarketcap.csv,TRON,2021,7,7,0,23,11,23
2021-07-06 00:00:00+00:00,2021-07-06 23:59:59.999000+00:00,2021-07-06 08:59:13+00:00,2021-07-06 21:55:13+00:00,2781,0.06454855,0.06636906,0.06400959,0.06493519,699504110.89,4653233598.79,2021-07-06 23:59:59.999000+00:00,TRON_01_01_2021-01_01_2022_historical_data_coinmarketcap.csv,TRON,2021,7,6,0,23,8,21
2021-07-05 00:00:00+00:00,2021-07-05 23:59:59.999000+00:00,2021-07-05 00:39:20+00:00,2021-07-05 17:44:13+00:00,2781,0.0673296,0.0673438,0.06369066,0.06457423,798184866.17,4627367273.68,2021-07-05 23:59:59.999000+00:00,TRON_01_01_2021-01_01_2022_historical_data_coinmarketcap.csv,TRON,2021,7,5,0,23,0,17
2021-07-04 00:00:00+00:00,2021-07-04 23:59:59.999000+00:00,2021-07-04 16:28:14+00:00,2021-07-04 02:04:14+00:00,2781,0.06683437,0.06818242,0.06511259,0.06729835,844766257.13,4822576838.98,2021-07-04 23:59:59.999000+00:00,TRON_01_01_2021-01_01_2022_historical_data_coinmarketcap.csv,TRON,2021,7,4,0,23,16,2
2021-07-03 00:00:00+00:00,2021-07-03 23:59:59.999000+00:00,2021-07-03 17:46:13+00:00,2021-07-03 03:48:19+00:00,2781,0.06656649,0.06733718,0.06528163,0.06681272,732889829.76,4787776587.88,2021-07-03 23:59:59.999000+00:00,TRON_01_01_2021-01_01_2022_historical_data_coinmarketcap.csv,TRON,2021,7,3,0,23,17,3
2021-07-02 00:00:00+00:00,2021-07-02 23:59:59.999000+00:00,2021-07-02 23:57:23+00:00,2021-07-02 03:53:13+00:00,2781,0.06480802,0.06659329,0.06336868,0.06651217,849413563.78,4766239120.48,2021-07-02 23:59:59.999000+00:00,TRON_01_01_2021-01_01_2022_historical_data_coinmarketcap.csv,TRON,2021,7,2,0,23,23,3
2021-07-01 00:00:00+00:00,2021-07-01 23:59:59.999000+00:00,2021-07-01 00:01:10+00:00,2021-07-01 19:49:09+00:00,2781,0.06819178,0.06820258,0.06378347,0.06489425,1006008727.08,4650299906.33,2021-07-01 23:59:59.999000+00:00,TRON_01_01_2021-01_01_2022_historical_data_coinmarketcap.csv,TRON,2021,7,1,0,23,0,19
2021-06-30 00:00:00+00:00,2021-06-30 23:59:59.999000+00:00,2021-06-30 00:53:11+00:00,2021-06-30 15:46:10+00:00,2781,0.06791987,0.06870557,0.06391681,0.06814648,1247099128.25,4883353621.46,2021-06-30 23:59:59.999000+00:00,TRON_01_01_2021-01_01_2022_historical_data_coinmarketcap.csv,TRON,2021,6,30,0,23,0,15
2021-06-29 00:00:00+00:00,2021-06-29 23:59:59.999000+00:00,2021-06-29 13:57:10+00:00,2021-06-29 00:02:11+00:00,2781,0.06530812,0.06983757,0.06520352,0.067691,1159746647.93,4850713678.99,2021-06-29 23:59:59.999000+00:00,TRON_01_01_2021-01_01_2022_historical_data_coinmarketcap.csv,TRON,2021,6,29,0,23,13,0
2021-06-28 00:00:00+00:00,2021-06-28 23:59:59.999000+00:00,2021-06-28 16:01:10+00:00,2021-06-28 00:18:13+00:00,2781,0.06479539,0.0665355,0.06428598,0.06523091,801639183.09,4674424969.37,2021-06-28 23:59:59.999000+00:00,TRON_01_01_2021-01_01_2022_historical_data_coinmarketcap.csv,TRON,2021,6,28,0,23,16,0
2021-06-27 00:00:00+00:00,2021-06-27 23:59:59.999000+00:00,2021-06-27 23:56:10+00:00,2021-06-27 18:10:09+00:00,2781,0.0627736,0.06491725,0.06108582,0.0647795,839958642.28,4642076651.35,2021-06-27 23:59:59.999000+00:00,TRON_01_01_2021-01_01_2022_historical_data_coinmarketcap.csv,TRON,2021,6,27,0,23,23,18
2021-06-26 00:00:00+00:00,2021-06-26 23:59:59.999000+00:00,2021-06-26 05:05:10+00:00,2021-06-26 08:14:09+00:00,2781,0.06146917,0.06294154,0.05894187,0.06269557,1048264489.39,4492742921.12,2021-06-26 23:59:59.999000+00:00,TRON_01_01_2021-01_01_2022_historical_data_coinmarketcap.csv,TRON,2021,6,26,0,23,5,8
2021-06-25 00:00:00+00:00,2021-06-25 23:59:59.999000+00:00,2021-06-25 02:40:09+00:00,2021-06-25 17:45:09+00:00,2781,0.06611448,0.06847209,0.06017217,0.06160129,1546113262.22,4414327056.64,2021-06-25 23:59:59.999000+00:00,TRON_01_01_2021-01_01_2022_historical_data_coinmarketcap.csv,TRON,2021,6,25,0,23,2,17
2021-06-24 00:00:00+00:00,2021-06-24 23:59:59.999000+00:00,2021-06-24 19:00:09+00:00,2021-06-24 00:06:12+00:00,2781,0.05798265,0.06792629,0.05784477,0.06602454,1612558750.46,4731296053.52,2021-06-24 23:59:59.999000+00:00,TRON_01_01_2021-01_01_2022_historical_data_coinmarketcap.csv,TRON,2021,6,24,0,23,19,0
2021-06-23 00:00:00+00:00,2021-06-23 23:59:59.999000+00:00,2021-06-23 23:59:09+00:00,2021-06-23 00:19:09+00:00,2781,0.0510222,0.05782347,0.04948003,0.05572165,1250973341.0,3992994372.17,2021-06-23 23:59:59.999000+00:00,TRON_01_01_2021-01_01_2022_historical_data_coinmarketcap.csv,TRON,2021,6,23,0,23,23,0
2021-06-22 00:00:00+00:00,2021-06-22 23:59:59.999000+00:00,2021-06-22 03:44:09+00:00,2021-06-22 13:56:09+00:00,2781,0.05352982,0.05636933,0.04682084,0.05093979,1562546369.58,3650328166.55,2021-06-22 23:59:59.999000+00:00,TRON_01_01_2021-01_01_2022_historical_data_coinmarketcap.csv,TRON,2021,6,22,0,23,3,13
2021-06-21 00:00:00+00:00,2021-06-21 23:59:59.999000+00:00,2021-06-21 00:03:08+00:00,2021-06-21 23:57:09+00:00,2781,0.06768778,0.06801588,0.05342655,0.05358428,1389817967.37,3839831176.46,2021-06-21 23:59:59.999000+00:00,TRON_01_01_2021-01_01_2022_historical_data_coinmarketcap.csv,TRON,2021,6,21,0,23,0,23
2021-06-20 00:00:00+00:00,2021-06-20 23:59:59.999000+00:00,2021-06-20 06:41:09+00:00,2021-06-20 12:27:09+00:00,2781,0.06848181,0.06869758,0.06342561,0.06783275,838602860.01,4860871937.39,2021-06-20 23:59:59.999000+00:00,TRON_01_01_2021-01_01_2022_historical_data_coinmarketcap.csv,TRON,2021,6,20,0,23,6,12
2021-06-19 00:00:00+00:00,2021-06-19 23:59:59.999000+00:00,2021-06-19 15:15:11+00:00,2021-06-19 18:32:08+00:00,2781,0.06962348,0.07025263,0.06843725,0.0687217,767687151.91,4924573490.45,2021-06-19 23:59:59.999000+00:00,TRON_01_01_2021-01_01_2022_historical_data_coinmarketcap.csv,TRON,2021,6,19,0,23,15,18
2021-06-18 00:00:00+00:00,2021-06-18 23:59:59.999000+00:00,2021-06-18 08:47:08+00:00,2021-06-18 18:56:08+00:00,2781,0.07389743,0.07476216,0.06836254,0.06958385,1070084460.3,4986355059.37,2021-06-18 23:59:59.999000+00:00,TRON_01_01_2021-01_01_2022_historical_data_coinmarketcap.csv,TRON,2021,6,18,0,23,8,18
2021-06-17 00:00:00+00:00,2021-06-17 23:59:59.999000+00:00,2021-06-17 23:54:15+00:00,2021-06-17 00:03:19+00:00,2781,0.06892845,0.07394903,0.06878869,0.07382187,1048499052.89,5290050173.81,2021-06-17 23:59:59.999000+00:00,TRON_01_01_2021-01_01_2022_historical_data_coinmarketcap.csv,TRON,2021,6,17,0,23,23,0
2021-06-16 00:00:00+00:00,2021-06-16 23:59:59.999000+00:00,2021-06-16 08:16:09+00:00,2021-06-16 23:34:09+00:00,2781,0.07177723,0.07274795,0.06853336,0.06891662,1076935627.4,4938541119.85,2021-06-16 23:59:59.999000+00:00,TRON_01_01_2021-01_01_2022_historical_data_coinmarketcap.csv,TRON,2021,6,16,0,23,8,23
2021-06-15 00:00:00+00:00,2021-06-15 23:59:59.999000+00:00,2021-06-15 06:21:15+00:00,2021-06-15 15:40:09+00:00,2781,0.07201822,0.07316245,0.07097649,0.07255148,997561623.52,5199014067.66,2021-06-15 23:59:59.999000+00:00,TRON_01_01_2021-01_01_2022_historical_data_coinmarketcap.csv,TRON,2021,6,15,0,23,6,15
2021-06-14 00:00:00+00:00,2021-06-14 23:59:59.999000+00:00,2021-06-14 09:57:48+00:00,2021-06-14 12:07:08+00:00,2781,0.07151393,0.0728671,0.07005347,0.07225158,937971749.66,5177523243.69,2021-06-14 23:59:59.999000+00:00,TRON_01_01_2021-01_01_2022_historical_data_coinmarketcap.csv,TRON,2021,6,14,0,23,9,12
2021-06-13 00:00:00+00:00,2021-06-13 23:59:59.999000+00:00,2021-06-13 22:11:19+00:00,2021-06-13 06:01:10+00:00,2781,0.06810877,0.07185381,0.06664223,0.07155609,927457427.85,5127685013.03,2021-06-13 23:59:59.999000+00:00,TRON_01_01_2021-01_01_2022_historical_data_coinmarketcap.csv,TRON,2021,6,13,0,23,22,6
2021-06-12 00:00:00+00:00,2021-06-12 23:59:59.999000+00:00,2021-06-12 00:00:17+00:00,2021-06-12 05:07:10+00:00,2781,0.0692117,0.0692117,0.06581766,0.06811941,949381460.22,4881413557.23,2021-06-12 23:59:59.999000+00:00,TRON_01_01_2021-01_01_2022_historical_data_coinmarketcap.csv,TRON,2021,6,12,0,23,0,5
2021-06-11 00:00:00+00:00,2021-06-11 23:59:59.999000+00:00,2021-06-11 00:14:10+00:00,2021-06-11 23:34:11+00:00,2781,0.07261597,0.07331858,0.06857038,0.06914333,1257136951.88,4954787304.25,2021-06-11 23:59:59.999000+00:00,TRON_01_01_2021-01_01_2022_historical_data_coinmarketcap.csv,TRON,2021,6,11,0,23,0,23
2021-06-10 00:00:00+00:00,2021-06-10 23:59:59.999000+00:00,2021-06-10 11:56:10+00:00,2021-06-10 20:17:11+00:00,2781,0.07538021,0.07708591,0.07160478,0.07260882,1488792118.94,5203123165.76,2021-06-10 23:59:59.999000+00:00,TRON_01_01_2021-01_01_2022_historical_data_coinmarketcap.csv,TRON,2021,6,10,0,23,11,20
2021-06-09 00:00:00+00:00,2021-06-09 23:59:59.999000+00:00,2021-06-09 23:59:11+00:00,2021-06-09 02:35:09+00:00,2781,0.07253124,0.07537511,0.07011069,0.07537511,1277102996.47,5401354220.81,2021-06-09 23:59:59.999000+00:00,TRON_01_01_2021-01_01_2022_historical_data_coinmarketcap.csv,TRON,2021,6,9,0,23,23,2
2021-06-08 00:00:00+00:00,2021-06-08 23:59:59.999000+00:00,2021-06-08 22:30:10+00:00,2021-06-08 15:22:10+00:00,2781,0.07174821,0.07324906,0.0673674,0.0726329,1564333796.12,5204848964.48,2021-06-08 23:59:59.999000+00:00,TRON_01_01_2021-01_01_2022_historical_data_coinmarketcap.csv,TRON,2021,6,8,0,23,22,15
2021-06-07 00:00:00+00:00,2021-06-07 23:59:59.999000+00:00,2021-06-07 02:52:11+00:00,2021-06-07 23:55:09+00:00,2781,0.07752569,0.07861427,0.07135907,0.07162098,1014355948.62,5132335233.9,2021-06-07 23:59:59.999000+00:00,TRON_01_01_2021-01_01_2022_historical_data_coinmarketcap.csv,TRON,2021,6,7,0,23,2,23
2021-06-06 00:00:00+00:00,2021-06-06 23:59:59.999000+00:00,2021-06-06 23:58:09+00:00,2021-06-06 00:03:15+00:00,2781,0.07556381,0.07751509,0.07539502,0.07750709,941526755.12,5554131772.77,2021-06-06 23:59:59.999000+00:00,TRON_01_01_2021-01_01_2022_historical_data_coinmarketcap.csv,TRON,2021,6,6,0,23,23,0
2021-06-05 00:00:00+00:00,2021-06-05 23:59:59.999000+00:00,2021-06-05 07:23:09+00:00,2021-06-05 21:46:09+00:00,2781,0.07723408,0.07981322,0.07431183,0.07559645,1256512914.46,5417215895.34,2021-06-05 23:59:59.999000+00:00,TRON_01_01_2021-01_01_2022_historical_data_coinmarketcap.csv,TRON,2021,6,5,0,23,7,21
2021-06-04 00:00:00+00:00,2021-06-04 23:59:59.999000+00:00,2021-06-04 00:26:10+00:00,2021-06-04 12:11:09+00:00,2781,0.08221013,0.08289112,0.0739982,0.07725166,1607401362.95,5535827432.14,2021-06-04 23:59:59.999000+00:00,TRON_01_01_2021-01_01_2022_historical_data_coinmarketcap.csv,TRON,2021,6,4,0,23,0,12
2021-06-03 00:00:00+00:00,2021-06-03 23:59:59.999000+00:00,2021-06-03 23:43:11+00:00,2021-06-03 02:33:10+00:00,2781,0.07807528,0.08249279,0.07723718,0.08211933,1309491952.83,5884643395.03,2021-06-03 23:59:59.999000+00:00,TRON_01_01_2021-01_01_2022_historical_data_coinmarketcap.csv,TRON,2021,6,3,0,23,23,2
2021-06-02 00:00:00+00:00,2021-06-02 23:59:59.999000+00:00,2021-06-02 16:02:13+00:00,2021-06-02 01:12:29+00:00,2781,0.07615369,0.07956257,0.07459427,0.0780411,1309569035.0,5592398220.4,2021-06-02 23:59:59.999000+00:00,TRON_01_01_2021-01_01_2022_historical_data_coinmarketcap.csv,TRON,2021,6,2,0,23,16,1
2021-06-01 00:00:00+00:00,2021-06-01 23:59:59.999000+00:00,2021-06-01 00:58:12+00:00,2021-06-01 13:08:12+00:00,2781,0.07686347,0.0774976,0.07375169,0.07613585,1680627011.49,5455869263.31,2021-06-01 23:59:59.999000+00:00,TRON_01_01_2021-01_01_2022_historical_data_coinmarketcap.csv,TRON,2021,6,1,0,23,0,13
2021-05-31 00:00:00+00:00,2021-05-31 23:59:59.999000+00:00,2021-05-31 23:59:12+00:00,2021-05-31 04:23:13+00:00,2781,0.07199684,0.07692039,0.06987901,0.07692039,1317577084.27,5512088526.03,2021-05-31 23:59:59.999000+00:00,TRON_01_01_2021-01_01_2022_historical_data_coinmarketcap.csv,TRON,2021,5,31,0,23,23,4
2021-05-30 00:00:00+00:00,2021-05-30 23:59:59.999000+00:00,2021-05-30 19:30:15+00:00,2021-05-30 00:42:15+00:00,2781,0.06876252,0.07314549,0.06665364,0.07203628,1308704706.03,5162094842.93,2021-05-30 23:59:59.999000+00:00,TRON_01_01_2021-01_01_2022_historical_data_coinmarketcap.csv,TRON,2021,5,30,0,23,19,0
2021-05-29 00:00:00+00:00,2021-05-29 23:59:59.999000+00:00,2021-05-29 05:29:10+00:00,2021-05-29 20:21:21+00:00,2781,0.07207737,0.07442991,0.0671947,0.06878348,1715969409.0,4929000699.31,2021-05-29 23:59:59.999000+00:00,TRON_01_01_2021-01_01_2022_historical_data_coinmarketcap.csv,TRON,2021,5,29,0,23,5,20
2021-05-28 00:00:00+00:00,2021-05-28 23:59:59.999000+00:00,2021-05-28 00:20:13+00:00,2021-05-28 21:42:18+00:00,2781,0.07941012,0.08002396,0.07034987,0.07208664,1935535999.42,5165704219.67,2021-05-28 23:59:59.999000+00:00,TRON_01_01_2021-01_01_2022_historical_data_coinmarketcap.csv,TRON,2021,5,28,0,23,0,21
2021-05-27 00:00:00+00:00,2021-05-27 23:59:59.999000+00:00,2021-05-27 00:05:12+00:00,2021-05-27 03:19:12+00:00,2781,0.08325229,0.08327938,0.07675993,0.07915143,1881157841.86,5671964246.91,2021-05-27 23:59:59.999000+00:00,TRON_01_01_2021-01_01_2022_historical_data_coinmarketcap.csv,TRON,2021,5,27,0,23,0,3
2021-05-26 00:00:00+00:00,2021-05-26 23:59:59.999000+00:00,2021-05-26 08:04:12+00:00,2021-05-26 00:31:12+00:00,2781,0.07725388,0.08441154,0.07614075,0.08324077,2452202469.88,5965005176.45,2021-05-26 23:59:59.999000+00:00,TRON_01_01_2021-01_01_2022_historical_data_coinmarketcap.csv,TRON,2021,5,26,0,23,8,0
2021-05-25 00:00:00+00:00,2021-05-25 23:59:59.999000+00:00,2021-05-25 00:51:09+00:00,2021-05-25 10:42:18+00:00,2781,0.07697794,0.08091562,0.07167504,0.07728137,2517356853.96,5537956374.77,2021-05-25 23:59:59.999000+00:00,TRON_01_01_2021-01_01_2022_historical_data_coinmarketcap.csv,TRON,2021,5,25,0,23,0,10
2021-05-24 00:00:00+00:00,2021-05-24 23:59:59.999000+00:00,2021-05-24 23:46:08+00:00,2021-05-24 01:15:09+00:00,2781,0.06298919,0.07688036,0.0619913,0.07672266,2612529960.18,5497919555.59,2021-05-24 23:59:59.999000+00:00,TRON_01_01_2021-01_01_2022_historical_data_coinmarketcap.csv,TRON,2021,5,24,0,23,23,1
2021-05-23 00:00:00+00:00,2021-05-23 23:59:59.999000+00:00,2021-05-23 01:06:10+00:00,2021-05-23 16:44:08+00:00,2781,0.07542786,0.07716075,0.05572587,0.06318105,2311184086.7,4527532178.7,2021-05-23 23:59:59.999000+00:00,TRON_01_01_2021-01_01_2022_historical_data_coinmarketcap.csv,TRON,2021,5,23,0,23,1,16
2021-05-22 00:00:00+00:00,2021-05-22 23:59:59.999000+00:00,2021-05-22 02:24:12+00:00,2021-05-22 05:31:10+00:00,2781,0.07805387,0.07919079,0.0711706,0.075359,1963047915.1,5400200257.02,2021-05-22 23:59:59.999000+00:00,TRON_01_01_2021-01_01_2022_historical_data_coinmarketcap.csv,TRON,2021,5,22,0,23,2,5
2021-05-21 00:00:00+00:00,2021-05-21 23:59:59.999000+00:00,2021-05-21 00:44:09+00:00,2021-05-21 21:20:08+00:00,2781,0.08924886,0.09322498,0.07137063,0.07792124,2636925196.49,5583809185.92,2021-05-21 23:59:59.999000+00:00,TRON_01_01_2021-01_01_2022_historical_data_coinmarketcap.csv,TRON,2021,5,21,0,23,0,21
2021-05-20 00:00:00+00:00,2021-05-20 23:59:59.999000+00:00,2021-05-20 13:30:10+00:00,2021-05-20 00:54:09+00:00,2781,0.07900987,0.09315138,0.07371762,0.0895967,2897823917.96,6420468743.12,2021-05-20 23:59:59.999000+00:00,TRON_01_01_2021-01_01_2022_historical_data_coinmarketcap.csv,TRON,2021,5,20,0,23,13,0
2021-05-19 00:00:00+00:00,2021-05-19 23:59:59.999000+00:00,2021-05-19 00:13:08+00:00,2021-05-19 12:55:09+00:00,2781,0.1164951,0.11789485,0.06452616,0.07933165,4661555306.49,5684879150.81,2021-05-19 23:59:59.999000+00:00,TRON_01_01_2021-01_01_2022_historical_data_coinmarketcap.csv,TRON,2021,5,19,0,23,0,12
2021-05-18 00:00:00+00:00,2021-05-18 23:59:59.999000+00:00,2021-05-18 11:51:17+00:00,2021-05-18 00:03:07+00:00,2781,0.11269446,0.11992851,0.11204091,0.11638647,2432893289.67,8340214849.1,2021-05-18 23:59:59.999000+00:00,TRON_01_01_2021-01_01_2022_historical_data_coinmarketcap.csv,TRON,2021,5,18,0,23,11,0
2021-05-17 00:00:00+00:00,2021-05-17 23:59:59.999000+00:00,2021-05-17 00:01:09+00:00,2021-05-17 04:07:07+00:00,2781,0.11957063,0.11963519,0.10873161,0.11287009,3088970039.25,8088232278.41,2021-05-17 23:59:59.999000+00:00,TRON_01_01_2021-01_01_2022_historical_data_coinmarketcap.csv,TRON,2021,5,17,0,23,0,4
2021-05-16 00:00:00+00:00,2021-05-16 23:59:59.999000+00:00,2021-05-16 10:47:09+00:00,2021-05-16 21:22:10+00:00,2781,0.12055441,0.13111253,0.11488476,0.11950581,3644579995.06,8563745425.26,2021-05-16 23:59:59.999000+00:00,TRON_01_01_2021-01_01_2022_historical_data_coinmarketcap.csv,TRON,2021,5,16,0,23,10,21
2021-05-15 00:00:00+00:00,2021-05-15 23:59:59.999000+00:00,2021-05-15 15:08:09+00:00,2021-05-15 10:31:10+00:00,2781,0.12479377,0.12696645,0.11833861,0.12069062,3290167007.34,8648648555.76,2021-05-15 23:59:59.999000+00:00,TRON_01_01_2021-01_01_2022_historical_data_coinmarketcap.csv,TRON,2021,5,15,0,23,15,10
2021-05-14 00:00:00+00:00,2021-05-14 23:59:59.999000+00:00,2021-05-14 15:26:09+00:00,2021-05-14 04:43:10+00:00,2781,0.12152651,0.1281667,0.11943176,0.12477582,3126225399.12,8941392180.86,2021-05-14 23:59:59.999000+00:00,TRON_01_01_2021-01_01_2022_historical_data_coinmarketcap.csv,TRON,2021,5,14,0,23,15,4
2021-05-13 00:00:00+00:00,2021-05-13 23:59:59.999000+00:00,2021-05-13 07:07:07+00:00,2021-05-13 00:05:06+00:00,2781,0.11922165,0.12658859,0.10805307,0.12147282,4797998918.38,8704700397.82,2021-05-13 23:59:59.999000+00:00,TRON_01_01_2021-01_01_2022_historical_data_coinmarketcap.csv,TRON,2021,5,13,0,23,7,0
2021-05-12 00:00:00+00:00,2021-05-12 23:59:59.999000+00:00,2021-05-12 03:55:07+00:00,2021-05-12 23:59:06+00:00,2781,0.1388954,0.14712013,0.11869919,0.11869919,4360921578.14,8505943544.02,2021-05-12 23:59:59.999000+00:00,TRON_01_01_2021-01_01_2022_historical_data_coinmarketcap.csv,TRON,2021,5,12,0,23,3,23
2021-05-11 00:00:00+00:00,2021-05-11 23:59:59.999000+00:00,2021-05-11 20:01:06+00:00,2021-05-11 03:25:07+00:00,2781,0.12713791,0.13930159,0.12156411,0.13882585,4099303988.64,9948212816.96,2021-05-11 23:59:59.999000+00:00,TRON_01_01_2021-01_01_2022_historical_data_coinmarketcap.csv,TRON,2021,5,11,0,23,20,3
2021-05-10 00:00:00+00:00,2021-05-10 23:59:59.999000+00:00,2021-05-10 05:02:08+00:00,2021-05-10 20:07:08+00:00,2781,0.14292381,0.1481387,0.12204698,0.12715927,4063896698.6,9112190014.74,2021-05-10 23:59:59.999000+00:00,TRON_01_01_2021-01_01_2022_historical_data_coinmarketcap.csv,TRON,2021,5,10,0,23,5,20
2021-05-09 00:00:00+00:00,2021-05-09 23:59:59.999000+00:00,2021-05-09 01:48:11+00:00,2021-05-09 13:00:10+00:00,2781,0.14302322,0.1456792,0.135309,0.14287514,3448515634.66,10238383825.73,2021-05-09 23:59:59.999000+00:00,TRON_01_01_2021-01_01_2022_historical_data_coinmarketcap.csv,TRON,2021,5,9,0,23,1,13
2021-05-08 00:00:00+00:00,2021-05-08 23:59:59.999000+00:00,2021-05-08 11:02:08+00:00,2021-05-08 17:04:08+00:00,2781,0.14758773,0.15276679,0.14151332,0.1431106,3500456761.98,10255256859.51,2021-05-08 23:59:59.999000+00:00,TRON_01_01_2021-01_01_2022_historical_data_coinmarketcap.csv,TRON,2021,5,8,0,23,11,17
2021-05-07 00:00:00+00:00,2021-05-07 23:59:59.999000+00:00,2021-05-07 01:03:18+00:00,2021-05-07 22:49:08+00:00,2781,0.15203064,0.1691615,0.13963431,0.14767983,6775689482.6,10582685875.72,2021-05-07 23:59:59.999000+00:00,TRON_01_01_2021-01_01_2022_historical_data_coinmarketcap.csv,TRON,2021,5,7,0,23,1,22
2021-05-06 00:00:00+00:00,2021-05-06 23:59:59.999000+00:00,2021-05-06 17:34:10+00:00,2021-05-06 07:02:10+00:00,2781,0.14649115,0.15803562,0.13785401,0.15177265,6468289634.19,10875975912.63,2021-05-06 23:59:59.999000+00:00,TRON_01_01_2021-01_01_2022_historical_data_coinmarketcap.csv,TRON,2021,5,6,0,23,17,7
2021-05-05 00:00:00+00:00,2021-05-05 23:59:59.999000+00:00,2021-05-05 23:59:10+00:00,2021-05-05 00:03:07+00:00,2781,0.11918161,0.14635251,0.11787779,0.14635251,5159319860.02,10487570982.35,2021-05-05 23:59:59.999000+00:00,TRON_01_01_2021-01_01_2022_historical_data_coinmarketcap.csv,TRON,2021,5,5,0,23,23,0
2021-05-04 00:00:00+00:00,2021-05-04 23:59:59.999000+00:00,2021-05-04 00:01:10+00:00,2021-05-04 16:52:07+00:00,2781,0.13169805,0.1317659,0.11813781,0.11939428,2897234578.01,8555753408.0,2021-05-04 23:59:59.999000+00:00,TRON_01_01_2021-01_01_2022_historical_data_coinmarketcap.csv,TRON,2021,5,4,0,23,0,16
2021-05-03 00:00:00+00:00,2021-05-03 23:59:59.999000+00:00,2021-05-03 11:49:10+00:00,2021-05-03 00:05:10+00:00,2781,0.12764767,0.13642892,0.12747045,0.13161447,2740304989.01,9431448028.06,2021-05-03 23:59:59.999000+00:00,TRON_01_01_2021-01_01_2022_historical_data_coinmarketcap.csv,TRON,2021,5,3,0,23,11,0
2021-05-02 00:00:00+00:00,2021-05-02 23:59:59.999000+00:00,2021-05-02 02:46:10+00:00,2021-05-02 08:35:10+00:00,2781,0.131055,0.1321208,0.12554204,0.12765305,1746230678.73,9147573886.83,2021-05-02 23:59:59.999000+00:00,TRON_01_01_2021-01_01_2022_historical_data_coinmarketcap.csv,TRON,2021,5,2,0,23,2,8
2021-05-01 00:00:00+00:00,2021-05-01 23:59:59.999000+00:00,2021-05-01 03:30:16+00:00,2021-05-01 15:29:10+00:00,2781,0.13236517,0.13344941,0.12761061,0.13110811,1935148531.51,9395162184.76,2021-05-01 23:59:59.999000+00:00,TRON_01_01_2021-01_01_2022_historical_data_coinmarketcap.csv,TRON,2021,5,1,0,23,3,15
2021-04-30 00:00:00+00:00,2021-04-30 23:59:59.999000+00:00,2021-04-30 23:43:11+00:00,2021-04-30 01:20:10+00:00,2781,0.12124884,0.1329266,0.11894847,0.13222902,2368983197.63,9475486249.32,2021-04-30 23:59:59.999000+00:00,TRON_01_01_2021-01_01_2022_historical_data_coinmarketcap.csv,TRON,2021,4,30,0,23,23,1
2021-04-29 00:00:00+00:00,2021-04-29 23:59:59.999000+00:00,2021-04-29 10:15:18+00:00,2021-04-29 18:05:11+00:00,2781,0.12277726,0.1252504,0.11776709,0.1212654,1872811998.79,8689837150.47,2021-04-29 23:59:59.999000+00:00,TRON_01_01_2021-01_01_2022_historical_data_coinmarketcap.csv,TRON,2021,4,29,0,23,10,18
2021-04-28 00:00:00+00:00,2021-04-28 23:59:59.999000+00:00,2021-04-28 01:20:11+00:00,2021-04-28 06:38:10+00:00,2781,0.12593533,0.12964395,0.1165331,0.12268425,2371003551.07,8791511069.19,2021-04-28 23:59:59.999000+00:00,TRON_01_01_2021-01_01_2022_historical_data_coinmarketcap.csv,TRON,2021,4,28,0,23,1,6
2021-04-27 00:00:00+00:00,2021-04-27 23:59:59.999000+00:00,2021-04-27 11:18:11+00:00,2021-04-27 00:29:10+00:00,2781,0.11736345,0.12873107,0.1156118,0.12579393,3041272610.21,9014350114.38,2021-04-27 23:59:59.999000+00:00,TRON_01_01_2021-01_01_2022_historical_data_coinmarketcap.csv,TRON,2021,4,27,0,23,11,0
2021-04-26 00:00:00+00:00,2021-04-26 23:59:59.999000+00:00,2021-04-26 23:59:10+00:00,2021-04-26 00:05:10+00:00,2781,0.10168396,0.11729479,0.10036378,0.11729479,2892838738.6,8405304499.11,2021-04-26 23:59:59.999000+00:00,TRON_01_01_2021-01_01_2022_historical_data_coinmarketcap.csv,TRON,2021,4,26,0,23,23,0
2021-04-25 00:00:00+00:00,2021-04-25 23:59:59.999000+00:00,2021-04-25 15:26:10+00:00,2021-04-25 21:47:10+00:00,2781,0.1026518,0.10981696,0.09683616,0.10147089,2540298956.66,7271369540.91,2021-04-25 23:59:59.999000+00:00,TRON_01_01_2021-01_01_2022_historical_data_coinmarketcap.csv,TRON,2021,4,25,0,23,15,21
2021-04-24 00:00:00+00:00,2021-04-24 23:59:59.999000+00:00,2021-04-24 06:15:16+00:00,2021-04-24 23:56:10+00:00,2781,0.1091037,0.11428547,0.10228087,0.10270624,3719956116.17,7359893979.66,2021-04-24 23:59:59.999000+00:00,TRON_01_01_2021-01_01_2022_historical_data_coinmarketcap.csv,TRON,2021,4,24,0,23,6,23
2021-04-23 00:00:00+00:00,2021-04-23 23:59:59.999000+00:00,2021-04-23 00:30:12+00:00,2021-04-23 02:26:10+00:00,2781,0.11014961,0.11237715,0.09101685,0.10902453,6294975868.46,7812660785.04,2021-04-23 23:59:59.999000+00:00,TRON_01_01_2021-01_01_2022_historical_data_coinmarketcap.csv,TRON,2021,4,23,0,23,0,2
2021-04-22 00:00:00+00:00,2021-04-22 23:59:59.999000+00:00,2021-04-22 17:06:09+00:00,2021-04-22 22:54:14+00:00,2781,0.12280893,0.12951935,0.10953155,0.11012968,4066582030.49,7891854997.87,2021-04-22 23:59:59.999000+00:00,TRON_01_01_2021-01_01_2022_historical_data_coinmarketcap.csv,TRON,2021,4,22,0,23,17,22
2021-04-21 00:00:00+00:00,2021-04-21 23:59:59.999000+00:00,2021-04-21 00:28:09+00:00,2021-04-21 23:14:10+00:00,2781,0.13296477,0.13532746,0.12289732,0.12307985,3024231903.81,8819859790.19,2021-04-21 23:59:59.999000+00:00,TRON_01_01_2021-01_01_2022_historical_data_coinmarketcap.csv,TRON,2021,4,21,0,23,0,23
2021-04-20 00:00:00+00:00,2021-04-20 23:59:59.999000+00:00,2021-04-20 20:38:09+00:00,2021-04-20 06:58:09+00:00,2781,0.1299102,0.13480624,0.1176013,0.13303487,5231143612.61,9533232886.73,2021-04-20 23:59:59.999000+00:00,TRON_01_01_2021-01_01_2022_historical_data_coinmarketcap.csv,TRON,2021,4,20,0,23,20,6
2021-04-19 00:00:00+00:00,2021-04-19 23:59:59.999000+00:00,2021-04-19 01:38:10+00:00,2021-04-19 23:56:09+00:00,2781,0.14307871,0.14776951,0.12986605,0.13023896,5266036569.93,9332879181.02,2021-04-19 23:59:59.999000+00:00,TRON_01_01_2021-01_01_2022_historical_data_coinmarketcap.csv,TRON,2021,4,19,0,23,1,23
2021-04-18 00:00:00+00:00,2021-04-18 23:59:59.999000+00:00,2021-04-18 00:17:10+00:00,2021-04-18 11:57:11+00:00,2781,0.15732642,0.15841514,0.12493036,0.1428787,7549173251.14,10238638365.64,2021-04-18 23:59:59.999000+00:00,TRON_01_01_2021-01_01_2022_historical_data_coinmarketcap.csv,TRON,2021,4,18,0,23,0,11
2021-04-17 00:00:00+00:00,2021-04-17 23:59:59.999000+00:00,2021-04-17 03:37:11+00:00,2021-04-17 16:04:10+00:00,2781,0.16160157,0.17993382,0.15446864,0.15743499,7661537251.56,11281737665.7,2021-04-17 23:59:59.999000+00:00,TRON_01_01_2021-01_01_2022_historical_data_coinmarketcap.csv,TRON,2021,4,17,0,23,3,16
2021-04-16 00:00:00+00:00,2021-04-16 23:59:59.999000+00:00,2021-04-16 16:24:16+00:00,2021-04-16 13:52:10+00:00,2781,0.16432685,0.17772253,0.13618537,0.16208884,9411593702.34,11615231056.52,2021-04-16 23:59:59.999000+00:00,TRON_01_01_2021-01_01_2022_historical_data_coinmarketcap.csv,TRON,2021,4,16,0,23,16,13
2021-04-15 00:00:00+00:00,2021-04-15 23:59:59.999000+00:00,2021-04-15 23:17:10+00:00,2021-04-15 01:13:11+00:00,2781,0.14053119,0.16857363,0.13644959,0.16464966,8681561025.45,11798738089.91,2021-04-15 23:59:59.999000+00:00,TRON_01_01_2021-01_01_2022_historical_data_coinmarketcap.csv,TRON,2021,4,15,0,23,23,1
2021-04-14 00:00:00+00:00,2021-04-14 23:59:59.999000+00:00,2021-04-14 05:45:18+00:00,2021-04-14 14:14:10+00:00,2781,0.1464494,0.15609306,0.13320963,0.14069403,7445604412.95,10082085802.92,2021-04-14 23:59:59.999000+00:00,TRON_01_01_2021-01_01_2022_historical_data_coinmarketcap.csv,TRON,2021,4,14,0,23,5,14
2021-04-13 00:00:00+00:00,2021-04-13 23:59:59.999000+00:00,2021-04-13 18:38:10+00:00,2021-04-13 06:48:11+00:00,2781,0.12871452,0.15517045,0.12827274,0.14629826,8237122750.63,10483682882.72,2021-04-13 23:59:59.999000+00:00,TRON_01_01_2021-01_01_2022_historical_data_coinmarketcap.csv,TRON,2021,4,13,0,23,18,6
2021-04-12 00:00:00+00:00,2021-04-12 23:59:59.999000+00:00,2021-04-12 05:56:09+00:00,2021-04-12 00:07:09+00:00,2781,0.12229742,0.13710933,0.12190394,0.12904841,6239467781.18,9247564746.64,2021-04-12 23:59:59.999000+00:00,TRON_01_01_2021-01_01_2022_historical_data_coinmarketcap.csv,TRON,2021,4,12,0,23,5,0
2021-04-11 00:00:00+00:00,2021-04-11 23:59:59.999000+00:00,2021-04-11 00:02:09+00:00,2021-04-11 07:15:15+00:00,2781,0.12639807,0.12680588,0.11811111,0.12235264,3489511001.0,8767748385.56,2021-04-11 23:59:59.999000+00:00,TRON_01_01_2021-01_01_2022_historical_data_coinmarketcap.csv,TRON,2021,4,11,0,23,0,7
2021-04-10 00:00:00+00:00,2021-04-10 23:59:59.999000+00:00,2021-04-10 17:26:10+00:00,2021-04-10 00:45:16+00:00,2781,0.11594245,0.12743369,0.11306895,0.1259832,4226862320.33,9027912759.06,2021-04-10 23:59:59.999000+00:00,TRON_01_01_2021-01_01_2022_historical_data_coinmarketcap.csv,TRON,2021,4,10,0,23,17,0
2021-04-09 00:00:00+00:00,2021-04-09 23:59:59.999000+00:00,2021-04-09 00:53:09+00:00,2021-04-09 23:33:10+00:00,2781,0.12310702,0.12481144,0.11470192,0.1159342,3535987595.1,8307804747.53,2021-04-09 23:59:59.999000+00:00,TRON_01_01_2021-01_01_2022_historical_data_coinmarketcap.csv,TRON,2021,4,9,0,23,0,23
2021-04-08 00:00:00+00:00,2021-04-08 23:59:59.999000+00:00,2021-04-08 18:46:10+00:00,2021-04-08 00:07:09+00:00,2781,0.11067663,0.12557144,0.11062474,0.12306971,6339334761.54,8819133186.2,2021-04-08 23:59:59.999000+00:00,TRON_01_01_2021-01_01_2022_historical_data_coinmarketcap.csv,TRON,2021,4,8,0,23,18,0
2021-04-07 00:00:00+00:00,2021-04-07 23:59:59.999000+00:00,2021-04-07 00:04:09+00:00,2021-04-07 20:26:10+00:00,2781,0.12415263,0.12594422,0.10416044,0.11028233,9491738033.02,7902794221.3,2021-04-07 23:59:59.999000+00:00,TRON_01_01_2021-01_01_2022_historical_data_coinmarketcap.csv,TRON,2021,4,7,0,23,0,20
2021-04-06 00:00:00+00:00,2021-04-06 23:59:59.999000+00:00,2021-04-06 00:12:11+00:00,2021-04-06 14:25:13+00:00,2781,0.13698932,0.1385849,0.11188914,0.12437441,10316828261.17,8912627305.05,2021-04-06 23:59:59.999000+00:00,TRON_01_01_2021-01_01_2022_historical_data_coinmarketcap.csv,TRON,2021,4,6,0,23,0,14
2021-04-05 00:00:00+00:00,2021-04-05 23:59:59.999000+00:00,2021-04-05 20:09:10+00:00,2021-04-05 07:07:09+00:00,2781,0.12932119,0.14914619,0.129123,0.13672526,13973157817.56,9797685493.59,2021-04-05 23:59:59.999000+00:00,TRON_01_01_2021-01_01_2022_historical_data_coinmarketcap.csv,TRON,2021,4,5,0,23,20,7
2021-04-04 00:00:00+00:00,2021-04-04 23:59:59.999000+00:00,2021-04-04 23:58:10+00:00,2021-04-04 00:04:10+00:00,2781,0.10210099,0.12946971,0.10127883,0.12937339,11560343177.84,9270853014.9,2021-04-04 23:59:59.999000+00:00,TRON_01_01_2021-01_01_2022_historical_data_coinmarketcap.csv,TRON,2021,4,4,0,23,23,0
2021-04-03 00:00:00+00:00,2021-04-03 23:59:59.999000+00:00,2021-04-03 14:29:10+00:00,2021-04-03 06:34:10+00:00,2781,0.09261521,0.11116398,0.08874458,0.10207168,9374928774.89,7314421554.71,2021-04-03 23:59:59.999000+00:00,TRON_01_01_2021-01_01_2022_historical_data_coinmarketcap.csv,TRON,2021,4,3,0,23,14,6
2021-04-02 00:00:00+00:00,2021-04-02 23:59:59.999000+00:00,2021-04-02 22:46:16+00:00,2021-04-02 00:55:10+00:00,2781,0.08610223,0.09304318,0.08487946,0.09255212,4510763617.92,6632252893.65,2021-04-02 23:59:59.999000+00:00,TRON_01_01_2021-01_01_2022_historical_data_coinmarketcap.csv,TRON,2021,4,2,0,23,22,0
2021-04-01 00:00:00+00:00,2021-04-01 23:59:59.999000+00:00,2021-04-01 10:01:09+00:00,2021-04-01 18:23:09+00:00,2781,0.09256448,0.09460107,0.08333398,0.08612,6635312741.05,6171329844.52,2021-04-01 23:59:59.999000+00:00,TRON_01_01_2021-01_01_2022_historical_data_coinmarketcap.csv,TRON,2021,4,1,0,23,10,18
2021-03-31 00:00:00+00:00,2021-03-31 23:59:59.999000+00:00,2021-03-31 20:19:09+00:00,2021-03-31 00:30:15+00:00,2781,0.06608774,0.09678914,0.06575993,0.0923122,11940378031.48,6615060524.66,2021-03-31 23:59:59.999000+00:00,TRON_01_01_2021-01_01_2022_historical_data_coinmarketcap.csv,TRON,2021,3,31,0,23,20,0
2021-03-30 00:00:00+00:00,2021-03-30 23:59:59.999000+00:00,2021-03-30 13:04:09+00:00,2021-03-30 04:06:15+00:00,2781,0.06479672,0.06671612,0.06435573,0.06608571,1764948842.89,4735679075.59,2021-03-30 23:59:59.999000+00:00,TRON_01_01_2021-01_01_2022_historical_data_coinmarketcap.csv,TRON,2021,3,30,0,23,13,4
2021-03-29 00:00:00+00:00,2021-03-29 23:59:59.999000+00:00,2021-03-29 10:25:12+00:00,2021-03-29 01:46:09+00:00,2781,0.0635918,0.06580531,0.06339891,0.06479057,1402334471.21,4642870051.24,2021-03-29 23:59:59.999000+00:00,TRON_01_01_2021-01_01_2022_historical_data_coinmarketcap.csv,TRON,2021,3,29,0,23,10,1
2021-03-28 00:00:00+00:00,2021-03-28 23:59:59.999000+00:00,2021-03-28 17:04:09+00:00,2021-03-28 19:19:09+00:00,2781,0.06378045,0.06482482,0.06246275,0.06356293,1522344812.85,4554898078.16,2021-03-28 23:59:59.999000+00:00,TRON_01_01_2021-01_01_2022_historical_data_coinmarketcap.csv,TRON,2021,3,28,0,23,17,19
2021-03-27 00:00:00+00:00,2021-03-27 23:59:59.999000+00:00,2021-03-27 08:10:11+00:00,2021-03-27 12:43:09+00:00,2781,0.06489198,0.06766932,0.06316687,0.06379023,2597894844.48,4571185884.22,2021-03-27 23:59:59.999000+00:00,TRON_01_01_2021-01_01_2022_historical_data_coinmarketcap.csv,TRON,2021,3,27,0,23,8,12
2021-03-26 00:00:00+00:00,2021-03-26 23:59:59.999000+00:00,2021-03-26 12:01:10+00:00,2021-03-26 00:01:09+00:00,2781,0.05560478,0.06598686,0.05545309,0.06489966,3063327253.13,4650687154.84,2021-03-26 23:59:59.999000+00:00,TRON_01_01_2021-01_01_2022_historical_data_coinmarketcap.csv,TRON,2021,3,26,0,23,12,0
2021-03-25 00:00:00+00:00,2021-03-25 23:59:59.999000+00:00,2021-03-25 11:25:12+00:00,2021-03-25 12:38:09+00:00,2781,0.0560406,0.05633698,0.05367783,0.05562184,2012758050.05,3985842339.25,2021-03-25 23:59:59.999000+00:00,TRON_01_01_2021-01_01_2022_historical_data_coinmarketcap.csv,TRON,2021,3,25,0,23,11,12
2021-03-24 00:00:00+00:00,2021-03-24 23:59:59.999000+00:00,2021-03-24 15:22:09+00:00,2021-03-24 22:29:09+00:00,2781,0.058804,0.06211576,0.05524997,0.0560789,2379532803.34,4018594506.34,2021-03-24 23:59:59.999000+00:00,TRON_01_01_2021-01_01_2022_historical_data_coinmarketcap.csv,TRON,2021,3,24,0,23,15,22
2021-03-23 00:00:00+00:00,2021-03-23 23:59:59.999000+00:00,2021-03-23 01:53:09+00:00,2021-03-23 21:28:09+00:00,2781,0.05973404,0.06168641,0.0578279,0.05883036,2098616730.77,4215763166.24,2021-03-23 23:59:59.999000+00:00,TRON_01_01_2021-01_01_2022_historical_data_coinmarketcap.csv,TRON,2021,3,23,0,23,1,21
2021-03-22 00:00:00+00:00,2021-03-22 23:59:59.999000+00:00,2021-03-22 10:08:09+00:00,2021-03-22 22:06:09+00:00,2781,0.06332285,0.06620223,0.05945159,0.05976381,2264417503.33,4282654458.21,2021-03-22 23:59:59.999000+00:00,TRON_01_01_2021-01_01_2022_historical_data_coinmarketcap.csv,TRON,2021,3,22,0,23,10,22
2021-03-21 00:00:00+00:00,2021-03-21 23:59:59.999000+00:00,2021-03-21 21:53:09+00:00,2021-03-21 12:30:15+00:00,2781,0.06108412,0.06432971,0.05888751,0.06329613,2696917320.86,4535779059.06,2021-03-21 23:59:59.999000+00:00,TRON_01_01_2021-01_01_2022_historical_data_coinmarketcap.csv,TRON,2021,3,21,0,23,21,12
2021-03-20 00:00:00+00:00,2021-03-20 23:59:59.999000+00:00,2021-03-20 13:46:10+00:00,2021-03-20 00:00:10+00:00,2781,0.05879928,0.06828518,0.05879928,0.06107987,4489856636.03,4376962247.88,2021-03-20 23:59:59.999000+00:00,TRON_01_01_2021-01_01_2022_historical_data_coinmarketcap.csv,TRON,2021,3,20,0,23,13,0
2021-03-19 00:00:00+00:00,2021-03-19 23:59:59.999000+00:00,2021-03-19 23:02:10+00:00,2021-03-19 00:21:14+00:00,2781,0.05357086,0.05964122,0.05262187,0.05879268,2078396867.15,4213063254.45,2021-03-19 23:59:59.999000+00:00,TRON_01_01_2021-01_01_2022_historical_data_coinmarketcap.csv,TRON,2021,3,19,0,23,23,0
2021-03-18 00:00:00+00:00,2021-03-18 23:59:59.999000+00:00,2021-03-18 00:06:10+00:00,2021-03-18 14:04:09+00:00,2781,0.05493475,0.05519462,0.05294522,0.05357783,1367777853.49,3839368894.11,2021-03-18 23:59:59.999000+00:00,TRON_01_01_2021-01_01_2022_historical_data_coinmarketcap.csv,TRON,2021,3,18,0,23,0,14
2021-03-17 00:00:00+00:00,2021-03-17 23:59:59.999000+00:00,2021-03-17 06:01:12+00:00,2021-03-17 00:31:11+00:00,2781,0.05231154,0.05551055,0.05201817,0.05497513,2149834411.94,3939498643.82,2021-03-17 23:59:59.999000+00:00,TRON_01_01_2021-01_01_2022_historical_data_coinmarketcap.csv,TRON,2021,3,17,0,23,6,0
2021-03-16 00:00:00+00:00,2021-03-16 23:59:59.999000+00:00,2021-03-16 10:07:11+00:00,2021-03-16 01:07:11+00:00,2781,0.05081957,0.05299152,0.04930217,0.05229743,1736903544.03,3747616141.64,2021-03-16 23:59:59.999000+00:00,TRON_01_01_2021-01_01_2022_historical_data_coinmarketcap.csv,TRON,2021,3,16,0,23,10,1
2021-03-15 00:00:00+00:00,2021-03-15 23:59:59.999000+00:00,2021-03-15 04:16:11+00:00,2021-03-15 09:51:20+00:00,2781,0.05129035,0.05210966,0.04872309,0.05084007,1793092432.69,3643182007.62,2021-03-15 23:59:59.999000+00:00,TRON_01_01_2021-01_01_2022_historical_data_coinmarketcap.csv,TRON,2021,3,15,0,23,4,9
2021-03-14 00:00:00+00:00,2021-03-14 23:59:59.999000+00:00,2021-03-14 00:40:11+00:00,2021-03-14 13:40:15+00:00,2781,0.05282401,0.05374013,0.05111245,0.05130068,1468032008.89,3676189494.54,2021-03-14 23:59:59.999000+00:00,TRON_01_01_2021-01_01_2022_historical_data_coinmarketcap.csv,TRON,2021,3,14,0,23,0,13
2021-03-13 00:00:00+00:00,2021-03-13 23:59:59.999000+00:00,2021-03-13 15:04:11+00:00,2021-03-13 01:40:12+00:00,2781,0.05004755,0.05392133,0.04898698,0.05281493,2098551189.38,3784699571.21,2021-03-13 23:59:59.999000+00:00,TRON_01_01_2021-01_01_2022_historical_data_coinmarketcap.csv,TRON,2021,3,13,0,23,15,1
2021-03-12 00:00:00+00:00,2021-03-12 23:59:59.999000+00:00,2021-03-12 00:04:11+00:00,2021-03-12 13:35:15+00:00,2781,0.05151416,0.0516873,0.04905041,0.05004248,1348994991.67,3586026751.88,2021-03-12 23:59:59.999000+00:00,TRON_01_01_2021-01_01_2022_historical_data_coinmarketcap.csv,TRON,2021,3,12,0,23,0,13
2021-03-11 00:00:00+00:00,2021-03-11 23:59:59.999000+00:00,2021-03-11 23:08:12+00:00,2021-03-11 08:20:14+00:00,2781,0.05148376,0.0518394,0.04980892,0.05150626,1375292625.34,3690921168.83,2021-03-11 23:59:59.999000+00:00,TRON_01_01_2021-01_01_2022_historical_data_coinmarketcap.csv,TRON,2021,3,11,0,23,23,8
2021-03-10 00:00:00+00:00,2021-03-10 23:59:59.999000+00:00,2021-03-10 00:25:11+00:00,2021-03-10 02:11:10+00:00,2781,0.053174,0.05333632,0.05088772,0.05151712,1560251406.79,3691699106.5,2021-03-10 23:59:59.999000+00:00,TRON_01_01_2021-01_01_2022_historical_data_coinmarketcap.csv,TRON,2021,3,10,0,23,0,2
2021-03-09 00:00:00+00:00,2021-03-09 23:59:59.999000+00:00,2021-03-09 06:05:12+00:00,2021-03-09 12:55:14+00:00,2781,0.05283968,0.05348119,0.0521335,0.05317286,1369429281.14,3810349001.71,2021-03-09 23:59:59.999000+00:00,TRON_01_01_2021-01_01_2022_historical_data_coinmarketcap.csv,TRON,2021,3,9,0,23,6,12
2021-03-08 00:00:00+00:00,2021-03-08 23:59:59.999000+00:00,2021-03-08 19:34:11+00:00,2021-03-08 09:37:11+00:00,2781,0.05170865,0.05322675,0.05038833,0.05281308,1675275515.06,3784567071.35,2021-03-08 23:59:59.999000+00:00,TRON_01_01_2021-01_01_2022_historical_data_coinmarketcap.csv,TRON,2021,3,8,0,23,19,9
2021-03-07 00:00:00+00:00,2021-03-07 23:59:59.999000+00:00,2021-03-07 23:53:11+00:00,2021-03-07 05:10:13+00:00,2781,0.05028623,0.05182446,0.05012497,0.05172152,1052201573.36,3706346586.9,2021-03-07 23:59:59.999000+00:00,TRON_01_01_2021-01_01_2022_historical_data_coinmarketcap.csv,TRON,2021,3,7,0,23,23,5
2021-03-06 00:00:00+00:00,2021-03-06 23:59:59.999000+00:00,2021-03-06 08:26:11+00:00,2021-03-06 13:31:11+00:00,2781,0.05027442,0.05073849,0.04892695,0.05029012,1188435801.5,3603772801.76,2021-03-06 23:59:59.999000+00:00,TRON_01_01_2021-01_01_2022_historical_data_coinmarketcap.csv,TRON,2021,3,6,0,23,8,13
2021-03-05 00:00:00+00:00,2021-03-05 23:59:59.999000+00:00,2021-03-05 00:01:11+00:00,2021-03-05 01:29:11+00:00,2781,0.05137152,0.05144357,0.04870412,0.05026901,1536724579.98,3602260053.03,2021-03-05 23:59:59.999000+00:00,TRON_01_01_2021-01_01_2022_historical_data_coinmarketcap.csv,TRON,2021,3,5,0,23,0,1
2021-03-04 00:00:00+00:00,2021-03-04 23:59:59.999000+00:00,2021-03-04 14:38:10+00:00,2021-03-04 00:16:10+00:00,2781,0.04905705,0.05333479,0.04857893,0.05138048,2912170556.43,3681907855.67,2021-03-04 23:59:59.999000+00:00,TRON_01_01_2021-01_01_2022_historical_data_coinmarketcap.csv,TRON,2021,3,4,0,23,14,0
2021-03-03 00:00:00+00:00,2021-03-03 23:59:59.999000+00:00,2021-03-03 13:07:11+00:00,2021-03-03 00:13:10+00:00,2781,0.04685508,0.0496336,0.04666864,0.04908238,1291298206.36,3517226550.93,2021-03-03 23:59:59.999000+00:00,TRON_01_01_2021-01_01_2022_historical_data_coinmarketcap.csv,TRON,2021,3,3,0,23,13,0
2021-03-02 00:00:00+00:00,2021-03-02 23:59:59.999000+00:00,2021-03-02 14:31:17+00:00,2021-03-02 19:16:16+00:00,2781,0.04781104,0.04884253,0.04558416,0.04684855,1404555443.49,3357150844.6,2021-03-02 23:59:59.999000+00:00,TRON_01_01_2021-01_01_2022_historical_data_coinmarketcap.csv,TRON,2021,3,2,0,23,14,19
2021-03-01 00:00:00+00:00,2021-03-01 23:59:59.999000+00:00,2021-03-01 16:04:11+00:00,2021-03-01 06:49:10+00:00,2781,0.04565978,0.04809034,0.04514929,0.04781769,1633969210.22,3426599301.22,2021-03-01 23:59:59.999000+00:00,TRON_01_01_2021-01_01_2022_historical_data_coinmarketcap.csv,TRON,2021,3,1,0,23,16,6
2021-02-28 00:00:00+00:00,2021-02-28 23:59:59.999000+00:00,2021-02-28 01:29:10+00:00,2021-02-28 07:43:10+00:00,2781,0.04660569,0.04683517,0.04336332,0.04564734,1696557291.2,3271072800.16,2021-02-28 23:59:59.999000+00:00,TRON_01_01_2021-01_01_2022_historical_data_coinmarketcap.csv,TRON,2021,2,28,0,23,1,7
2021-02-27 00:00:00+00:00,2021-02-27 23:59:59.999000+00:00,2021-02-27 13:49:10+00:00,2021-02-27 00:00:15+00:00,2781,0.04519613,0.04826723,0.04519613,0.04660641,1364941496.56,3339799444.88,2021-02-27 23:59:59.999000+00:00,TRON_01_01_2021-01_01_2022_historical_data_coinmarketcap.csv,TRON,2021,2,27,0,23,13,0
2021-02-26 00:00:00+00:00,2021-02-26 23:59:59.999000+00:00,2021-02-26 17:04:10+00:00,2021-02-26 07:46:10+00:00,2781,0.04525828,0.04679123,0.0426149,0.04517348,1888660788.49,3237115914.51,2021-02-26 23:59:59.999000+00:00,TRON_01_01_2021-01_01_2022_historical_data_coinmarketcap.csv,TRON,2021,2,26,0,23,17,7
2021-02-25 00:00:00+00:00,2021-02-25 23:59:59.999000+00:00,2021-02-25 13:13:11+00:00,2021-02-25 23:52:19+00:00,2781,0.04801775,0.04990805,0.04520075,0.04520516,1421732749.84,3239385951.92,2021-02-25 23:59:59.999000+00:00,TRON_01_01_2021-01_01_2022_historical_data_coinmarketcap.csv,TRON,2021,2,25,0,23,13,23
2021-02-24 00:00:00+00:00,2021-02-24 23:59:59.999000+00:00,2021-02-24 12:37:08+00:00,2021-02-24 00:25:09+00:00,2781,0.04481656,0.04973709,0.04343999,0.04802804,2381928514.65,3441672669.93,2021-02-24 23:59:59.999000+00:00,TRON_01_01_2021-01_01_2022_historical_data_coinmarketcap.csv,TRON,2021,2,24,0,23,12,0
2021-02-23 00:00:00+00:00,2021-02-23 23:59:59.999000+00:00,2021-02-23 00:01:09+00:00,2021-02-23 09:13:09+00:00,2781,0.05436437,0.05439907,0.03877621,0.04478956,3354811856.28,3209604766.93,2021-02-23 23:59:59.999000+00:00,TRON_01_01_2021-01_01_2022_historical_data_coinmarketcap.csv,TRON,2021,2,23,0,23,0,9
2021-02-22 00:00:00+00:00,2021-02-22 23:59:59.999000+00:00,2021-02-22 00:01:09+00:00,2021-02-22 14:20:13+00:00,2781,0.0594593,0.05947825,0.04854567,0.05437612,2903206916.21,3896573997.46,2021-02-22 23:59:59.999000+00:00,TRON_01_01_2021-01_01_2022_historical_data_coinmarketcap.csv,TRON,2021,2,22,0,23,0,14
2021-02-21 00:00:00+00:00,2021-02-21 23:59:59.999000+00:00,2021-02-21 16:28:09+00:00,2021-02-21 00:07:09+00:00,2781,0.05799406,0.06113328,0.05664642,0.05946833,2152212760.94,4261480373.31,2021-02-21 23:59:59.999000+00:00,TRON_01_01_2021-01_01_2022_historical_data_coinmarketcap.csv,TRON,2021,2,21,0,23,16,0
2021-02-20 00:00:00+00:00,2021-02-20 23:59:59.999000+00:00,2021-02-20 14:35:13+00:00,2021-02-20 22:43:09+00:00,2781,0.06097759,0.06347388,0.05577769,0.05804073,3088402641.85,4159178480.32,2021-02-20 23:59:59.999000+00:00,TRON_01_01_2021-01_01_2022_historical_data_coinmarketcap.csv,TRON,2021,2,20,0,23,14,22
2021-02-19 00:00:00+00:00,2021-02-19 23:59:59.999000+00:00,2021-02-19 07:34:09+00:00,2021-02-19 02:10:10+00:00,2781,0.05499377,0.06385036,0.05422741,0.06102993,3547291764.82,4373383625.67,2021-02-19 23:59:59.999000+00:00,TRON_01_01_2021-01_01_2022_historical_data_coinmarketcap.csv,TRON,2021,2,19,0,23,7,2
2021-02-18 00:00:00+00:00,2021-02-18 23:59:59.999000+00:00,2021-02-18 22:07:09+00:00,2021-02-18 12:16:09+00:00,2781,0.05259433,0.05552467,0.05233049,0.05498865,1707823235.91,3940467492.92,2021-02-18 23:59:59.999000+00:00,TRON_01_01_2021-01_01_2022_historical_data_coinmarketcap.csv,TRON,2021,2,18,0,23,22,12
2021-02-17 00:00:00+00:00,2021-02-17 23:59:59.999000+00:00,2021-02-17 14:22:08+00:00,2021-02-17 05:01:08+00:00,2781,0.05219169,0.05372638,0.04914707,0.0526035,2330164000.25,3769548689.34,2021-02-17 23:59:59.999000+00:00,TRON_01_01_2021-01_01_2022_historical_data_coinmarketcap.csv,TRON,2021,2,17,0,23,14,5
2021-02-16 00:00:00+00:00,2021-02-16 23:59:59.999000+00:00,2021-02-16 04:52:09+00:00,2021-02-16 00:37:09+00:00,2781,0.05070184,0.05501138,0.04958511,0.05217425,2771063532.07,3738789071.56,2021-02-16 23:59:59.999000+00:00,TRON_01_01_2021-01_01_2022_historical_data_coinmarketcap.csv,TRON,2021,2,16,0,23,4,0
2021-02-15 00:00:00+00:00,2021-02-15 23:59:59.999000+00:00,2021-02-15 00:18:13+00:00,2021-02-15 02:35:11+00:00,2781,0.05550405,0.05607077,0.04675626,0.05074605,3539421366.25,3636444506.56,2021-02-15 23:59:59.999000+00:00,TRON_01_01_2021-01_01_2022_historical_data_coinmarketcap.csv,TRON,2021,2,15,0,23,0,2
2021-02-14 00:00:00+00:00,2021-02-14 23:59:59.999000+00:00,2021-02-14 00:01:10+00:00,2021-02-14 15:28:09+00:00,2781,0.05961624,0.05992087,0.05253268,0.05554395,3066907831.27,3980260179.2,2021-02-14 23:59:59.999000+00:00,TRON_01_01_2021-01_01_2022_historical_data_coinmarketcap.csv,TRON,2021,2,14,0,23,0,15
2021-02-13 00:00:00+00:00,2021-02-13 23:59:59.999000+00:00,2021-02-13 18:28:10+00:00,2021-02-13 11:13:10+00:00,2781,0.05531553,0.06071932,0.05190342,0.05961609,3469891543.15,4272068251.4,2021-02-13 23:59:59.999000+00:00,TRON_01_01_2021-01_01_2022_historical_data_coinmarketcap.csv,TRON,2021,2,13,0,23,18,11
2021-02-12 00:00:00+00:00,2021-02-12 23:59:59.999000+00:00,2021-02-12 00:04:10+00:00,2021-02-12 14:49:09+00:00,2781,0.05702601,0.05745733,0.05213456,0.05532194,3474527931.1,3964351358.04,2021-02-12 23:59:59.999000+00:00,TRON_01_01_2021-01_01_2022_historical_data_coinmarketcap.csv,TRON,2021,2,12,0,23,0,14
2021-02-11 00:00:00+00:00,2021-02-11 23:59:59.999000+00:00,2021-02-11 23:44:10+00:00,2021-02-11 01:15:11+00:00,2781,0.04616993,0.0586116,0.04477848,0.05706401,3849219974.2,4089187648.23,2021-02-11 23:59:59.999000+00:00,TRON_01_01_2021-01_01_2022_historical_data_coinmarketcap.csv,TRON,2021,2,11,0,23,23,1
2021-02-10 00:00:00+00:00,2021-02-10 23:59:59.999000+00:00,2021-02-10 08:37:10+00:00,2021-02-10 15:50:13+00:00,2781,0.04598947,0.04932178,0.04185437,0.04618917,2971214151.2,3309899903.66,2021-02-10 23:59:59.999000+00:00,TRON_01_01_2021-01_01_2022_historical_data_coinmarketcap.csv,TRON,2021,2,10,0,23,8,15
2021-02-09 00:00:00+00:00,2021-02-09 23:59:59.999000+00:00,2021-02-09 17:13:09+00:00,2021-02-09 00:01:10+00:00,2781,0.04052898,0.04955685,0.04039655,0.04603427,4192383244.27,3298800073.87,2021-02-09 23:59:59.999000+00:00,TRON_01_01_2021-01_01_2022_historical_data_coinmarketcap.csv,TRON,2021,2,9,0,23,17,0
2021-02-08 00:00:00+00:00,2021-02-08 23:59:59.999000+00:00,2021-02-08 19:04:09+00:00,2021-02-08 02:55:10+00:00,2781,0.03595833,0.04166696,0.035317,0.04054574,2844000479.71,2905493836.75,2021-02-08 23:59:59.999000+00:00,TRON_01_01_2021-01_01_2022_historical_data_coinmarketcap.csv,TRON,2021,2,8,0,23,19,2
2021-02-07 00:00:00+00:00,2021-02-07 23:59:59.999000+00:00,2021-02-07 13:13:09+00:00,2021-02-07 04:49:09+00:00,2781,0.03510528,0.03715202,0.03416646,0.0359719,1871100821.05,2577733792.61,2021-02-07 23:59:59.999000+00:00,TRON_01_01_2021-01_01_2022_historical_data_coinmarketcap.csv,TRON,2021,2,7,0,23,13,4
2021-02-06 00:00:00+00:00,2021-02-06 23:59:59.999000+00:00,2021-02-06 00:05:09+00:00,2021-02-06 01:52:09+00:00,2781,0.03624381,0.03626315,0.03369424,0.03510628,1882492650.42,2515703909.88,2021-02-06 23:59:59.999000+00:00,TRON_01_01_2021-01_01_2022_historical_data_coinmarketcap.csv,TRON,2021,2,6,0,23,0,1
2021-02-05 00:00:00+00:00,2021-02-05 23:59:59.999000+00:00,2021-02-05 18:39:10+00:00,2021-02-05 00:13:10+00:00,2781,0.03316762,0.03641616,0.0331074,0.03625571,1696796527.2,2598071432.53,2021-02-05 23:59:59.999000+00:00,TRON_01_01_2021-01_01_2022_historical_data_coinmarketcap.csv,TRON,2021,2,5,0,23,18,0
2021-02-04 00:00:00+00:00,2021-02-04 23:59:59.999000+00:00,2021-02-04 00:04:09+00:00,2021-02-04 09:13:09+00:00,2781,0.03443985,0.03459389,0.03234828,0.03317362,1585497411.34,2377210083.8,2021-02-04 23:59:59.999000+00:00,TRON_01_01_2021-01_01_2022_historical_data_coinmarketcap.csv,TRON,2021,2,4,0,23,0,9
2021-02-03 00:00:00+00:00,2021-02-03 23:59:59.999000+00:00,2021-02-03 22:01:14+00:00,2021-02-03 00:00:10+00:00,2781,0.03315728,0.03511824,0.03315728,0.03443866,1315556226.77,2467862482.68,2021-02-03 23:59:59.999000+00:00,TRON_01_01_2021-01_01_2022_historical_data_coinmarketcap.csv,TRON,2021,2,3,0,23,22,0
2021-02-02 00:00:00+00:00,2021-02-02 23:59:59.999000+00:00,2021-02-02 22:59:09+00:00,2021-02-02 01:49:09+00:00,2781,0.03292984,0.03343117,0.03235497,0.03315322,1453404853.98,2375748449.32,2021-02-02 23:59:59.999000+00:00,TRON_01_01_2021-01_01_2022_historical_data_coinmarketcap.csv,TRON,2021,2,2,0,23,22,1
2021-02-01 00:00:00+00:00,2021-02-01 23:59:59.999000+00:00,2021-02-01 08:46:08+00:00,2021-02-01 00:10:08+00:00,2781,0.03159271,0.03468749,0.03127384,0.03292715,1907823432.27,2359548093.57,2021-02-01 23:59:59.999000+00:00,TRON_01_01_2021-01_01_2022_historical_data_coinmarketcap.csv,TRON,2021,2,1,0,23,8,0
2021-01-31 00:00:00+00:00,2021-01-31 23:59:59.999000+00:00,2021-01-31 11:52:08+00:00,2021-01-31 07:01:08+00:00,2781,0.03203569,0.03453123,0.03103093,0.03160317,1825939147.55,2264672300.14,2021-01-31 23:59:59.999000+00:00,TRON_01_01_2021-01_01_2022_historical_data_coinmarketcap.csv,TRON,2021,1,31,0,23,11,7
2021-01-30 00:00:00+00:00,2021-01-30 23:59:59.999000+00:00,2021-01-30 00:07:08+00:00,2021-01-30 08:56:08+00:00,2781,0.03331499,0.03345029,0.03078599,0.03202773,1966189340.34,2295095886.43,2021-01-30 23:59:59.999000+00:00,TRON_01_01_2021-01_01_2022_historical_data_coinmarketcap.csv,TRON,2021,1,30,0,23,0,8
2021-01-29 00:00:00+00:00,2021-01-29 23:59:59.999000+00:00,2021-01-29 13:58:08+00:00,2021-01-29 03:43:08+00:00,2781,0.03002902,0.04285197,0.02938003,0.03329551,4817781094.46,2385945131.96,2021-01-29 23:59:59.999000+00:00,TRON_01_01_2021-01_01_2022_historical_data_coinmarketcap.csv,TRON,2021,1,29,0,23,13,3
2021-01-28 00:00:00+00:00,2021-01-28 23:59:59.999000+00:00,2021-01-28 22:35:12+00:00,2021-01-28 00:25:08+00:00,2781,0.02832166,0.02994689,0.02806196,0.02964784,765734318.66,2124553837.63,2021-01-28 23:59:59.999000+00:00,TRON_01_01_2021-01_01_2022_historical_data_coinmarketcap.csv,TRON,2021,1,28,0,23,22,0
2021-01-27 00:00:00+00:00,2021-01-27 23:59:59.999000+00:00,2021-01-27 00:01:09+00:00,2021-01-27 14:53:09+00:00,2781,0.02951198,0.02951728,0.02760914,0.02832495,1150116666.69,2029755866.7595892,2021-01-27 23:59:59.999000+00:00,TRON_01_01_2021-01_01_2022_historical_data_coinmarketcap.csv,TRON,2021,1,27,0,23,0,14
2021-01-26 00:00:00+00:00,2021-01-26 23:59:59.999000+00:00,2021-01-26 00:55:10+00:00,2021-01-26 14:48:13+00:00,2781,0.02955053,0.02993992,0.02861071,0.02951282,899192284.76,2114878401.4464412,2021-01-26 23:59:59.999000+00:00,TRON_01_01_2021-01_01_2022_historical_data_coinmarketcap.csv,TRON,2021,1,26,0,23,0,14
2021-01-25 00:00:00+00:00,2021-01-25 23:59:59.999000+00:00,2021-01-25 07:19:09+00:00,2021-01-25 22:32:09+00:00,2781,0.03001595,0.03240224,0.02953601,0.02955827,1443220944.1,2118135293.612991,2021-01-25 23:59:59.999000+00:00,TRON_01_01_2021-01_01_2022_historical_data_coinmarketcap.csv,TRON,2021,1,25,0,23,7,22
2021-01-24 00:00:00+00:00,2021-01-24 23:59:59.999000+00:00,2021-01-24 11:31:09+00:00,2021-01-24 00:07:09+00:00,2781,0.0291939,0.03063691,0.02904151,0.03002034,1013208322.25,2151247381.7205505,2021-01-24 23:59:59.999000+00:00,TRON_01_01_2021-01_01_2022_historical_data_coinmarketcap.csv,TRON,2021,1,24,0,23,11,0
2021-01-23 00:00:00+00:00,2021-01-23 23:59:59.999000+00:00,2021-01-23 21:49:09+00:00,2021-01-23 13:07:09+00:00,2781,0.02862289,0.02943759,0.02816086,0.02918687,911280721.46,2091520853.0525317,2021-01-23 23:59:59.999000+00:00,TRON_01_01_2021-01_01_2022_historical_data_coinmarketcap.csv,TRON,2021,1,23,0,23,21,13
2021-01-22 00:00:00+00:00,2021-01-22 23:59:59.999000+00:00,2021-01-22 19:38:09+00:00,2021-01-22 01:19:08+00:00,2781,0.02769424,0.02894372,0.02643636,0.02863758,1501863627.43,2052159372.2384453,2021-01-22 23:59:59.999000+00:00,TRON_01_01_2021-01_01_2022_historical_data_coinmarketcap.csv,TRON,2021,1,22,0,23,19,1
2021-01-21 00:00:00+00:00,2021-01-21 23:59:59.999000+00:00,2021-01-21 00:04:09+00:00,2021-01-21 23:59:07+00:00,2781,0.03051063,0.03053092,0.02770436,0.02770436,1322491373.24,1985284919.8283396,2021-01-21 23:59:59.999000+00:00,TRON_01_01_2021-01_01_2022_historical_data_coinmarketcap.csv,TRON,2021,1,21,0,23,0,23
2021-01-20 00:00:00+00:00,2021-01-20 23:59:59.999000+00:00,2021-01-20 03:02:09+00:00,2021-01-20 12:04:09+00:00,2781,0.0307712,0.03113716,0.02924435,0.03050712,1172430541.85,2186130026.0231504,2021-01-20 23:59:59.999000+00:00,TRON_01_01_2021-01_01_2022_historical_data_coinmarketcap.csv,TRON,2021,1,20,0,23,3,12
2021-01-19 00:00:00+00:00,2021-01-19 23:59:59.999000+00:00,2021-01-19 08:49:09+00:00,2021-01-19 19:46:14+00:00,2781,0.03161975,0.0321963,0.03075413,0.0307922,1107368898.61,2206558677.282031,2021-01-19 23:59:59.999000+00:00,TRON_01_01_2021-01_01_2022_historical_data_coinmarketcap.csv,TRON,2021,1,19,0,23,8,19
2021-01-18 00:00:00+00:00,2021-01-18 23:59:59.999000+00:00,2021-01-18 12:07:09+00:00,2021-01-18 03:55:10+00:00,2781,0.03014994,0.03214085,0.02974534,0.03161753,1114043434.73,2265701654.588759,2021-01-18 23:59:59.999000+00:00,TRON_01_01_2021-01_01_2022_historical_data_coinmarketcap.csv,TRON,2021,1,18,0,23,12,3
2021-01-17 00:00:00+00:00,2021-01-17 23:59:59.999000+00:00,2021-01-17 02:01:08+00:00,2021-01-17 10:04:08+00:00,2781,0.03014413,0.03058307,0.02925707,0.03014067,1011001495.71,2159870004.6008887,2021-01-17 23:59:59.999000+00:00,TRON_01_01_2021-01_01_2022_historical_data_coinmarketcap.csv,TRON,2021,1,17,0,23,2,10
2021-01-16 00:00:00+00:00,2021-01-16 23:59:59.999000+00:00,2021-01-16 13:17:08+00:00,2021-01-16 02:58:08+00:00,2781,0.02978166,0.03104615,0.02952817,0.03015329,1279285483.23,2160774139.3492785,2021-01-16 23:59:59.999000+00:00,TRON_01_01_2021-01_01_2022_historical_data_coinmarketcap.csv,TRON,2021,1,16,0,23,13,2
2021-01-15 00:00:00+00:00,2021-01-15 23:59:59.999000+00:00,2021-01-15 14:07:08+00:00,2021-01-15 16:11:19+00:00,2781,0.03002896,0.03127743,0.02861821,0.0297898,1414993857.11,2134727143.1867085,2021-01-15 23:59:59.999000+00:00,TRON_01_01_2021-01_01_2022_historical_data_coinmarketcap.csv,TRON,2021,1,15,0,23,14,16
2021-01-14 00:00:00+00:00,2021-01-14 23:59:59.999000+00:00,2021-01-14 00:11:08+00:00,2021-01-14 05:43:08+00:00,2781,0.03019841,0.03093253,0.02938452,0.03000966,1226382495.8,2150481750.080024,2021-01-14 23:59:59.999000+00:00,TRON_01_01_2021-01_01_2022_historical_data_coinmarketcap.csv,TRON,2021,1,14,0,23,0,5
2021-01-13 00:00:00+00:00,2021-01-13 23:59:59.999000+00:00,2021-01-13 23:59:08+00:00,2021-01-13 01:30:09+00:00,2781,0.02855299,0.03019611,0.0278329,0.03019611,1188664735.06,2163843062.314028,2021-01-13 23:59:59.999000+00:00,TRON_01_01_2021-01_01_2022_historical_data_coinmarketcap.csv,TRON,2021,1,13,0,23,23,1
2021-01-12 00:00:00+00:00,2021-01-12 23:59:59.999000+00:00,2021-01-12 07:43:09+00:00,2021-01-12 14:37:08+00:00,2781,0.02895568,0.03030882,0.02802461,0.02855788,1940236520.91,2046447987.2052732,2021-01-12 23:59:59.999000+00:00,TRON_01_01_2021-01_01_2022_historical_data_coinmarketcap.csv,TRON,2021,1,12,0,23,7,14
2021-01-11 00:00:00+00:00,2021-01-11 23:59:59.999000+00:00,2021-01-11 00:00:08+00:00,2021-01-11 16:47:07+00:00,2781,0.03292533,0.03292533,0.02710893,0.02896345,1859950567.09,2075510950.4255228,2021-01-11 23:59:59.999000+00:00,TRON_01_01_2021-01_01_2022_historical_data_coinmarketcap.csv,TRON,2021,1,11,0,23,0,16
2021-01-10 00:00:00+00:00,2021-01-10 23:59:59.999000+00:00,2021-01-10 06:17:08+00:00,2021-01-10 20:31:08+00:00,2781,0.0340327,0.03670608,0.03146205,0.03293481,2238339640.03,2360097139.080241,2021-01-10 23:59:59.999000+00:00,TRON_01_01_2021-01_01_2022_historical_data_coinmarketcap.csv,TRON,2021,1,10,0,23,6,20
2021-01-09 00:00:00+00:00,2021-01-09 23:59:59.999000+00:00,2021-01-09 19:01:08+00:00,2021-01-09 01:10:09+00:00,2781,0.03060777,0.03561819,0.02970072,0.03402566,1942464522.97,2438267022.2086754,2021-01-09 23:59:59.999000+00:00,TRON_01_01_2021-01_01_2022_historical_data_coinmarketcap.csv,TRON,2021,1,9,0,23,19,1
2021-01-08 00:00:00+00:00,2021-01-08 23:59:59.999000+00:00,2021-01-08 11:10:11+00:00,2021-01-08 02:46:09+00:00,2781,0.03107984,0.03127231,0.02893729,0.03061259,1816169855.62,2193687366.414208,2021-01-08 23:59:59.999000+00:00,TRON_01_01_2021-01_01_2022_historical_data_coinmarketcap.csv,TRON,2021,1,8,0,23,11,2
2021-01-07 00:00:00+00:00,2021-01-07 23:59:59.999000+00:00,2021-01-07 14:07:08+00:00,2021-01-07 00:13:07+00:00,2781,0.03052792,0.03332967,0.03016682,0.03106756,2184194025.1,2226290620.551907,2021-01-07 23:59:59.999000+00:00,TRON_01_01_2021-01_01_2022_historical_data_coinmarketcap.csv,TRON,2021,1,7,0,23,14,0
2021-01-06 00:00:00+00:00,2021-01-06 23:59:59.999000+00:00,2021-01-06 13:04:07+00:00,2021-01-06 01:35:08+00:00,2781,0.02863826,0.03093945,0.02802645,0.0305147,1636410062.65,2186672616.3100963,2021-01-06 23:59:59.999000+00:00,TRON_01_01_2021-01_01_2022_historical_data_coinmarketcap.csv,TRON,2021,1,6,0,23,13,1
2021-01-05 00:00:00+00:00,2021-01-05 23:59:59.999000+00:00,2021-01-05 00:01:07+00:00,2021-01-05 02:38:07+00:00,2781,0.03083979,0.03089622,0.02724521,0.0286322,1715256507.84,2051773562.1666944,2021-01-05 23:59:59.999000+00:00,TRON_01_01_2021-01_01_2022_historical_data_coinmarketcap.csv,TRON,2021,1,5,0,23,0,2
2021-01-04 00:00:00+00:00,2021-01-04 23:59:59.999000+00:00,2021-01-04 06:29:07+00:00,2021-01-04 10:21:08+00:00,2781,0.0295256,0.03217393,0.02726633,0.03085277,1768802419.99,2210899235.147349,2021-01-04 23:59:59.999000+00:00,TRON_01_01_2021-01_01_2022_historical_data_coinmarketcap.csv,TRON,2021,1,4,0,23,6,10
2021-01-03 00:00:00+00:00,2021-01-03 23:59:59.999000+00:00,2021-01-03 23:43:07+00:00,2021-01-03 08:15:10+00:00,2781,0.02722564,0.03002305,0.02660578,0.02949452,1496675629.12,2113567006.579826,2021-01-03 23:59:59.999000+00:00,TRON_01_01_2021-01_01_2022_historical_data_coinmarketcap.csv,TRON,2021,1,3,0,23,23,8
2021-01-02 00:00:00+00:00,2021-01-02 23:59:59.999000+00:00,2021-01-02 19:46:09+00:00,2021-01-02 01:16:08+00:00,2781,0.02693398,0.02791571,0.02661393,0.02721922,980910323.88,1950520169.5318391,2021-01-02 23:59:59.999000+00:00,TRON_01_01_2021-01_01_2022_historical_data_coinmarketcap.csv,TRON,2021,1,2,0,23,19,1
2021-01-01 00:00:00+00:00,2021-01-01 23:59:59.999000+00:00,2021-01-01 14:43:08+00:00,2021-01-01 00:16:08+00:00,2781,0.02683065,0.02733228,0.0265773,0.02693957,740550356.39,1930480208.2789793,2021-01-01 23:59:59.999000+00:00,TRON_01_01_2021-01_01_2022_historical_data_coinmarketcap.csv,TRON,2021,1,1,0,23,14,0
2022-12-31 00:00:00+00:00,2022-12-31 23:59:59.999000+00:00,2022-12-31 02:43:00+00:00,2022-12-31 00:16:00+00:00,2781,0.0543757679,0.055041523,0.0543639767,0.0545000494,128634359.48,5012006848.02,2022-12-31 23:59:59.999000+00:00,TRON_01_01_2022-01_01_2023_historical_data_coinmarketcap.csv,TRON,2022,12,31,0,23,2,0
2022-12-30 00:00:00+00:00,2022-12-30 23:59:59.999000+00:00,2022-12-30 21:04:00+00:00,2022-12-30 04:37:00+00:00,2781,0.0540129275,0.0544449112,0.0536470094,0.0543742659,160347942.91,5000631445.31,2022-12-30 23:59:59.999000+00:00,TRON_01_01_2022-01_01_2023_historical_data_coinmarketcap.csv,TRON,2022,12,30,0,23,21,4
2022-12-29 00:00:00+00:00,2022-12-29 23:59:59.999000+00:00,2022-12-29 16:28:00+00:00,2022-12-29 21:22:00+00:00,2781,0.0541451617,0.0544633998,0.0533331119,0.0540137021,159780713.98,4967751618.22,2022-12-29 23:59:59.999000+00:00,TRON_01_01_2022-01_01_2023_historical_data_coinmarketcap.csv,TRON,2022,12,29,0,23,16,21
2022-12-28 00:00:00+00:00,2022-12-28 23:59:59.999000+00:00,2022-12-28 21:04:00+00:00,2022-12-28 06:04:00+00:00,2781,0.0541048798,0.0546023515,0.0533746051,0.0541451238,165230958.05,4980109499.4,2022-12-28 23:59:59.999000+00:00,TRON_01_01_2022-01_01_2023_historical_data_coinmarketcap.csv,TRON,2022,12,28,0,23,21,6
2022-12-27 00:00:00+00:00,2022-12-27 23:59:59.999000+00:00,2022-12-27 01:18:00+00:00,2022-12-27 17:46:00+00:00,2781,0.054554724,0.0546896642,0.0537838751,0.054106035,146077040.92,4976781968.46,2022-12-27 23:59:59.999000+00:00,TRON_01_01_2022-01_01_2023_historical_data_coinmarketcap.csv,TRON,2022,12,27,0,23,1,17
2022-12-26 00:00:00+00:00,2022-12-26 23:59:59.999000+00:00,2022-12-26 07:28:00+00:00,2022-12-26 18:58:00+00:00,2781,0.0548193845,0.0550002422,0.0543456052,0.0545515022,116647160.37,5018011904.17,2022-12-26 23:59:59.999000+00:00,TRON_01_01_2022-01_01_2023_historical_data_coinmarketcap.csv,TRON,2022,12,26,0,23,7,18
2022-12-25 00:00:00+00:00,2022-12-25 23:59:59.999000+00:00,2022-12-25 21:58:00+00:00,2022-12-25 14:43:00+00:00,2781,0.0547409071,0.0548637071,0.0542585039,0.0548140099,112729217.63,5042409485.28,2022-12-25 23:59:59.999000+00:00,TRON_01_01_2022-01_01_2023_historical_data_coinmarketcap.csv,TRON,2022,12,25,0,23,21,14
2022-12-24 00:00:00+00:00,2022-12-24 23:59:59.999000+00:00,2022-12-24 21:34:00+00:00,2022-12-24 02:02:00+00:00,2781,0.0542344155,0.054808065,0.0541266324,0.0547423041,101569504.5,5035944625.86,2022-12-24 23:59:59.999000+00:00,TRON_01_01_2022-01_01_2023_historical_data_coinmarketcap.csv,TRON,2022,12,24,0,23,21,2
2022-12-23 00:00:00+00:00,2022-12-23 23:59:59.999000+00:00,2022-12-23 03:15:00+00:00,2022-12-23 23:30:00+00:00,2781,0.0555538167,0.0556761498,0.0541897519,0.054235876,149471811.06,4989530390.35,2022-12-23 23:59:59.999000+00:00,TRON_01_01_2022-01_01_2023_historical_data_coinmarketcap.csv,TRON,2022,12,23,0,23,3,23
2022-12-22 00:00:00+00:00,2022-12-22 23:59:59.999000+00:00,2022-12-22 22:20:00+00:00,2022-12-22 18:37:00+00:00,2781,0.0548568964,0.055769918,0.0546848267,0.0555521918,162724425.56,5110903706.42,2022-12-22 23:59:59.999000+00:00,TRON_01_01_2022-01_01_2023_historical_data_coinmarketcap.csv,TRON,2022,12,22,0,23,22,18
2022-12-21 00:00:00+00:00,2022-12-21 23:59:59.999000+00:00,2022-12-21 10:44:00+00:00,2022-12-21 21:10:00+00:00,2781,0.054985959,0.0554153606,0.054628642,0.0548471813,137005093.77,5046332759.94,2022-12-21 23:59:59.999000+00:00,TRON_01_01_2022-01_01_2023_historical_data_coinmarketcap.csv,TRON,2022,12,21,0,23,10,21
2022-12-20 00:00:00+00:00,2022-12-20 23:59:59.999000+00:00,2022-12-20 23:04:00+00:00,2022-12-20 00:16:00+00:00,2781,0.0536319183,0.055164353,0.0535603786,0.0549853554,184653753.98,5059337737.89,2022-12-20 23:59:59.999000+00:00,TRON_01_01_2022-01_01_2023_historical_data_coinmarketcap.csv,TRON,2022,12,20,0,23,23,0
2022-12-19 00:00:00+00:00,2022-12-19 23:59:59.999000+00:00,2022-12-19 03:28:00+00:00,2022-12-19 22:38:00+00:00,2781,0.0537906238,0.0542203649,0.0532641256,0.053632061,187707441.86,4935128369.68,2022-12-19 23:59:59.999000+00:00,TRON_01_01_2022-01_01_2023_historical_data_coinmarketcap.csv,TRON,2022,12,19,0,23,3,22
2022-12-18 00:00:00+00:00,2022-12-18 23:59:59.999000+00:00,2022-12-18 02:47:00+00:00,2022-12-18 08:02:00+00:00,2781,0.0548679961,0.0550564483,0.0534420114,0.0537876022,167766397.53,4949745275.6,2022-12-18 23:59:59.999000+00:00,TRON_01_01_2022-01_01_2023_historical_data_coinmarketcap.csv,TRON,2022,12,18,0,23,2,8
2022-12-17 00:00:00+00:00,2022-12-17 23:59:59.999000+00:00,2022-12-17 23:57:00+00:00,2022-12-17 02:32:00+00:00,2781,0.052966647,0.0548881346,0.0520717313,0.0548707946,225983901.33,5049579870.11,2022-12-17 23:59:59.999000+00:00,TRON_01_01_2022-01_01_2023_historical_data_coinmarketcap.csv,TRON,2022,12,17,0,23,23,2
2022-12-16 00:00:00+00:00,2022-12-16 23:59:59.999000+00:00,2022-12-16 00:56:00+00:00,2022-12-16 23:35:00+00:00,2781,0.0557731974,0.0561015083,0.0527252331,0.0529553394,240564734.88,4873559302.94,2022-12-16 23:59:59.999000+00:00,TRON_01_01_2022-01_01_2023_historical_data_coinmarketcap.csv,TRON,2022,12,16,0,23,0,23
2022-12-15 00:00:00+00:00,2022-12-15 23:59:59.999000+00:00,2022-12-15 05:31:00+00:00,2022-12-15 01:56:00+00:00,2781,0.0556602285,0.0560265476,0.0552304577,0.0557735902,199442911.9,5133251295.51,2022-12-15 23:59:59.999000+00:00,TRON_01_01_2022-01_01_2023_historical_data_coinmarketcap.csv,TRON,2022,12,15,0,23,5,1
2022-12-14 00:00:00+00:00,2022-12-14 23:59:59.999000+00:00,2022-12-14 16:59:00+00:00,2022-12-14 00:00:00+00:00,2781,0.0544344361,0.0574178612,0.0544344361,0.055252007,283539887.1,5085581296.43,2022-12-14 23:59:59.999000+00:00,TRON_01_01_2022-01_01_2023_historical_data_coinmarketcap.csv,TRON,2022,12,14,0,23,16,0
2022-12-13 00:00:00+00:00,2022-12-13 23:59:59.999000+00:00,2022-12-13 23:32:00+00:00,2022-12-13 07:25:00+00:00,2781,0.0535003729,0.0544713664,0.0525916548,0.0544328729,261654718.87,5010624828.22,2022-12-13 23:59:59.999000+00:00,TRON_01_01_2022-01_01_2023_historical_data_coinmarketcap.csv,TRON,2022,12,13,0,23,23,7
2022-12-12 00:00:00+00:00,2022-12-12 23:59:59.999000+00:00,2022-12-12 00:00:00+00:00,2022-12-12 08:13:00+00:00,2781,0.0539491525,0.0539491525,0.0521086344,0.0535045949,253168877.66,4925544983.05,2022-12-12 23:59:59.999000+00:00,TRON_01_01_2022-01_01_2023_historical_data_coinmarketcap.csv,TRON,2022,12,12,0,23,0,8
2022-12-11 00:00:00+00:00,2022-12-11 23:59:59.999000+00:00,2022-12-11 01:17:00+00:00,2022-12-11 23:01:00+00:00,2781,0.0547947904,0.0549322097,0.0538035008,0.0539506387,119167445.54,4967059822.05,2022-12-11 23:59:59.999000+00:00,TRON_01_01_2022-01_01_2023_historical_data_coinmarketcap.csv,TRON,2022,12,11,0,23,1,23
2022-12-10 00:00:00+00:00,2022-12-10 23:59:59.999000+00:00,2022-12-10 16:53:00+00:00,2022-12-10 00:00:00+00:00,2781,0.0546509424,0.0552895707,0.0546509424,0.0547902547,159988845.91,5044602843.56,2022-12-10 23:59:59.999000+00:00,TRON_01_01_2022-01_01_2023_historical_data_coinmarketcap.csv,TRON,2022,12,10,0,23,16,0
2022-12-09 00:00:00+00:00,2022-12-09 23:59:59.999000+00:00,2022-12-09 12:43:00+00:00,2022-12-09 04:22:00+00:00,2781,0.054487561,0.0549916936,0.0543097693,0.0546526886,175235858.76,5032923762.24,2022-12-09 23:59:59.999000+00:00,TRON_01_01_2022-01_01_2023_historical_data_coinmarketcap.csv,TRON,2022,12,9,0,23,12,4
2022-12-08 00:00:00+00:00,2022-12-08 23:59:59.999000+00:00,2022-12-08 23:59:00+00:00,2022-12-08 00:49:00+00:00,2781,0.0531093779,0.0544920754,0.0530229739,0.0544920754,164264331.87,5018466721.67,2022-12-08 23:59:59.999000+00:00,TRON_01_01_2022-01_01_2023_historical_data_coinmarketcap.csv,TRON,2022,12,8,0,23,23,0
2022-12-07 00:00:00+00:00,2022-12-07 23:59:59.999000+00:00,2022-12-07 00:00:00+00:00,2022-12-07 08:04:00+00:00,2781,0.0536582592,0.0536582592,0.0525110242,0.0531088518,193776336.04,4891452818.62,2022-12-07 23:59:59.999000+00:00,TRON_01_01_2022-01_01_2023_historical_data_coinmarketcap.csv,TRON,2022,12,7,0,23,0,8
2022-12-06 00:00:00+00:00,2022-12-06 23:59:59.999000+00:00,2022-12-06 23:37:00+00:00,2022-12-06 11:22:00+00:00,2781,0.0533070409,0.05368998,0.0526859913,0.0536619566,193239705.36,4942659040.8,2022-12-06 23:59:59.999000+00:00,TRON_01_01_2022-01_01_2023_historical_data_coinmarketcap.csv,TRON,2022,12,6,0,23,23,11
2022-12-05 00:00:00+00:00,2022-12-05 23:59:59.999000+00:00,2022-12-05 10:27:00+00:00,2022-12-05 00:26:00+00:00,2781,0.0531902763,0.0537163893,0.0530600564,0.0533051672,216644848.0,4910118794.94,2022-12-05 23:59:59.999000+00:00,TRON_01_01_2022-01_01_2023_historical_data_coinmarketcap.csv,TRON,2022,12,5,0,23,10,0
2022-12-04 00:00:00+00:00,2022-12-04 23:59:59.999000+00:00,2022-12-04 02:46:00+00:00,2022-12-04 14:35:00+00:00,2781,0.053637921,0.0540959754,0.0530062001,0.0531935468,179442292.1,4900297679.05,2022-12-04 23:59:59.999000+00:00,TRON_01_01_2022-01_01_2023_historical_data_coinmarketcap.csv,TRON,2022,12,4,0,23,2,14
2022-12-03 00:00:00+00:00,2022-12-03 23:59:59.999000+00:00,2022-12-03 00:17:00+00:00,2022-12-03 23:37:00+00:00,2781,0.0544263144,0.054546671,0.0535836627,0.0536378594,150496347.63,4941468178.66,2022-12-03 23:59:59.999000+00:00,TRON_01_01_2022-01_01_2023_historical_data_coinmarketcap.csv,TRON,2022,12,3,0,23,0,23
2022-12-02 00:00:00+00:00,2022-12-02 23:59:59.999000+00:00,2022-12-02 11:43:00+00:00,2022-12-02 04:17:00+00:00,2781,0.0541586114,0.0544455892,0.0538857068,0.0544213934,176550181.42,5013784128.07,2022-12-02 23:59:59.999000+00:00,TRON_01_01_2022-01_01_2023_historical_data_coinmarketcap.csv,TRON,2022,12,2,0,23,11,4
2022-12-01 00:00:00+00:00,2022-12-01 23:59:59.999000+00:00,2022-12-01 10:40:00+00:00,2022-12-01 21:10:00+00:00,2781,0.0546254846,0.0549623368,0.0540844478,0.0541536679,197459343.41,4989344602.84,2022-12-01 23:59:59.999000+00:00,TRON_01_01_2022-01_01_2023_historical_data_coinmarketcap.csv,TRON,2022,12,1,0,23,10,21
2022-11-30 00:00:00+00:00,2022-11-30 23:59:59.999000+00:00,2022-11-30 23:28:00+00:00,2022-11-30 00:01:00+00:00,2781,0.0533137111,0.0547379682,0.0533080199,0.0546253453,222788975.7,5033127278.38,2022-11-30 23:59:59.999000+00:00,TRON_01_01_2022-01_01_2023_historical_data_coinmarketcap.csv,TRON,2022,11,30,0,23,23,0
2022-11-29 00:00:00+00:00,2022-11-29 23:59:59.999000+00:00,2022-11-29 08:44:00+00:00,2022-11-29 00:16:00+00:00,2781,0.0530341589,0.0542825954,0.052880464,0.053312846,238145015.83,4912455564.11,2022-11-29 23:59:59.999000+00:00,TRON_01_01_2022-01_01_2023_historical_data_coinmarketcap.csv,TRON,2022,11,29,0,23,8,0
2022-11-28 00:00:00+00:00,2022-11-28 23:59:59.999000+00:00,2022-11-28 00:55:00+00:00,2022-11-28 02:10:00+00:00,2781,0.0532261758,0.0539102616,0.0520938049,0.0530310867,286606538.61,4886724887.79,2022-11-28 23:59:59.999000+00:00,TRON_01_01_2022-01_01_2023_historical_data_coinmarketcap.csv,TRON,2022,11,28,0,23,0,2
2022-11-27 00:00:00+00:00,2022-11-27 23:59:59.999000+00:00,2022-11-27 21:36:00+00:00,2022-11-27 00:00:00+00:00,2781,0.0527856861,0.0540863098,0.0527856861,0.0532373543,201816034.53,4905912200.71,2022-11-27 23:59:59.999000+00:00,TRON_01_01_2022-01_01_2023_historical_data_coinmarketcap.csv,TRON,2022,11,27,0,23,21,0
2022-11-26 00:00:00+00:00,2022-11-26 23:59:59.999000+00:00,2022-11-26 10:18:00+00:00,2022-11-26 22:50:00+00:00,2781,0.052955493,0.0535748921,0.05256955,0.0527875107,214200709.44,4864546558.84,2022-11-26 23:59:59.999000+00:00,TRON_01_01_2022-01_01_2023_historical_data_coinmarketcap.csv,TRON,2022,11,26,0,23,10,22
2022-11-25 00:00:00+00:00,2022-11-25 23:59:59.999000+00:00,2022-11-25 11:22:00+00:00,2022-11-25 02:10:00+00:00,2781,0.0528820281,0.0532392796,0.0521190047,0.0529548554,275859172.33,4880073201.64,2022-11-25 23:59:59.999000+00:00,TRON_01_01_2022-01_01_2023_historical_data_coinmarketcap.csv,TRON,2022,11,25,0,23,11,2
2022-11-24 00:00:00+00:00,2022-11-24 23:59:59.999000+00:00,2022-11-24 19:28:00+00:00,2022-11-24 01:16:00+00:00,2781,0.0517392447,0.053556052,0.0514666052,0.0528881388,396895080.33,4874102825.79,2022-11-24 23:59:59.999000+00:00,TRON_01_01_2022-01_01_2023_historical_data_coinmarketcap.csv,TRON,2022,11,24,0,23,19,1
2022-11-23 00:00:00+00:00,2022-11-23 23:59:59.999000+00:00,2022-11-23 23:52:00+00:00,2022-11-23 01:31:00+00:00,2781,0.0506242359,0.0517848612,0.0502581125,0.05173707,404275672.09,4768223556.88,2022-11-23 23:59:59.999000+00:00,TRON_01_01_2022-01_01_2023_historical_data_coinmarketcap.csv,TRON,2022,11,23,0,23,23,1
2022-11-22 00:00:00+00:00,2022-11-22 23:59:59.999000+00:00,2022-11-22 01:02:00+00:00,2022-11-22 09:34:00+00:00,2781,0.0514007334,0.0524493603,0.0491153408,0.0506246194,659551824.67,4665879258.17,2022-11-22 23:59:59.999000+00:00,TRON_01_01_2022-01_01_2023_historical_data_coinmarketcap.csv,TRON,2022,11,22,0,23,1,9
2022-11-21 00:00:00+00:00,2022-11-21 23:59:59.999000+00:00,2022-11-21 14:55:00+00:00,2022-11-21 02:25:00+00:00,2781,0.0500324385,0.0514308275,0.0493611655,0.0514076027,513977625.6,4738228724.19,2022-11-21 23:59:59.999000+00:00,TRON_01_01_2022-01_01_2023_historical_data_coinmarketcap.csv,TRON,2022,11,21,0,23,14,2
2022-11-20 00:00:00+00:00,2022-11-20 23:59:59.999000+00:00,2022-11-20 00:59:00+00:00,2022-11-20 23:11:00+00:00,2781,0.0521631394,0.0523622864,0.0498657001,0.0500359312,270430039.53,4612003655.87,2022-11-20 23:59:59.999000+00:00,TRON_01_01_2022-01_01_2023_historical_data_coinmarketcap.csv,TRON,2022,11,20,0,23,0,23
2022-11-19 00:00:00+00:00,2022-11-19 23:59:59.999000+00:00,2022-11-19 16:32:00+00:00,2022-11-19 02:38:00+00:00,2781,0.0506645637,0.0525283601,0.0505746458,0.0521621439,319861069.64,4808164209.64,2022-11-19 23:59:59.999000+00:00,TRON_01_01_2022-01_01_2023_historical_data_coinmarketcap.csv,TRON,2022,11,19,0,23,16,2
2022-11-18 00:00:00+00:00,2022-11-18 23:59:59.999000+00:00,2022-11-18 03:07:00+00:00,2022-11-18 00:01:00+00:00,2781,0.0500453445,0.0509737237,0.0500397644,0.0506656541,283468071.5,4670413211.16,2022-11-18 23:59:59.999000+00:00,TRON_01_01_2022-01_01_2023_historical_data_coinmarketcap.csv,TRON,2022,11,18,0,23,3,0
2022-11-17 00:00:00+00:00,2022-11-17 23:59:59.999000+00:00,2022-11-17 02:47:00+00:00,2022-11-17 13:24:00+00:00,2781,0.0502076716,0.050366277,0.0490387606,0.0500456539,332743394.0,4613472462.85,2022-11-17 23:59:59.999000+00:00,TRON_01_01_2022-01_01_2023_historical_data_coinmarketcap.csv,TRON,2022,11,17,0,23,2,13
2022-11-16 00:00:00+00:00,2022-11-16 23:59:59.999000+00:00,2022-11-16 08:49:00+00:00,2022-11-16 19:23:00+00:00,2781,0.0506705401,0.0511602681,0.0496025658,0.050208011,400076924.48,4628761217.57,2022-11-16 23:59:59.999000+00:00,TRON_01_01_2022-01_01_2023_historical_data_coinmarketcap.csv,TRON,2022,11,16,0,23,8,19
2022-11-15 00:00:00+00:00,2022-11-15 23:59:59.999000+00:00,2022-11-15 13:35:00+00:00,2022-11-15 01:05:00+00:00,2781,0.0501120341,0.0515766076,0.0494958175,0.0506707682,482268226.44,4671711310.9,2022-11-15 23:59:59.999000+00:00,TRON_01_01_2022-01_01_2023_historical_data_coinmarketcap.csv,TRON,2022,11,15,0,23,13,1
2022-11-14 00:00:00+00:00,2022-11-14 23:59:59.999000+00:00,2022-11-14 13:31:00+00:00,2022-11-14 04:49:00+00:00,2781,0.05088707,0.0524639696,0.0457984723,0.0501136678,1022630202.37,4620584900.81,2022-11-14 23:59:59.999000+00:00,TRON_01_01_2022-01_01_2023_historical_data_coinmarketcap.csv,TRON,2022,11,14,0,23,13,4
2022-11-13 00:00:00+00:00,2022-11-13 23:59:59.999000+00:00,2022-11-13 01:47:00+00:00,2022-11-13 17:35:00+00:00,2781,0.0549527631,0.0561642592,0.0506054007,0.0508914333,656554022.52,4692496380.27,2022-11-13 23:59:59.999000+00:00,TRON_01_01_2022-01_01_2023_historical_data_coinmarketcap.csv,TRON,2022,11,13,0,23,1,17
2022-11-12 00:00:00+00:00,2022-11-12 23:59:59.999000+00:00,2022-11-12 00:04:00+00:00,2022-11-12 06:35:00+00:00,2781,0.0558798208,0.0559809061,0.0530583647,0.0549493518,436532707.61,5066783763.5,2022-11-12 23:59:59.999000+00:00,TRON_01_01_2022-01_01_2023_historical_data_coinmarketcap.csv,TRON,2022,11,12,0,23,0,6
2022-11-11 00:00:00+00:00,2022-11-11 23:59:59.999000+00:00,2022-11-11 01:23:00+00:00,2022-11-11 17:38:00+00:00,2781,0.0577208151,0.0579245215,0.0544775485,0.0558704724,632540724.36,5151878168.7,2022-11-11 23:59:59.999000+00:00,TRON_01_01_2022-01_01_2023_historical_data_coinmarketcap.csv,TRON,2022,11,11,0,23,1,17
2022-11-10 00:00:00+00:00,2022-11-10 23:59:59.999000+00:00,2022-11-10 17:50:00+00:00,2022-11-10 00:11:00+00:00,2781,0.0535311139,0.0604028656,0.0527701919,0.0577242328,1717038445.12,5323070253.44,2022-11-10 23:59:59.999000+00:00,TRON_01_01_2022-01_01_2023_historical_data_coinmarketcap.csv,TRON,2022,11,10,0,23,17,0
2022-11-09 00:00:00+00:00,2022-11-09 23:59:59.999000+00:00,2022-11-09 05:43:00+00:00,2022-11-09 23:38:00+00:00,2781,0.0587588328,0.0645781535,0.0530772558,0.0535377121,1840550751.99,4937289889.64,2022-11-09 23:59:59.999000+00:00,TRON_01_01_2022-01_01_2023_historical_data_coinmarketcap.csv,TRON,2022,11,9,0,23,5,23
2022-11-08 00:00:00+00:00,2022-11-08 23:59:59.999000+00:00,2022-11-08 16:39:00+00:00,2022-11-08 19:35:00+00:00,2781,0.062268832,0.0629339137,0.0571684342,0.0587625264,934087523.0,5419442895.0,2022-11-08 23:59:59.999000+00:00,TRON_01_01_2022-01_01_2023_historical_data_coinmarketcap.csv,TRON,2022,11,8,0,23,16,19
2022-11-07 00:00:00+00:00,2022-11-07 23:59:59.999000+00:00,2022-11-07 02:43:00+00:00,2022-11-07 22:43:00+00:00,2781,0.0627496788,0.0629658509,0.0619025881,0.0622799945,348936353.88,5744154960.15,2022-11-07 23:59:59.999000+00:00,TRON_01_01_2022-01_01_2023_historical_data_coinmarketcap.csv,TRON,2022,11,7,0,23,2,22
2022-11-06 00:00:00+00:00,2022-11-06 23:59:59.999000+00:00,2022-11-06 10:38:00+00:00,2022-11-06 23:45:00+00:00,2781,0.0635951367,0.0652367922,0.0626807618,0.062753367,392399490.44,5788111160.87,2022-11-06 23:59:59.999000+00:00,TRON_01_01_2022-01_01_2023_historical_data_coinmarketcap.csv,TRON,2022,11,6,0,23,10,23
2022-11-05 00:00:00+00:00,2022-11-05 23:59:59.999000+00:00,2022-11-05 01:25:00+00:00,2022-11-05 23:13:00+00:00,2781,0.0637549046,0.0646843208,0.0634524602,0.0635909268,370671030.44,5865560498.95,2022-11-05 23:59:59.999000+00:00,TRON_01_01_2022-01_01_2023_historical_data_coinmarketcap.csv,TRON,2022,11,5,0,23,1,23
2022-11-04 00:00:00+00:00,2022-11-04 23:59:59.999000+00:00,2022-11-04 23:59:00+00:00,2022-11-04 00:12:00+00:00,2781,0.0617711514,0.0637533013,0.0615983338,0.0637533013,356635032.0,5880740222.5,2022-11-04 23:59:59.999000+00:00,TRON_01_01_2022-01_01_2023_historical_data_coinmarketcap.csv,TRON,2022,11,4,0,23,23,0
2022-11-03 00:00:00+00:00,2022-11-03 23:59:59.999000+00:00,2022-11-03 10:07:00+00:00,2022-11-03 00:07:00+00:00,2781,0.0615630573,0.0624023266,0.0615072446,0.0617886099,335386202.79,5699746099.74,2022-11-03 23:59:59.999000+00:00,TRON_01_01_2022-01_01_2023_historical_data_coinmarketcap.csv,TRON,2022,11,3,0,23,10,0
2022-11-02 00:00:00+00:00,2022-11-02 23:59:59.999000+00:00,2022-11-02 05:06:00+00:00,2022-11-02 22:56:00+00:00,2781,0.0628128118,0.0629934994,0.061513384,0.0615614888,394994111.56,5679052028.56,2022-11-02 23:59:59.999000+00:00,TRON_01_01_2022-01_01_2023_historical_data_coinmarketcap.csv,TRON,2022,11,2,0,23,5,22
2022-11-01 00:00:00+00:00,2022-11-01 23:59:59.999000+00:00,2022-11-01 06:23:00+00:00,2022-11-01 13:52:00+00:00,2781,0.0632978474,0.0633951511,0.06258845,0.0628148493,300855551.67,5794936266.4,2022-11-01 23:59:59.999000+00:00,TRON_01_01_2022-01_01_2023_historical_data_coinmarketcap.csv,TRON,2022,11,1,0,23,6,13
2022-10-31 00:00:00+00:00,2022-10-31 23:59:59.999000+00:00,2022-10-31 23:55:00+00:00,2022-10-31 14:15:00+00:00,2781,0.0631351414,0.063337584,0.0624975142,0.0633083682,349700848.0,5840750877.87,2022-10-31 23:59:59.999000+00:00,TRON_01_01_2022-01_01_2023_historical_data_coinmarketcap.csv,TRON,2022,10,31,0,23,23,14
2022-10-30 00:00:00+00:00,2022-10-30 23:59:59.999000+00:00,2022-10-30 08:23:00+00:00,2022-10-30 22:32:00+00:00,2781,0.0641770074,0.0647251359,0.0630201157,0.0631357736,324343311.56,5825119411.05,2022-10-30 23:59:59.999000+00:00,TRON_01_01_2022-01_01_2023_historical_data_coinmarketcap.csv,TRON,2022,10,30,0,23,8,22
2022-10-29 00:00:00+00:00,2022-10-29 23:59:59.999000+00:00,2022-10-29 09:15:00+00:00,2022-10-29 00:10:00+00:00,2781,0.0635630374,0.0644248101,0.0635167432,0.0641797656,362144151.57,5921608387.46,2022-10-29 23:59:59.999000+00:00,TRON_01_01_2022-01_01_2023_historical_data_coinmarketcap.csv,TRON,2022,10,29,0,23,9,0
2022-10-28 00:00:00+00:00,2022-10-28 23:59:59.999000+00:00,2022-10-28 20:47:00+00:00,2022-10-28 08:07:00+00:00,2781,0.0629790245,0.0637254487,0.0627026762,0.0635619865,320154857.23,5864808427.98,2022-10-28 23:59:59.999000+00:00,TRON_01_01_2022-01_01_2023_historical_data_coinmarketcap.csv,TRON,2022,10,28,0,23,20,8
2022-10-27 00:00:00+00:00,2022-10-27 23:59:59.999000+00:00,2022-10-27 06:30:00+00:00,2022-10-27 23:17:00+00:00,2781,0.0634352728,0.0640913194,0.0628087398,0.062979229,359452195.79,5811291059.77,2022-10-27 23:59:59.999000+00:00,TRON_01_01_2022-01_01_2023_historical_data_coinmarketcap.csv,TRON,2022,10,27,0,23,6,23
2022-10-26 00:00:00+00:00,2022-10-26 23:59:59.999000+00:00,2022-10-26 21:24:00+00:00,2022-10-26 00:10:00+00:00,2781,0.0624043783,0.0637009076,0.0623236382,0.0634321327,365580094.55,5853341309.99,2022-10-26 23:59:59.999000+00:00,TRON_01_01_2022-01_01_2023_historical_data_coinmarketcap.csv,TRON,2022,10,26,0,23,21,0
2022-10-25 00:00:00+00:00,2022-10-25 23:59:59.999000+00:00,2022-10-25 19:19:00+00:00,2022-10-25 01:41:00+00:00,2781,0.0613622257,0.0628298713,0.0612148743,0.0624124628,318898262.46,5759508845.36,2022-10-25 23:59:59.999000+00:00,TRON_01_01_2022-01_01_2023_historical_data_coinmarketcap.csv,TRON,2022,10,25,0,23,19,1
2022-10-24 00:00:00+00:00,2022-10-24 23:59:59.999000+00:00,2022-10-24 00:13:00+00:00,2022-10-24 07:37:00+00:00,2781,0.0618806865,0.0619720417,0.0612931851,0.0613649828,281871240.6,5663076812.03,2022-10-24 23:59:59.999000+00:00,TRON_01_01_2022-01_01_2023_historical_data_coinmarketcap.csv,TRON,2022,10,24,0,23,0,7
2022-10-23 00:00:00+00:00,2022-10-23 23:59:59.999000+00:00,2022-10-23 22:07:00+00:00,2022-10-23 11:23:00+00:00,2781,0.0616393114,0.0619545385,0.0611732591,0.0618802302,275426761.55,5710865534.11,2022-10-23 23:59:59.999000+00:00,TRON_01_01_2022-01_01_2023_historical_data_coinmarketcap.csv,TRON,2022,10,23,0,23,22,11
2022-10-22 00:00:00+00:00,2022-10-22 23:59:59.999000+00:00,2022-10-22 21:58:00+00:00,2022-10-22 07:29:00+00:00,2781,0.061661233,0.0619520119,0.0612494104,0.0616404172,255324498.74,5688871860.91,2022-10-22 23:59:59.999000+00:00,TRON_01_01_2022-01_01_2023_historical_data_coinmarketcap.csv,TRON,2022,10,22,0,23,21,7
2022-10-21 00:00:00+00:00,2022-10-21 23:59:59.999000+00:00,2022-10-21 00:59:00+00:00,2022-10-21 12:19:00+00:00,2781,0.0622108006,0.0628447663,0.0608484887,0.0616623552,335452050.35,5691048098.22,2022-10-21 23:59:59.999000+00:00,TRON_01_01_2022-01_01_2023_historical_data_coinmarketcap.csv,TRON,2022,10,21,0,23,0,12
2022-10-20 00:00:00+00:00,2022-10-20 23:59:59.999000+00:00,2022-10-20 16:48:00+00:00,2022-10-20 01:05:00+00:00,2781,0.0617776902,0.0626085474,0.0615913087,0.0622134899,309499842.75,5742198885.2,2022-10-20 23:59:59.999000+00:00,TRON_01_01_2022-01_01_2023_historical_data_coinmarketcap.csv,TRON,2022,10,20,0,23,16,1
2022-10-19 00:00:00+00:00,2022-10-19 23:59:59.999000+00:00,2022-10-19 05:15:00+00:00,2022-10-19 23:57:00+00:00,2781,0.062168316,0.0630221953,0.061775223,0.0617826383,384236864.01,5702635444.48,2022-10-19 23:59:59.999000+00:00,TRON_01_01_2022-01_01_2023_historical_data_coinmarketcap.csv,TRON,2022,10,19,0,23,5,23
2022-10-18 00:00:00+00:00,2022-10-18 23:59:59.999000+00:00,2022-10-18 00:40:00+00:00,2022-10-18 19:29:00+00:00,2781,0.0626666761,0.0629308418,0.061770333,0.0621702042,334605707.11,5738605017.02,2022-10-18 23:59:59.999000+00:00,TRON_01_01_2022-01_01_2023_historical_data_coinmarketcap.csv,TRON,2022,10,18,0,23,0,19
2022-10-17 00:00:00+00:00,2022-10-17 23:59:59.999000+00:00,2022-10-17 07:22:00+00:00,2022-10-17 00:40:00+00:00,2781,0.0618214817,0.0629292917,0.0617371106,0.0626652239,350961966.6,5784516170.81,2022-10-17 23:59:59.999000+00:00,TRON_01_01_2022-01_01_2023_historical_data_coinmarketcap.csv,TRON,2022,10,17,0,23,7,0
2022-10-16 00:00:00+00:00,2022-10-16 23:59:59.999000+00:00,2022-10-16 05:46:00+00:00,2022-10-16 18:28:00+00:00,2781,0.0618238445,0.0619913715,0.0612839204,0.061820915,300535408.04,5706781944.51,2022-10-16 23:59:59.999000+00:00,TRON_01_01_2022-01_01_2023_historical_data_coinmarketcap.csv,TRON,2022,10,16,0,23,5,18
2022-10-15 00:00:00+00:00,2022-10-15 23:59:59.999000+00:00,2022-10-15 02:08:00+00:00,2022-10-15 23:55:00+00:00,2781,0.0639659487,0.0649400295,0.0618192909,0.0618229461,476732078.22,5707087420.41,2022-10-15 23:59:59.999000+00:00,TRON_01_01_2022-01_01_2023_historical_data_coinmarketcap.csv,TRON,2022,10,15,0,23,2,23
2022-10-14 00:00:00+00:00,2022-10-14 23:59:59.999000+00:00,2022-10-14 12:40:00+00:00,2022-10-14 00:24:00+00:00,2781,0.0610072362,0.0650062822,0.0608252792,0.0639410664,698236581.76,5902774251.46,2022-10-14 23:59:59.999000+00:00,TRON_01_01_2022-01_01_2023_historical_data_coinmarketcap.csv,TRON,2022,10,14,0,23,12,0
2022-10-13 00:00:00+00:00,2022-10-13 23:59:59.999000+00:00,2022-10-13 00:37:00+00:00,2022-10-13 13:34:00+00:00,2781,0.0617696248,0.0621916798,0.0595081073,0.0610086363,484368345.59,5632253000.19,2022-10-13 23:59:59.999000+00:00,TRON_01_01_2022-01_01_2023_historical_data_coinmarketcap.csv,TRON,2022,10,13,0,23,0,13
2022-10-12 00:00:00+00:00,2022-10-12 23:59:59.999000+00:00,2022-10-12 08:10:00+00:00,2022-10-12 02:23:00+00:00,2781,0.061633189,0.0643184318,0.0612525835,0.0617761764,475164602.47,5703321060.2,2022-10-12 23:59:59.999000+00:00,TRON_01_01_2022-01_01_2023_historical_data_coinmarketcap.csv,TRON,2022,10,12,0,23,8,2
2022-10-11 00:00:00+00:00,2022-10-11 23:59:59.999000+00:00,2022-10-11 00:00:00+00:00,2022-10-11 19:14:00+00:00,2781,0.0628235159,0.0628235159,0.0613257063,0.0616274211,352174117.76,5689746484.74,2022-10-11 23:59:59.999000+00:00,TRON_01_01_2022-01_01_2023_historical_data_coinmarketcap.csv,TRON,2022,10,11,0,23,0,19
2022-10-10 00:00:00+00:00,2022-10-10 23:59:59.999000+00:00,2022-10-10 09:37:00+00:00,2022-10-10 02:28:00+00:00,2781,0.0624275578,0.064924374,0.0623412953,0.0628315783,565904749.24,5801091947.33,2022-10-10 23:59:59.999000+00:00,TRON_01_01_2022-01_01_2023_historical_data_coinmarketcap.csv,TRON,2022,10,10,0,23,9,2
2022-10-09 00:00:00+00:00,2022-10-09 23:59:59.999000+00:00,2022-10-09 19:07:00+00:00,2022-10-09 04:34:00+00:00,2781,0.0620693303,0.0627385653,0.0619985559,0.062426987,226469325.58,5763907265.38,2022-10-09 23:59:59.999000+00:00,TRON_01_01_2022-01_01_2023_historical_data_coinmarketcap.csv,TRON,2022,10,9,0,23,19,4
2022-10-08 00:00:00+00:00,2022-10-08 23:59:59.999000+00:00,2022-10-08 02:48:00+00:00,2022-10-08 22:23:00+00:00,2781,0.0624983293,0.0627003748,0.0618948881,0.0620719508,252050650.19,5731190993.49,2022-10-08 23:59:59.999000+00:00,TRON_01_01_2022-01_01_2023_historical_data_coinmarketcap.csv,TRON,2022,10,8,0,23,2,22
2022-10-07 00:00:00+00:00,2022-10-07 23:59:59.999000+00:00,2022-10-07 03:21:00+00:00,2022-10-07 16:31:00+00:00,2781,0.06278551,0.0632167449,0.062111128,0.0624989853,299943015.03,5770712499.07,2022-10-07 23:59:59.999000+00:00,TRON_01_01_2022-01_01_2023_historical_data_coinmarketcap.csv,TRON,2022,10,7,0,23,3,16
2022-10-06 00:00:00+00:00,2022-10-06 23:59:59.999000+00:00,2022-10-06 22:28:00+00:00,2022-10-06 00:44:00+00:00,2781,0.062429536,0.0631352523,0.0620913137,0.0627842767,344121613.31,5797157476.52,2022-10-06 23:59:59.999000+00:00,TRON_01_01_2022-01_01_2023_historical_data_coinmarketcap.csv,TRON,2022,10,6,0,23,22,0
2022-10-05 00:00:00+00:00,2022-10-05 23:59:59.999000+00:00,2022-10-05 06:36:00+00:00,2022-10-05 13:17:00+00:00,2781,0.0623169076,0.0626485067,0.0619881191,0.0624256605,290676173.97,5764143524.21,2022-10-05 23:59:59.999000+00:00,TRON_01_01_2022-01_01_2023_historical_data_coinmarketcap.csv,TRON,2022,10,5,0,23,6,13
2022-10-04 00:00:00+00:00,2022-10-04 23:59:59.999000+00:00,2022-10-04 21:28:00+00:00,2022-10-04 06:09:00+00:00,2781,0.0613922131,0.0624310057,0.0611098337,0.0623200641,302584823.89,5754477416.84,2022-10-04 23:59:59.999000+00:00,TRON_01_01_2022-01_01_2023_historical_data_coinmarketcap.csv,TRON,2022,10,4,0,23,21,6
2022-10-03 00:00:00+00:00,2022-10-03 23:59:59.999000+00:00,2022-10-03 23:41:00+00:00,2022-10-03 00:05:00+00:00,2781,0.0608826036,0.0614628748,0.0608271304,0.0613944249,318156913.52,5669133595.08,2022-10-03 23:59:59.999000+00:00,TRON_01_01_2022-01_01_2023_historical_data_coinmarketcap.csv,TRON,2022,10,3,0,23,23,0
2022-10-02 00:00:00+00:00,2022-10-02 23:59:59.999000+00:00,2022-10-02 08:42:00+00:00,2022-10-02 07:20:00+00:00,2781,0.0604773978,0.0618489179,0.0604485646,0.0608790505,388404433.07,5621615915.11,2022-10-02 23:59:59.999000+00:00,TRON_01_01_2022-01_01_2023_historical_data_coinmarketcap.csv,TRON,2022,10,2,0,23,8,7
2022-10-01 00:00:00+00:00,2022-10-01 23:59:59.999000+00:00,2022-10-01 02:41:00+00:00,2022-10-01 20:15:00+00:00,2781,0.061008114,0.0613879172,0.0601714716,0.0604748355,292352772.02,5584311567.88,2022-10-01 23:59:59.999000+00:00,TRON_01_01_2022-01_01_2023_historical_data_coinmarketcap.csv,TRON,2022,10,1,0,23,2,20
2022-09-30 00:00:00+00:00,2022-09-30 23:59:59.999000+00:00,2022-09-30 15:14:00+00:00,2022-09-30 07:56:00+00:00,2781,0.0610338488,0.0622325283,0.0603803531,0.0610138426,450033099.48,5634130069.46,2022-09-30 23:59:59.999000+00:00,TRON_01_01_2022-01_01_2023_historical_data_coinmarketcap.csv,TRON,2022,9,30,0,23,15,7
2022-09-29 00:00:00+00:00,2022-09-29 23:59:59.999000+00:00,2022-09-29 21:39:00+00:00,2022-09-29 14:17:00+00:00,2781,0.0595967893,0.0618021038,0.0593903518,0.0610322343,425995005.33,5635938393.42,2022-09-29 23:59:59.999000+00:00,TRON_01_01_2022-01_01_2023_historical_data_coinmarketcap.csv,TRON,2022,9,29,0,23,21,14
2022-09-28 00:00:00+00:00,2022-09-28 23:59:59.999000+00:00,2022-09-28 21:39:00+00:00,2022-09-28 02:48:00+00:00,2781,0.0594007867,0.0598612832,0.0585218363,0.0595947292,350944980.95,5503288520.22,2022-09-28 23:59:59.999000+00:00,TRON_01_01_2022-01_01_2023_historical_data_coinmarketcap.csv,TRON,2022,9,28,0,23,21,2
2022-09-27 00:00:00+00:00,2022-09-27 23:59:59.999000+00:00,2022-09-27 13:43:00+00:00,2022-09-27 18:25:00+00:00,2781,0.0595472477,0.0608140589,0.0591034035,0.0594097762,347069034.13,5486334285.56,2022-09-27 23:59:59.999000+00:00,TRON_01_01_2022-01_01_2023_historical_data_coinmarketcap.csv,TRON,2022,9,27,0,23,13,18
2022-09-26 00:00:00+00:00,2022-09-26 23:59:59.999000+00:00,2022-09-26 14:32:00+00:00,2022-09-26 07:01:00+00:00,2781,0.0597324229,0.0598474704,0.0590398815,0.059547534,378865177.34,5499304150.76,2022-09-26 23:59:59.999000+00:00,TRON_01_01_2022-01_01_2023_historical_data_coinmarketcap.csv,TRON,2022,9,26,0,23,14,7
2022-09-25 00:00:00+00:00,2022-09-25 23:59:59.999000+00:00,2022-09-25 12:26:00+00:00,2022-09-25 22:07:00+00:00,2781,0.0598683391,0.0602689664,0.0595287528,0.0597273975,267696550.96,5516020772.38,2022-09-25 23:59:59.999000+00:00,TRON_01_01_2022-01_01_2023_historical_data_coinmarketcap.csv,TRON,2022,9,25,0,23,12,22
2022-09-24 00:00:00+00:00,2022-09-24 23:59:59.999000+00:00,2022-09-24 06:05:00+00:00,2022-09-24 23:38:00+00:00,2781,0.06044581,0.0608607588,0.0596805458,0.0598713831,300528950.15,5529331474.49,2022-09-24 23:59:59.999000+00:00,TRON_01_01_2022-01_01_2023_historical_data_coinmarketcap.csv,TRON,2022,9,24,0,23,6,23
2022-09-23 00:00:00+00:00,2022-09-23 23:59:59.999000+00:00,2022-09-23 06:11:00+00:00,2022-09-23 14:26:00+00:00,2781,0.0602604165,0.0611151455,0.0593599975,0.0604473423,376538248.84,5582565735.12,2022-09-23 23:59:59.999000+00:00,TRON_01_01_2022-01_01_2023_historical_data_coinmarketcap.csv,TRON,2022,9,23,0,23,6,14
2022-09-22 00:00:00+00:00,2022-09-22 23:59:59.999000+00:00,2022-09-22 23:15:00+00:00,2022-09-22 01:02:00+00:00,2781,0.0591805982,0.0603352418,0.0588363776,0.0602600976,359264470.85,5565365787.49,2022-09-22 23:59:59.999000+00:00,TRON_01_01_2022-01_01_2023_historical_data_coinmarketcap.csv,TRON,2022,9,22,0,23,23,1
2022-09-21 00:00:00+00:00,2022-09-21 23:59:59.999000+00:00,2022-09-21 18:55:00+00:00,2022-09-21 22:19:00+00:00,2781,0.0597481783,0.0611722351,0.0588481818,0.0591937014,431504688.62,5466959511.54,2022-09-21 23:59:59.999000+00:00,TRON_01_01_2022-01_01_2023_historical_data_coinmarketcap.csv,TRON,2022,9,21,0,23,18,22
2022-09-20 00:00:00+00:00,2022-09-20 23:59:59.999000+00:00,2022-09-20 07:25:00+00:00,2022-09-20 21:47:00+00:00,2781,0.060321195,0.0606062001,0.05952089,0.0597483785,353093809.06,5518279442.56,2022-09-20 23:59:59.999000+00:00,TRON_01_01_2022-01_01_2023_historical_data_coinmarketcap.csv,TRON,2022,9,20,0,23,7,21
2022-09-19 00:00:00+00:00,2022-09-19 23:59:59.999000+00:00,2022-09-19 02:04:00+00:00,2022-09-19 09:19:00+00:00,2781,0.0608689098,0.061180441,0.0594187246,0.0603352854,403942833.31,5572581903.48,2022-09-19 23:59:59.999000+00:00,TRON_01_01_2022-01_01_2023_historical_data_coinmarketcap.csv,TRON,2022,9,19,0,23,2,9
2022-09-18 00:00:00+00:00,2022-09-18 23:59:59.999000+00:00,2022-09-18 16:04:00+00:00,2022-09-18 23:57:00+00:00,2781,0.0622862719,0.0625778281,0.0608586826,0.0608755413,313019264.54,5622583149.21,2022-09-18 23:59:59.999000+00:00,TRON_01_01_2022-01_01_2023_historical_data_coinmarketcap.csv,TRON,2022,9,18,0,23,16,23
2022-09-17 00:00:00+00:00,2022-09-17 23:59:59.999000+00:00,2022-09-17 23:47:00+00:00,2022-09-17 00:03:00+00:00,2781,0.0612948893,0.0622943967,0.0612932523,0.0622876646,262000923.44,5753028923.05,2022-09-17 23:59:59.999000+00:00,TRON_01_01_2022-01_01_2023_historical_data_coinmarketcap.csv,TRON,2022,9,17,0,23,23,0
2022-09-16 00:00:00+00:00,2022-09-16 23:59:59.999000+00:00,2022-09-16 04:28:00+00:00,2022-09-16 16:32:00+00:00,2781,0.0612573493,0.0615778446,0.0607361584,0.0612915219,351830909.01,5661057606.01,2022-09-16 23:59:59.999000+00:00,TRON_01_01_2022-01_01_2023_historical_data_coinmarketcap.csv,TRON,2022,9,16,0,23,4,16
2022-09-15 00:00:00+00:00,2022-09-15 23:59:59.999000+00:00,2022-09-15 07:22:00+00:00,2022-09-15 03:07:00+00:00,2781,0.061606738,0.0619082184,0.0606794201,0.0612530314,397542059.95,5657626325.33,2022-09-15 23:59:59.999000+00:00,TRON_01_01_2022-01_01_2023_historical_data_coinmarketcap.csv,TRON,2022,9,15,0,23,7,3
2022-09-14 00:00:00+00:00,2022-09-14 23:59:59.999000+00:00,2022-09-14 13:13:00+00:00,2022-09-14 00:07:00+00:00,2781,0.0607273169,0.0617026093,0.0606487052,0.0616083448,348252167.67,5690535593.58,2022-09-14 23:59:59.999000+00:00,TRON_01_01_2022-01_01_2023_historical_data_coinmarketcap.csv,TRON,2022,9,14,0,23,13,0
2022-09-13 00:00:00+00:00,2022-09-13 23:59:59.999000+00:00,2022-09-13 12:15:00+00:00,2022-09-14 00:07:00+00:00,2781,0.0638203532,0.0638819997,0.0606487052,0.0610957697,408384337.77,5643282217.69,2022-09-13 23:59:59.999000+00:00,TRON_01_01_2022-01_01_2023_historical_data_coinmarketcap.csv,TRON,2022,9,13,0,23,12,0
2022-09-12 00:00:00+00:00,2022-09-12 23:59:59.999000+00:00,2022-09-12 01:54:00+00:00,2022-09-12 16:13:00+00:00,2781,0.064096291,0.0646607819,0.0632484835,0.0638231302,430598942.17,5895284486.82,2022-09-12 23:59:59.999000+00:00,TRON_01_01_2022-01_01_2023_historical_data_coinmarketcap.csv,TRON,2022,9,12,0,23,1,16
2022-09-11 00:00:00+00:00,2022-09-11 23:59:59.999000+00:00,2022-09-11 04:23:00+00:00,2022-09-11 21:58:00+00:00,2781,0.064668075,0.0649256839,0.0636690577,0.0640977815,359330842.44,5920754258.75,2022-09-11 23:59:59.999000+00:00,TRON_01_01_2022-01_01_2023_historical_data_coinmarketcap.csv,TRON,2022,9,11,0,23,4,21
2022-09-10 00:00:00+00:00,2022-09-10 23:59:59.999000+00:00,2022-09-10 23:40:00+00:00,2022-09-10 00:37:00+00:00,2781,0.0634184751,0.0646829931,0.0631204473,0.0646686818,425003560.2,5973489784.57,2022-09-10 23:59:59.999000+00:00,TRON_01_01_2022-01_01_2023_historical_data_coinmarketcap.csv,TRON,2022,9,10,0,23,23,0
2022-09-09 00:00:00+00:00,2022-09-09 23:59:59.999000+00:00,2022-09-09 12:43:00+00:00,2022-09-09 00:07:00+00:00,2781,0.0612296741,0.0636150332,0.0611856112,0.0634157641,462054726.85,5857761226.96,2022-09-09 23:59:59.999000+00:00,TRON_01_01_2022-01_01_2023_historical_data_coinmarketcap.csv,TRON,2022,9,9,0,23,12,0
2022-09-08 00:00:00+00:00,2022-09-08 23:59:59.999000+00:00,2022-09-08 00:23:00+00:00,2022-09-08 13:37:00+00:00,2781,0.0618149299,0.0618695473,0.060187581,0.0612277811,455218021.11,5655737659.04,2022-09-08 23:59:59.999000+00:00,TRON_01_01_2022-01_01_2023_historical_data_coinmarketcap.csv,TRON,2022,9,8,0,23,0,13
2022-09-07 00:00:00+00:00,2022-09-07 23:59:59.999000+00:00,2022-09-07 23:49:00+00:00,2022-09-07 03:20:00+00:00,2781,0.0607567749,0.061873478,0.0602208554,0.0618187715,399831006.65,5710415758.78,2022-09-07 23:59:59.999000+00:00,TRON_01_01_2022-01_01_2023_historical_data_coinmarketcap.csv,TRON,2022,9,7,0,23,23,3
2022-09-06 00:00:00+00:00,2022-09-06 23:59:59.999000+00:00,2022-09-06 12:16:00+00:00,2022-09-06 20:18:00+00:00,2781,0.0629594611,0.0639961403,0.0606484277,0.0607645844,465026871.37,5613123792.23,2022-09-06 23:59:59.999000+00:00,TRON_01_01_2022-01_01_2023_historical_data_coinmarketcap.csv,TRON,2022,9,6,0,23,12,20
2022-09-05 00:00:00+00:00,2022-09-05 23:59:59.999000+00:00,2022-09-05 00:07:00+00:00,2022-09-05 20:04:00+00:00,2781,0.0635185631,0.0635903799,0.0625272576,0.0629553853,322145597.32,5815657736.56,2022-09-05 23:59:59.999000+00:00,TRON_01_01_2022-01_01_2023_historical_data_coinmarketcap.csv,TRON,2022,9,5,0,23,0,20
2022-09-04 00:00:00+00:00,2022-09-04 23:59:59.999000+00:00,2022-09-04 19:19:00+00:00,2022-09-04 03:41:00+00:00,2781,0.0631208098,0.0635966307,0.0626521453,0.0635199642,269500806.43,5867913136.98,2022-09-04 23:59:59.999000+00:00,TRON_01_01_2022-01_01_2023_historical_data_coinmarketcap.csv,TRON,2022,9,4,0,23,19,3
2022-09-03 00:00:00+00:00,2022-09-03 23:59:59.999000+00:00,2022-09-03 23:59:00+00:00,2022-09-03 07:55:00+00:00,2781,0.0625901951,0.0631116876,0.0624804094,0.0631116876,260862803.59,5830217140.94,2022-09-03 23:59:59.999000+00:00,TRON_01_01_2022-01_01_2023_historical_data_coinmarketcap.csv,TRON,2022,9,3,0,23,23,7
2022-09-02 00:00:00+00:00,2022-09-02 23:59:59.999000+00:00,2022-09-02 14:53:00+00:00,2022-09-02 19:40:00+00:00,2781,0.0632434647,0.0635307759,0.0623772598,0.0625932278,358864875.2,5782379045.36,2022-09-02 23:59:59.999000+00:00,TRON_01_01_2022-01_01_2023_historical_data_coinmarketcap.csv,TRON,2022,9,2,0,23,14,19
2022-09-01 00:00:00+00:00,2022-09-01 23:59:59.999000+00:00,2022-09-01 00:34:00+00:00,2022-09-01 16:40:00+00:00,2781,0.0634111998,0.0636735762,0.0621623072,0.0632503006,387409445.14,5843181764.29,2022-09-01 23:59:59.999000+00:00,TRON_01_01_2022-01_01_2023_historical_data_coinmarketcap.csv,TRON,2022,9,1,0,23,0,16
2022-08-31 00:00:00+00:00,2022-08-31 23:59:59.999000+00:00,2022-08-31 06:07:00+00:00,2022-08-31 18:38:00+00:00,2781,0.0647005137,0.0654895122,0.0633362411,0.0634073133,425044109.52,5857798332.25,2022-08-31 23:59:59.999000+00:00,TRON_01_01_2022-01_01_2023_historical_data_coinmarketcap.csv,TRON,2022,8,31,0,23,6,18
2022-08-30 00:00:00+00:00,2022-08-30 23:59:59.999000+00:00,2022-08-30 14:40:00+00:00,2022-08-30 12:52:00+00:00,2781,0.0633621935,0.0665429053,0.0629618258,0.0646958159,683289144.7,5976947937.54,2022-08-30 23:59:59.999000+00:00,TRON_01_01_2022-01_01_2023_historical_data_coinmarketcap.csv,TRON,2022,8,30,0,23,14,12
2022-08-29 00:00:00+00:00,2022-08-29 23:59:59.999000+00:00,2022-08-29 23:49:00+00:00,2022-08-29 01:49:00+00:00,2781,0.0614689461,0.0633828913,0.0610668461,0.0633605968,373308077.67,5853700451.65,2022-08-29 23:59:59.999000+00:00,TRON_01_01_2022-01_01_2023_historical_data_coinmarketcap.csv,TRON,2022,8,29,0,23,23,1
2022-08-28 00:00:00+00:00,2022-08-28 23:59:59.999000+00:00,2022-08-28 02:34:00+00:00,2022-08-28 23:58:00+00:00,2781,0.0629019988,0.0631165581,0.0614709341,0.0614713764,296252043.96,5679257770.7,2022-08-28 23:59:59.999000+00:00,TRON_01_01_2022-01_01_2023_historical_data_coinmarketcap.csv,TRON,2022,8,28,0,23,2,23
2022-08-27 00:00:00+00:00,2022-08-27 23:59:59.999000+00:00,2022-08-27 23:37:00+00:00,2022-08-27 05:47:00+00:00,2781,0.0616502257,0.0629712217,0.0612414189,0.0629003984,420606764.43,5811298874.04,2022-08-27 23:59:59.999000+00:00,TRON_01_01_2022-01_01_2023_historical_data_coinmarketcap.csv,TRON,2022,8,27,0,23,23,5
2022-08-26 00:00:00+00:00,2022-08-26 23:59:59.999000+00:00,2022-08-26 09:29:00+00:00,2022-08-26 23:52:00+00:00,2781,0.0654927097,0.0655999058,0.0615455491,0.0616484338,580164367.44,5695688536.64,2022-08-26 23:59:59.999000+00:00,TRON_01_01_2022-01_01_2023_historical_data_coinmarketcap.csv,TRON,2022,8,26,0,23,9,23
2022-08-25 00:00:00+00:00,2022-08-25 23:59:59.999000+00:00,2022-08-25 07:10:00+00:00,2022-08-25 00:04:00+00:00,2781,0.0648564912,0.0657337589,0.0648206287,0.0655017611,401181548.85,6051796472.93,2022-08-25 23:59:59.999000+00:00,TRON_01_01_2022-01_01_2023_historical_data_coinmarketcap.csv,TRON,2022,8,25,0,23,7,0
2022-08-24 00:00:00+00:00,2022-08-24 23:59:59.999000+00:00,2022-08-24 00:14:00+00:00,2022-08-24 23:50:00+00:00,2781,0.0662534907,0.0663428078,0.0648383925,0.0648529455,444387152.3,5991946613.32,2022-08-24 23:59:59.999000+00:00,TRON_01_01_2022-01_01_2023_historical_data_coinmarketcap.csv,TRON,2022,8,24,0,23,0,23
2022-08-23 00:00:00+00:00,2022-08-23 23:59:59.999000+00:00,2022-08-23 00:58:00+00:00,2022-08-23 06:10:00+00:00,2781,0.0655604762,0.0666961902,0.0649633362,0.0662575433,478282038.99,6121814928.83,2022-08-23 23:59:59.999000+00:00,TRON_01_01_2022-01_01_2023_historical_data_coinmarketcap.csv,TRON,2022,8,23,0,23,0,6
2022-08-22 00:00:00+00:00,2022-08-22 23:59:59.999000+00:00,2022-08-22 05:56:00+00:00,2022-08-22 19:47:00+00:00,2781,0.0659817293,0.0662041359,0.0646306082,0.0655600551,372955309.57,6057468696.86,2022-08-22 23:59:59.999000+00:00,TRON_01_01_2022-01_01_2023_historical_data_coinmarketcap.csv,TRON,2022,8,22,0,23,5,19
2022-08-21 00:00:00+00:00,2022-08-21 23:59:59.999000+00:00,2022-08-21 21:25:00+00:00,2022-08-21 07:52:00+00:00,2781,0.0657810707,0.0663083068,0.0647952532,0.0659833321,338437993.33,6096681387.8,2022-08-21 23:59:59.999000+00:00,TRON_01_01_2022-01_01_2023_historical_data_coinmarketcap.csv,TRON,2022,8,21,0,23,21,7
2022-08-20 00:00:00+00:00,2022-08-20 23:59:59.999000+00:00,2022-08-20 23:37:00+00:00,2022-08-20 00:00:00+00:00,2781,0.0640792767,0.0657902542,0.0640792767,0.0657891564,366457637.0,6078753128.13,2022-08-20 23:59:59.999000+00:00,TRON_01_01_2022-01_01_2023_historical_data_coinmarketcap.csv,TRON,2022,8,20,0,23,23,0
2022-08-19 00:00:00+00:00,2022-08-19 23:59:59.999000+00:00,2022-08-19 00:02:00+00:00,2022-08-19 23:14:00+00:00,2781,0.0674398847,0.0674448081,0.0640223608,0.0640817802,511432500.16,5921030976.0,2022-08-19 23:59:59.999000+00:00,TRON_01_01_2022-01_01_2023_historical_data_coinmarketcap.csv,TRON,2022,8,19,0,23,0,23
2022-08-18 00:00:00+00:00,2022-08-18 23:59:59.999000+00:00,2022-08-18 13:01:00+00:00,2022-08-18 23:59:00+00:00,2781,0.0682354141,0.0685337024,0.0674432655,0.0674432655,380890835.01,6231735319.72,2022-08-18 23:59:59.999000+00:00,TRON_01_01_2022-01_01_2023_historical_data_coinmarketcap.csv,TRON,2022,8,18,0,23,13,23
2022-08-17 00:00:00+00:00,2022-08-17 23:59:59.999000+00:00,2022-08-17 07:19:00+00:00,2022-08-17 23:13:00+00:00,2781,0.0697185399,0.0708652453,0.0680379087,0.0682189067,420544638.09,6303507351.78,2022-08-17 23:59:59.999000+00:00,TRON_01_01_2022-01_01_2023_historical_data_coinmarketcap.csv,TRON,2022,8,17,0,23,7,23
2022-08-16 00:00:00+00:00,2022-08-16 23:59:59.999000+00:00,2022-08-16 15:19:00+00:00,2022-08-16 05:49:00+00:00,2781,0.0689229327,0.0703615186,0.0684731108,0.0697160757,395283022.5,6441988494.19,2022-08-16 23:59:59.999000+00:00,TRON_01_01_2022-01_01_2023_historical_data_coinmarketcap.csv,TRON,2022,8,16,0,23,15,5
2022-08-15 00:00:00+00:00,2022-08-15 23:59:59.999000+00:00,2022-08-15 03:40:00+00:00,2022-08-15 13:04:00+00:00,2781,0.0704030576,0.0710480799,0.0684029208,0.0689363742,427093950.01,6370043390.62,2022-08-15 23:59:59.999000+00:00,TRON_01_01_2022-01_01_2023_historical_data_coinmarketcap.csv,TRON,2022,8,15,0,23,3,13
2022-08-14 00:00:00+00:00,2022-08-14 23:59:59.999000+00:00,2022-08-14 10:01:00+00:00,2022-08-14 01:34:00+00:00,2781,0.0699105258,0.0721464876,0.0696481942,0.0703998168,449741204.51,6505405779.45,2022-08-14 23:59:59.999000+00:00,TRON_01_01_2022-01_01_2023_historical_data_coinmarketcap.csv,TRON,2022,8,14,0,23,10,1
2022-08-13 00:00:00+00:00,2022-08-13 23:59:59.999000+00:00,2022-08-13 06:23:00+00:00,2022-08-13 09:08:00+00:00,2781,0.0704537183,0.0711700231,0.0696752779,0.0699040603,341923295.17,6459637682.26,2022-08-13 23:59:59.999000+00:00,TRON_01_01_2022-01_01_2023_historical_data_coinmarketcap.csv,TRON,2022,8,13,0,23,6,9
2022-08-12 00:00:00+00:00,2022-08-12 23:59:59.999000+00:00,2022-08-12 04:13:00+00:00,2022-08-12 11:40:00+00:00,2781,0.0703279594,0.0706681881,0.069461821,0.0704511145,348132540.36,6510252483.51,2022-08-12 23:59:59.999000+00:00,TRON_01_01_2022-01_01_2023_historical_data_coinmarketcap.csv,TRON,2022,8,12,0,23,4,11
2022-08-11 00:00:00+00:00,2022-08-11 23:59:59.999000+00:00,2022-08-11 13:32:00+00:00,2022-08-11 23:40:00+00:00,2781,0.0703165156,0.071046391,0.0700832074,0.0703314242,375233195.42,6499298942.88,2022-08-11 23:59:59.999000+00:00,TRON_01_01_2022-01_01_2023_historical_data_coinmarketcap.csv,TRON,2022,8,11,0,23,13,23
2022-08-10 00:00:00+00:00,2022-08-10 23:59:59.999000+00:00,2022-08-10 13:32:00+00:00,2022-08-10 00:50:00+00:00,2781,0.068474774,0.0703611678,0.0680350238,0.0703223346,374260297.63,6498613432.59,2022-08-10 23:59:59.999000+00:00,TRON_01_01_2022-01_01_2023_historical_data_coinmarketcap.csv,TRON,2022,8,10,0,23,13,0
2022-08-09 00:00:00+00:00,2022-08-09 23:59:59.999000+00:00,2022-08-09 08:35:00+00:00,2022-08-09 15:07:00+00:00,2781,0.0701063923,0.0708953964,0.0683388794,0.0684740538,381450851.04,6327929628.38,2022-08-09 23:59:59.999000+00:00,TRON_01_01_2022-01_01_2023_historical_data_coinmarketcap.csv,TRON,2022,8,9,0,23,8,15
2022-08-08 00:00:00+00:00,2022-08-08 23:59:59.999000+00:00,2022-08-08 12:48:00+00:00,2022-08-08 00:04:00+00:00,2781,0.0696333238,0.0710126766,0.0696227461,0.0701098364,330352593.59,6479225087.64,2022-08-08 23:59:59.999000+00:00,TRON_01_01_2022-01_01_2023_historical_data_coinmarketcap.csv,TRON,2022,8,8,0,23,12,0
2022-08-07 00:00:00+00:00,2022-08-07 23:59:59.999000+00:00,2022-08-07 21:10:00+00:00,2022-08-07 01:25:00+00:00,2781,0.0694785217,0.0701996131,0.0692090551,0.069632663,280333476.39,6435238348.72,2022-08-07 23:59:59.999000+00:00,TRON_01_01_2022-01_01_2023_historical_data_coinmarketcap.csv,TRON,2022,8,7,0,23,21,1
2022-08-06 00:00:00+00:00,2022-08-06 23:59:59.999000+00:00,2022-08-06 14:17:00+00:00,2022-08-06 23:28:00+00:00,2781,0.0698277147,0.0705470728,0.0694271522,0.0694722828,292783849.06,6420437952.02,2022-08-06 23:59:59.999000+00:00,TRON_01_01_2022-01_01_2023_historical_data_coinmarketcap.csv,TRON,2022,8,6,0,23,14,23
2022-08-05 00:00:00+00:00,2022-08-05 23:59:59.999000+00:00,2022-08-05 12:18:00+00:00,2022-08-05 00:33:00+00:00,2781,0.0689386358,0.0700572969,0.0683501344,0.0698281797,354133861.35,6453370926.59,2022-08-05 23:59:59.999000+00:00,TRON_01_01_2022-01_01_2023_historical_data_coinmarketcap.csv,TRON,2022,8,5,0,23,12,0
2022-08-04 00:00:00+00:00,2022-08-04 23:59:59.999000+00:00,2022-08-04 18:34:00+00:00,2022-08-04 00:40:00+00:00,2781,0.0678233941,0.0694257033,0.0676966042,0.0689443959,388332214.41,6371793838.35,2022-08-04 23:59:59.999000+00:00,TRON_01_01_2022-01_01_2023_historical_data_coinmarketcap.csv,TRON,2022,8,4,0,23,18,0
2022-08-03 00:00:00+00:00,2022-08-03 23:59:59.999000+00:00,2022-08-03 12:26:00+00:00,2022-08-03 01:21:00+00:00,2781,0.0683774292,0.0691692562,0.0674183091,0.0678247955,372209994.99,6268400760.0,2022-08-03 23:59:59.999000+00:00,TRON_01_01_2022-01_01_2023_historical_data_coinmarketcap.csv,TRON,2022,8,3,0,23,12,1
2022-08-02 00:00:00+00:00,2022-08-02 23:59:59.999000+00:00,2022-08-02 01:16:00+00:00,2022-08-02 07:28:00+00:00,2781,0.0699386539,0.0704056927,0.0679250419,0.0683728828,494878828.16,6319158465.99,2022-08-02 23:59:59.999000+00:00,TRON_01_01_2022-01_01_2023_historical_data_coinmarketcap.csv,TRON,2022,8,2,0,23,1,7
2022-08-01 00:00:00+00:00,2022-08-01 23:59:59.999000+00:00,2022-08-01 21:17:00+00:00,2022-08-01 18:22:00+00:00,2781,0.0689364448,0.0713492507,0.0684092704,0.0699373192,496002226.67,6463849977.75,2022-08-01 23:59:59.999000+00:00,TRON_01_01_2022-01_01_2023_historical_data_coinmarketcap.csv,TRON,2022,8,1,0,23,21,18
2022-07-31 00:00:00+00:00,2022-07-31 23:59:59.999000+00:00,2022-07-31 18:28:00+00:00,2022-07-31 23:30:00+00:00,2781,0.0691513809,0.0707621084,0.0687444785,0.068942687,492358497.55,6372029570.11,2022-07-31 23:59:59.999000+00:00,TRON_01_01_2022-01_01_2023_historical_data_coinmarketcap.csv,TRON,2022,7,31,0,23,18,23
2022-07-30 00:00:00+00:00,2022-07-30 23:59:59.999000+00:00,2022-07-30 16:40:00+00:00,2022-07-30 23:43:00+00:00,2781,0.0692905075,0.0711588167,0.0691182793,0.0691431013,558691097.04,6390581699.93,2022-07-30 23:59:59.999000+00:00,TRON_01_01_2022-01_01_2023_historical_data_coinmarketcap.csv,TRON,2022,7,30,0,23,16,23
2022-07-29 00:00:00+00:00,2022-07-29 23:59:59.999000+00:00,2022-07-29 11:20:00+00:00,2022-07-29 17:31:00+00:00,2781,0.0697525137,0.0716583851,0.0684502089,0.0692896453,697922778.13,6404164489.29,2022-07-29 23:59:59.999000+00:00,TRON_01_01_2022-01_01_2023_historical_data_coinmarketcap.csv,TRON,2022,7,29,0,23,11,17
2022-07-28 00:00:00+00:00,2022-07-28 23:59:59.999000+00:00,2022-07-28 20:43:00+00:00,2022-07-28 14:10:00+00:00,2781,0.0686658868,0.0703031818,0.0676362536,0.0697559729,681131771.3,6447353735.44,2022-07-28 23:59:59.999000+00:00,TRON_01_01_2022-01_01_2023_historical_data_coinmarketcap.csv,TRON,2022,7,28,0,23,20,14
2022-07-27 00:00:00+00:00,2022-07-27 23:59:59.999000+00:00,2022-07-27 23:59:00+00:00,2022-07-27 04:48:00+00:00,2781,0.0653412743,0.0686652855,0.0651398531,0.0686652855,583569484.23,6346637925.55,2022-07-27 23:59:59.999000+00:00,TRON_01_01_2022-01_01_2023_historical_data_coinmarketcap.csv,TRON,2022,7,27,0,23,23,4
2022-07-26 00:00:00+00:00,2022-07-26 23:59:59.999000+00:00,2022-07-26 23:59:00+00:00,2022-07-26 01:01:00+00:00,2781,0.0638347961,0.0653386111,0.0631381435,0.0653386111,470056535.66,6039259978.71,2022-07-26 23:59:59.999000+00:00,TRON_01_01_2022-01_01_2023_historical_data_coinmarketcap.csv,TRON,2022,7,26,0,23,23,1
2022-07-25 00:00:00+00:00,2022-07-25 23:59:59.999000+00:00,2022-07-25 00:19:00+00:00,2022-07-25 23:58:00+00:00,2781,0.0669479568,0.0669887804,0.0638356956,0.0638554895,522131860.5,5902299094.18,2022-07-25 23:59:59.999000+00:00,TRON_01_01_2022-01_01_2023_historical_data_coinmarketcap.csv,TRON,2022,7,25,0,23,0,23
2022-07-24 00:00:00+00:00,2022-07-24 23:59:59.999000+00:00,2022-07-24 22:46:00+00:00,2022-07-24 04:26:00+00:00,2781,0.0669604997,0.0677719106,0.0667710528,0.0669440139,436083112.19,6187915054.25,2022-07-24 23:59:59.999000+00:00,TRON_01_01_2022-01_01_2023_historical_data_coinmarketcap.csv,TRON,2022,7,24,0,23,22,4
2022-07-23 00:00:00+00:00,2022-07-23 23:59:59.999000+00:00,2022-07-23 05:13:00+00:00,2022-07-23 18:08:00+00:00,2781,0.0670475714,0.0678607553,0.0661283975,0.0669592083,425003129.77,6189361033.82,2022-07-23 23:59:59.999000+00:00,TRON_01_01_2022-01_01_2023_historical_data_coinmarketcap.csv,TRON,2022,7,23,0,23,5,18
2022-07-22 00:00:00+00:00,2022-07-22 23:59:59.999000+00:00,2022-07-22 10:24:00+00:00,2022-07-22 20:45:00+00:00,2781,0.0680283596,0.0690281178,0.0667159144,0.067054108,467189245.59,6198186158.47,2022-07-22 23:59:59.999000+00:00,TRON_01_01_2022-01_01_2023_historical_data_coinmarketcap.csv,TRON,2022,7,22,0,23,10,20
2022-07-21 00:00:00+00:00,2022-07-21 23:59:59.999000+00:00,2022-07-21 21:31:00+00:00,2022-07-21 04:10:00+00:00,2781,0.0676064368,0.0682299077,0.0665553925,0.0680320014,513203358.43,6288674283.25,2022-07-21 23:59:59.999000+00:00,TRON_01_01_2022-01_01_2023_historical_data_coinmarketcap.csv,TRON,2022,7,21,0,23,21,4
2022-07-20 00:00:00+00:00,2022-07-20 23:59:59.999000+00:00,2022-07-20 06:31:00+00:00,2022-07-20 20:16:00+00:00,2781,0.0691432011,0.0702632976,0.0674869661,0.0676053002,620662504.1,6249326436.69,2022-07-20 23:59:59.999000+00:00,TRON_01_01_2022-01_01_2023_historical_data_coinmarketcap.csv,TRON,2022,7,20,0,23,6,20
2022-07-19 00:00:00+00:00,2022-07-19 23:59:59.999000+00:00,2022-07-19 21:40:00+00:00,2022-07-19 02:07:00+00:00,2781,0.0690392489,0.0696996643,0.0677502524,0.0691423369,673459607.39,6391512590.41,2022-07-19 23:59:59.999000+00:00,TRON_01_01_2022-01_01_2023_historical_data_coinmarketcap.csv,TRON,2022,7,19,0,23,21,2
2022-07-18 00:00:00+00:00,2022-07-18 23:59:59.999000+00:00,2022-07-18 08:14:00+00:00,2022-07-18 01:01:00+00:00,2781,0.067430706,0.0705170435,0.0673517232,0.0690777163,695038392.16,6385660934.89,2022-07-18 23:59:59.999000+00:00,TRON_01_01_2022-01_01_2023_historical_data_coinmarketcap.csv,TRON,2022,7,18,0,23,8,1
2022-07-17 00:00:00+00:00,2022-07-17 23:59:59.999000+00:00,2022-07-17 07:13:00+00:00,2022-07-17 23:58:00+00:00,2781,0.0689073437,0.0692728387,0.0674215391,0.0674274313,487931456.98,6233233495.89,2022-07-17 23:59:59.999000+00:00,TRON_01_01_2022-01_01_2023_historical_data_coinmarketcap.csv,TRON,2022,7,17,0,23,7,23
2022-07-16 00:00:00+00:00,2022-07-16 23:59:59.999000+00:00,2022-07-16 19:19:00+00:00,2022-07-16 07:55:00+00:00,2781,0.0670723098,0.0692311746,0.0661500756,0.068896994,536372611.66,6371109891.79,2022-07-16 23:59:59.999000+00:00,TRON_01_01_2022-01_01_2023_historical_data_coinmarketcap.csv,TRON,2022,7,16,0,23,19,7
2022-07-15 00:00:00+00:00,2022-07-15 23:59:59.999000+00:00,2022-07-15 20:31:00+00:00,2022-07-15 00:28:00+00:00,2781,0.0668765776,0.0678054669,0.0665907573,0.0670711458,480306925.37,6202333290.17,2022-07-15 23:59:59.999000+00:00,TRON_01_01_2022-01_01_2023_historical_data_coinmarketcap.csv,TRON,2022,7,15,0,23,20,0
2022-07-14 00:00:00+00:00,2022-07-14 23:59:59.999000+00:00,2022-07-14 19:31:00+00:00,2022-07-14 15:00:00+00:00,2781,0.066244195,0.0673896306,0.0651802731,0.0668824076,550380239.98,6184977449.9,2022-07-14 23:59:59.999000+00:00,TRON_01_01_2022-01_01_2023_historical_data_coinmarketcap.csv,TRON,2022,7,14,0,23,19,15
2022-07-13 00:00:00+00:00,2022-07-13 23:59:59.999000+00:00,2022-07-13 23:43:00+00:00,2022-07-13 13:34:00+00:00,2781,0.0646456601,0.0662439511,0.0637720537,0.0662428295,647000670.2,6125904451.93,2022-07-13 23:59:59.999000+00:00,TRON_01_01_2022-01_01_2023_historical_data_coinmarketcap.csv,TRON,2022,7,13,0,23,23,13
2022-07-12 00:00:00+00:00,2022-07-12 23:59:59.999000+00:00,2022-07-12 05:58:00+00:00,2022-07-12 00:32:00+00:00,2781,0.0647174132,0.0656824698,0.064535043,0.0646436175,522121126.45,5978105663.78,2022-07-12 23:59:59.999000+00:00,TRON_01_01_2022-01_01_2023_historical_data_coinmarketcap.csv,TRON,2022,7,12,0,23,5,0
2022-07-11 00:00:00+00:00,2022-07-11 23:59:59.999000+00:00,2022-07-11 00:59:00+00:00,2022-07-11 23:26:00+00:00,2781,0.0676268324,0.0676744559,0.0645884614,0.064718101,501527155.25,5985108895.99,2022-07-11 23:59:59.999000+00:00,TRON_01_01_2022-01_01_2023_historical_data_coinmarketcap.csv,TRON,2022,7,11,0,23,0,23
2022-07-10 00:00:00+00:00,2022-07-10 23:59:59.999000+00:00,2022-07-10 00:20:00+00:00,2022-07-10 22:28:00+00:00,2781,0.0698352441,0.0699333641,0.067284875,0.0676467317,536501465.49,6256044022.34,2022-07-10 23:59:59.999000+00:00,TRON_01_01_2022-01_01_2023_historical_data_coinmarketcap.csv,TRON,2022,7,10,0,23,0,22
2022-07-09 00:00:00+00:00,2022-07-09 23:59:59.999000+00:00,2022-07-09 11:51:00+00:00,2022-07-09 00:00:00+00:00,2781,0.0690289649,0.0711870231,0.0690289649,0.0698333394,523762965.82,6458266850.21,2022-07-09 23:59:59.999000+00:00,TRON_01_01_2022-01_01_2023_historical_data_coinmarketcap.csv,TRON,2022,7,9,0,23,11,0
2022-07-08 00:00:00+00:00,2022-07-08 23:59:59.999000+00:00,2022-07-08 01:34:00+00:00,2022-07-08 13:55:00+00:00,2781,0.0686423057,0.0696503806,0.067744877,0.0690220832,642392688.47,6383272509.78,2022-07-08 23:59:59.999000+00:00,TRON_01_01_2022-01_01_2023_historical_data_coinmarketcap.csv,TRON,2022,7,8,0,23,1,13
2022-07-07 00:00:00+00:00,2022-07-07 23:59:59.999000+00:00,2022-07-07 20:02:00+00:00,2022-07-07 06:01:00+00:00,2781,0.067585654,0.068781088,0.0663400083,0.0686443164,602740360.22,6348423813.78,2022-07-07 23:59:59.999000+00:00,TRON_01_01_2022-01_01_2023_historical_data_coinmarketcap.csv,TRON,2022,7,7,0,23,20,6
2022-07-06 00:00:00+00:00,2022-07-06 23:59:59.999000+00:00,2022-07-06 10:10:00+00:00,2022-07-06 15:46:00+00:00,2781,0.0682026516,0.0684451623,0.0668854281,0.0675855102,549364121.63,6250587869.05,2022-07-06 23:59:59.999000+00:00,TRON_01_01_2022-01_01_2023_historical_data_coinmarketcap.csv,TRON,2022,7,6,0,23,10,15
2022-07-05 00:00:00+00:00,2022-07-05 23:59:59.999000+00:00,2022-07-05 05:47:00+00:00,2022-07-05 15:13:00+00:00,2781,0.0672443889,0.0688429711,0.0666576073,0.0681941012,645612236.93,6306969905.68,2022-07-05 23:59:59.999000+00:00,TRON_01_01_2022-01_01_2023_historical_data_coinmarketcap.csv,TRON,2022,7,5,0,23,5,15
2022-07-04 00:00:00+00:00,2022-07-04 23:59:59.999000+00:00,2022-07-04 17:46:00+00:00,2022-07-04 09:16:00+00:00,2781,0.0662418071,0.067543097,0.065623454,0.0672381747,587238127.14,6218651380.68,2022-07-04 23:59:59.999000+00:00,TRON_01_01_2022-01_01_2023_historical_data_coinmarketcap.csv,TRON,2022,7,4,0,23,17,9
2022-07-03 00:00:00+00:00,2022-07-03 23:59:59.999000+00:00,2022-07-03 23:52:00+00:00,2022-07-03 14:04:00+00:00,2781,0.0647694687,0.0663073907,0.0625608803,0.0662464059,593842786.62,6127028339.99,2022-07-03 23:59:59.999000+00:00,TRON_01_01_2022-01_01_2023_historical_data_coinmarketcap.csv,TRON,2022,7,3,0,23,23,14
2022-07-02 00:00:00+00:00,2022-07-02 23:59:59.999000+00:00,2022-07-02 02:17:00+00:00,2022-07-02 09:44:00+00:00,2781,0.0649678345,0.0653763106,0.0644392601,0.0647662627,448329134.22,5990144091.29,2022-07-02 23:59:59.999000+00:00,TRON_01_01_2022-01_01_2023_historical_data_coinmarketcap.csv,TRON,2022,7,2,0,23,2,9
2022-07-01 00:00:00+00:00,2022-07-01 23:59:59.999000+00:00,2022-07-01 00:34:00+00:00,2022-07-01 14:38:00+00:00,2781,0.064791852,0.0661604383,0.0642197096,0.0649441467,775984995.46,6006650856.21,2022-07-01 23:59:59.999000+00:00,TRON_01_01_2022-01_01_2023_historical_data_coinmarketcap.csv,TRON,2022,7,1,0,23,0,14
2022-06-30 00:00:00+00:00,2022-06-30 23:59:59.999000+00:00,2022-06-30 06:04:00+00:00,2022-06-30 13:46:00+00:00,2781,0.064832785,0.0658094484,0.0623365213,0.0647548544,772177738.49,5989244853.22,2022-06-30 23:59:59.999000+00:00,TRON_01_01_2022-01_01_2023_historical_data_coinmarketcap.csv,TRON,2022,6,30,0,23,6,13
2022-06-29 00:00:00+00:00,2022-06-29 23:59:59.999000+00:00,2022-06-29 01:37:00+00:00,2022-06-29 17:34:00+00:00,2781,0.0660335633,0.0664687487,0.0641701808,0.0648296812,633531667.8,5996279032.71,2022-06-29 23:59:59.999000+00:00,TRON_01_01_2022-01_01_2023_historical_data_coinmarketcap.csv,TRON,2022,6,29,0,23,1,17
2022-06-28 00:00:00+00:00,2022-06-28 23:59:59.999000+00:00,2022-06-28 12:22:00+00:00,2022-06-28 02:44:00+00:00,2781,0.0670654277,0.0681219414,0.0653913967,0.066037751,711602625.68,6108115560.38,2022-06-28 23:59:59.999000+00:00,TRON_01_01_2022-01_01_2023_historical_data_coinmarketcap.csv,TRON,2022,6,28,0,23,12,2
2022-06-27 00:00:00+00:00,2022-06-27 23:59:59.999000+00:00,2022-06-27 10:31:00+00:00,2022-06-27 00:04:00+00:00,2781,0.0649722684,0.0700507584,0.0649342854,0.0670722932,783335544.12,6203983860.8,2022-06-27 23:59:59.999000+00:00,TRON_01_01_2022-01_01_2023_historical_data_coinmarketcap.csv,TRON,2022,6,27,0,23,10,0
2022-06-26 00:00:00+00:00,2022-06-26 23:59:59.999000+00:00,2022-06-26 21:47:00+00:00,2022-06-26 18:23:00+00:00,2781,0.0649024742,0.0658177626,0.0641503165,0.0649642166,429015921.7,6009178176.49,2022-06-26 23:59:59.999000+00:00,TRON_01_01_2022-01_01_2023_historical_data_coinmarketcap.csv,TRON,2022,6,26,0,23,21,18
2022-06-25 00:00:00+00:00,2022-06-25 23:59:59.999000+00:00,2022-06-25 02:01:00+00:00,2022-06-25 16:01:00+00:00,2781,0.0659059075,0.0661973875,0.0637577889,0.0649139332,450270261.23,6004598717.32,2022-06-25 23:59:59.999000+00:00,TRON_01_01_2022-01_01_2023_historical_data_coinmarketcap.csv,TRON,2022,6,25,0,23,2,16
2022-06-24 00:00:00+00:00,2022-06-24 23:59:59.999000+00:00,2022-06-24 22:19:00+00:00,2022-06-24 00:37:00+00:00,2781,0.0637425836,0.0666143719,0.0636368155,0.0659010167,588393542.62,6096020358.4,2022-06-24 23:59:59.999000+00:00,TRON_01_01_2022-01_01_2023_historical_data_coinmarketcap.csv,TRON,2022,6,24,0,23,22,0
2022-06-23 00:00:00+00:00,2022-06-23 23:59:59.999000+00:00,2022-06-23 06:46:00+00:00,2022-06-23 19:06:00+00:00,2781,0.0631205506,0.0644615277,0.0620696404,0.0637472569,470843936.77,5896947085.75,2022-06-23 23:59:59.999000+00:00,TRON_01_01_2022-01_01_2023_historical_data_coinmarketcap.csv,TRON,2022,6,23,0,23,6,19
2022-06-22 00:00:00+00:00,2022-06-22 23:59:59.999000+00:00,2022-06-22 05:35:00+00:00,2022-06-22 20:43:00+00:00,2781,0.0648745802,0.065613106,0.0631196417,0.0631252389,556844383.06,5839538085.43,2022-06-22 23:59:59.999000+00:00,TRON_01_01_2022-01_01_2023_historical_data_coinmarketcap.csv,TRON,2022,6,22,0,23,5,20
2022-06-21 00:00:00+00:00,2022-06-21 23:59:59.999000+00:00,2022-06-21 15:17:00+00:00,2022-06-21 00:35:00+00:00,2781,0.0611444719,0.0665779665,0.0609990975,0.0648461648,729139975.05,5998876020.3,2022-06-21 23:59:59.999000+00:00,TRON_01_01_2022-01_01_2023_historical_data_coinmarketcap.csv,TRON,2022,6,21,0,23,15,0
2022-06-20 00:00:00+00:00,2022-06-20 23:59:59.999000+00:00,2022-06-20 15:06:00+00:00,2022-06-20 05:06:00+00:00,2781,0.06145211,0.0618622699,0.059586015,0.0611516259,646782356.19,5657302815.0,2022-06-20 23:59:59.999000+00:00,TRON_01_01_2022-01_01_2023_historical_data_coinmarketcap.csv,TRON,2022,6,20,0,23,15,5
2022-06-19 00:00:00+00:00,2022-06-19 23:59:59.999000+00:00,2022-06-19 11:08:00+00:00,2022-06-19 17:25:00+00:00,2781,0.0609070787,0.0627329216,0.0587938401,0.0614953773,852991390.02,5689379150.29,2022-06-19 23:59:59.999000+00:00,TRON_01_01_2022-01_01_2023_historical_data_coinmarketcap.csv,TRON,2022,6,19,0,23,11,17
2022-06-18 00:00:00+00:00,2022-06-18 23:59:59.999000+00:00,2022-06-18 16:35:00+00:00,2022-06-18 08:25:00+00:00,2781,0.0598763164,0.0619887378,0.0572355398,0.0609228617,1028383584.14,5636621276.16,2022-06-18 23:59:59.999000+00:00,TRON_01_01_2022-01_01_2023_historical_data_coinmarketcap.csv,TRON,2022,6,18,0,23,16,8
2022-06-17 00:00:00+00:00,2022-06-17 23:59:59.999000+00:00,2022-06-17 01:49:00+00:00,2022-06-17 00:04:00+00:00,2781,0.059095049,0.0627238095,0.0588358237,0.0598742133,762884513.02,5539713605.69,2022-06-17 23:59:59.999000+00:00,TRON_01_01_2022-01_01_2023_historical_data_coinmarketcap.csv,TRON,2022,6,17,0,23,1,0
2022-06-16 00:00:00+00:00,2022-06-16 23:59:59.999000+00:00,2022-06-16 01:16:00+00:00,2022-06-16 22:52:00+00:00,2781,0.0629401764,0.065294689,0.0585118466,0.0590901554,1183929293.63,5467279686.57,2022-06-16 23:59:59.999000+00:00,TRON_01_01_2022-01_01_2023_historical_data_coinmarketcap.csv,TRON,2022,6,16,0,23,1,22
2022-06-15 00:00:00+00:00,2022-06-15 23:59:59.999000+00:00,2022-06-15 22:35:00+00:00,2022-06-15 08:04:00+00:00,2781,0.0557535596,0.0635264938,0.0474388537,0.0629328536,2755308725.43,5822999304.8,2022-06-15 23:59:59.999000+00:00,TRON_01_01_2022-01_01_2023_historical_data_coinmarketcap.csv,TRON,2022,6,15,0,23,22,8
2022-06-14 00:00:00+00:00,2022-06-14 23:59:59.999000+00:00,2022-06-14 00:15:00+00:00,2022-06-14 21:25:00+00:00,2781,0.0638041965,0.0645633514,0.052399355,0.0557855776,1822789351.82,5161873396.82,2022-06-14 23:59:59.999000+00:00,TRON_01_01_2022-01_01_2023_historical_data_coinmarketcap.csv,TRON,2022,6,14,0,23,0,21
2022-06-13 00:00:00+00:00,2022-06-13 23:59:59.999000+00:00,2022-06-13 00:37:00+00:00,2022-06-13 08:04:00+00:00,2781,0.0764101099,0.0765052158,0.0612684464,0.0637941175,2287620587.85,5903124670.87,2022-06-13 23:59:59.999000+00:00,TRON_01_01_2022-01_01_2023_historical_data_coinmarketcap.csv,TRON,2022,6,13,0,23,0,8
2022-06-12 00:00:00+00:00,2022-06-12 23:59:59.999000+00:00,2022-06-12 16:20:00+00:00,2022-06-12 05:34:00+00:00,2781,0.0759825484,0.0784585572,0.0743718388,0.0764232583,976987396.87,7072035291.84,2022-06-12 23:59:59.999000+00:00,TRON_01_01_2022-01_01_2023_historical_data_coinmarketcap.csv,TRON,2022,6,12,0,23,16,5
2022-06-11 00:00:00+00:00,2022-06-11 23:59:59.999000+00:00,2022-06-11 07:47:00+00:00,2022-06-11 15:25:00+00:00,2781,0.0789539852,0.080222463,0.0749546666,0.0759474242,781940112.76,7028106788.27,2022-06-11 23:59:59.999000+00:00,TRON_01_01_2022-01_01_2023_historical_data_coinmarketcap.csv,TRON,2022,6,11,0,23,7,15
2022-06-10 00:00:00+00:00,2022-06-10 23:59:59.999000+00:00,2022-06-10 05:22:00+00:00,2022-06-10 23:40:00+00:00,2781,0.0809728351,0.0815216478,0.0789300186,0.0789435854,768679901.8,7325219743.49,2022-06-10 23:59:59.999000+00:00,TRON_01_01_2022-01_01_2023_historical_data_coinmarketcap.csv,TRON,2022,6,10,0,23,5,23
2022-06-09 00:00:00+00:00,2022-06-09 23:59:59.999000+00:00,2022-06-09 09:02:00+00:00,2022-06-09 00:35:00+00:00,2781,0.0806406471,0.0817365028,0.0800968079,0.0809761796,699118759.51,7514002757.72,2022-06-09 23:59:59.999000+00:00,TRON_01_01_2022-01_01_2023_historical_data_coinmarketcap.csv,TRON,2022,6,9,0,23,9,0
2022-06-08 00:00:00+00:00,2022-06-08 23:59:59.999000+00:00,2022-06-08 02:19:00+00:00,2022-06-08 04:10:00+00:00,2781,0.0820067273,0.0824937494,0.0797432976,0.0806369282,817566177.01,7482670433.68,2022-06-08 23:59:59.999000+00:00,TRON_01_01_2022-01_01_2023_historical_data_coinmarketcap.csv,TRON,2022,6,8,0,23,2,4
2022-06-07 00:00:00+00:00,2022-06-07 23:59:59.999000+00:00,2022-06-07 20:28:00+00:00,2022-06-07 01:56:00+00:00,2781,0.081701713,0.0830036334,0.0790269683,0.0820134836,908038205.9,7610562216.27,2022-06-07 23:59:59.999000+00:00,TRON_01_01_2022-01_01_2023_historical_data_coinmarketcap.csv,TRON,2022,6,7,0,23,20,1
2022-06-06 00:00:00+00:00,2022-06-06 23:59:59.999000+00:00,2022-06-06 09:55:00+00:00,2022-06-06 00:19:00+00:00,2781,0.0814341162,0.0847390069,0.0812077875,0.0817051934,779535719.34,7616532074.0,2022-06-06 23:59:59.999000+00:00,TRON_01_01_2022-01_01_2023_historical_data_coinmarketcap.csv,TRON,2022,6,6,0,23,9,0
2022-06-05 00:00:00+00:00,2022-06-05 23:59:59.999000+00:00,2022-06-05 16:14:00+00:00,2022-06-05 04:28:00+00:00,2781,0.08036972,0.0824290699,0.0793725164,0.0814263241,598654848.88,7590707469.74,2022-06-05 23:59:59.999000+00:00,TRON_01_01_2022-01_01_2023_historical_data_coinmarketcap.csv,TRON,2022,6,5,0,23,16,4
2022-06-04 00:00:00+00:00,2022-06-04 23:59:59.999000+00:00,2022-06-04 00:37:00+00:00,2022-06-04 04:00:00+00:00,2781,0.081153569,0.0813240093,0.0772154502,0.0803670892,871853677.53,7492016256.08,2022-06-04 23:59:59.999000+00:00,TRON_01_01_2022-01_01_2023_historical_data_coinmarketcap.csv,TRON,2022,6,4,0,23,0,4
2022-06-03 00:00:00+00:00,2022-06-03 23:59:59.999000+00:00,2022-06-03 02:01:00+00:00,2022-06-03 15:13:00+00:00,2781,0.0842314113,0.0860599205,0.0806727061,0.0811437481,806751464.36,7564481467.68,2022-06-03 23:59:59.999000+00:00,TRON_01_01_2022-01_01_2023_historical_data_coinmarketcap.csv,TRON,2022,6,3,0,23,2,15
2022-06-02 00:00:00+00:00,2022-06-02 23:59:59.999000+00:00,2022-06-02 12:23:00+00:00,2022-06-02 02:34:00+00:00,2781,0.0834711497,0.0853509574,0.081403248,0.0842185615,1015848750.07,7851246669.35,2022-06-02 23:59:59.999000+00:00,TRON_01_01_2022-01_01_2023_historical_data_coinmarketcap.csv,TRON,2022,6,2,0,23,12,2
2022-06-01 00:00:00+00:00,2022-06-01 23:59:59.999000+00:00,2022-06-01 12:53:00+00:00,2022-06-01 03:19:00+00:00,2781,0.0841724881,0.0909390641,0.0821800017,0.0834741204,1758857733.96,7782002460.48,2022-06-01 23:59:59.999000+00:00,TRON_01_01_2022-01_01_2023_historical_data_coinmarketcap.csv,TRON,2022,6,1,0,23,12,3
2022-05-31 00:00:00+00:00,2022-05-31 23:59:59.999000+00:00,2022-05-31 23:59:00+00:00,2022-05-31 13:46:00+00:00,2781,0.0832496375,0.0841906649,0.0796522763,0.0841906649,983838109.8,7909708182.02,2022-05-31 23:59:59.999000+00:00,TRON_01_01_2022-01_01_2023_historical_data_coinmarketcap.csv,TRON,2022,5,31,0,23,23,13
2022-05-30 00:00:00+00:00,2022-05-30 23:59:59.999000+00:00,2022-05-30 21:34:00+00:00,2022-05-30 00:58:00+00:00,2781,0.0805054911,0.0842380211,0.0803077219,0.0832593819,930393865.32,7822431870.78,2022-05-30 23:59:59.999000+00:00,TRON_01_01_2022-01_01_2023_historical_data_coinmarketcap.csv,TRON,2022,5,30,0,23,21,0
2022-05-29 00:00:00+00:00,2022-05-29 23:59:59.999000+00:00,2022-05-29 12:16:00+00:00,2022-05-29 19:48:00+00:00,2781,0.0812552124,0.0821597505,0.0788714405,0.0805066834,744344489.96,7564027713.24,2022-05-29 23:59:59.999000+00:00,TRON_01_01_2022-01_01_2023_historical_data_coinmarketcap.csv,TRON,2022,5,29,0,23,12,19
2022-05-28 00:00:00+00:00,2022-05-28 23:59:59.999000+00:00,2022-05-28 15:35:00+00:00,2022-05-28 03:07:00+00:00,2781,0.0802228013,0.0824443211,0.0791783294,0.081254967,895921517.87,7634419480.38,2022-05-28 23:59:59.999000+00:00,TRON_01_01_2022-01_01_2023_historical_data_coinmarketcap.csv,TRON,2022,5,28,0,23,15,3
2022-05-27 00:00:00+00:00,2022-05-27 23:59:59.999000+00:00,2022-05-27 12:46:00+00:00,2022-05-27 02:16:00+00:00,2781,0.0823358612,0.0834329325,0.0787097873,0.0806223673,1464024902.71,7575096749.57,2022-05-27 23:59:59.999000+00:00,TRON_01_01_2022-01_01_2023_historical_data_coinmarketcap.csv,TRON,2022,5,27,0,23,12,2
2022-05-26 00:00:00+00:00,2022-05-26 23:59:59.999000+00:00,2022-05-26 02:32:00+00:00,2022-05-26 11:25:00+00:00,2781,0.0846651261,0.0862451842,0.079680907,0.0823704578,1876632594.77,7764264576.55,2022-05-26 23:59:59.999000+00:00,TRON_01_01_2022-01_01_2023_historical_data_coinmarketcap.csv,TRON,2022,5,26,0,23,2,11
2022-05-25 00:00:00+00:00,2022-05-25 23:59:59.999000+00:00,2022-05-25 21:46:00+00:00,2022-05-25 12:02:00+00:00,2781,0.0805962208,0.0859633843,0.0802380705,0.0846299384,1379210474.58,8007114050.73,2022-05-25 23:59:59.999000+00:00,TRON_01_01_2022-01_01_2023_historical_data_coinmarketcap.csv,TRON,2022,5,25,0,23,21,12
2022-05-24 00:00:00+00:00,2022-05-24 23:59:59.999000+00:00,2022-05-24 18:13:00+00:00,2022-05-24 01:38:00+00:00,2781,0.0762804107,0.0826524271,0.0761561222,0.0806069273,1477540631.67,7628171006.98,2022-05-24 23:59:59.999000+00:00,TRON_01_01_2022-01_01_2023_historical_data_coinmarketcap.csv,TRON,2022,5,24,0,23,18,1
2022-05-23 00:00:00+00:00,2022-05-23 23:59:59.999000+00:00,2022-05-23 18:52:00+00:00,2022-05-23 15:02:00+00:00,2781,0.0781278559,0.0822789285,0.0759694615,0.0762817193,1295306335.65,7258172631.29,2022-05-23 23:59:59.999000+00:00,TRON_01_01_2022-01_01_2023_historical_data_coinmarketcap.csv,TRON,2022,5,23,0,23,18,15
2022-05-22 00:00:00+00:00,2022-05-22 23:59:59.999000+00:00,2022-05-22 22:53:00+00:00,2022-05-22 05:01:00+00:00,2781,0.0740712405,0.078396602,0.0736865987,0.0781306476,893396753.84,7473363176.14,2022-05-22 23:59:59.999000+00:00,TRON_01_01_2022-01_01_2023_historical_data_coinmarketcap.csv,TRON,2022,5,22,0,23,22,5
2022-05-21 00:00:00+00:00,2022-05-21 23:59:59.999000+00:00,2022-05-21 15:10:00+00:00,2022-05-21 02:13:00+00:00,2781,0.0713541614,0.0754338831,0.0706076172,0.0740701079,762864621.4,7166514508.84,2022-05-21 23:59:59.999000+00:00,TRON_01_01_2022-01_01_2023_historical_data_coinmarketcap.csv,TRON,2022,5,21,0,23,15,2
2022-05-20 00:00:00+00:00,2022-05-20 23:59:59.999000+00:00,2022-05-20 12:04:00+00:00,2022-05-20 20:07:00+00:00,2781,0.0736102375,0.0749103392,0.0702841779,0.071350712,1027930563.94,6931434156.84,2022-05-20 23:59:59.999000+00:00,TRON_01_01_2022-01_01_2023_historical_data_coinmarketcap.csv,TRON,2022,5,20,0,23,12,20
2022-05-19 00:00:00+00:00,2022-05-19 23:59:59.999000+00:00,2022-05-19 15:52:00+00:00,2022-05-19 02:16:00+00:00,2781,0.0709779066,0.0745505498,0.070242324,0.0736079379,1024380446.77,7165600972.73,2022-05-19 23:59:59.999000+00:00,TRON_01_01_2022-01_01_2023_historical_data_coinmarketcap.csv,TRON,2022,5,19,0,23,15,2
2022-05-18 00:00:00+00:00,2022-05-18 23:59:59.999000+00:00,2022-05-18 00:32:00+00:00,2022-05-18 15:25:00+00:00,2781,0.0722782999,0.0727320771,0.06955313,0.0709743928,882600966.73,6924293697.43,2022-05-18 23:59:59.999000+00:00,TRON_01_01_2022-01_01_2023_historical_data_coinmarketcap.csv,TRON,2022,5,18,0,23,0,15
2022-05-17 00:00:00+00:00,2022-05-17 23:59:59.999000+00:00,2022-05-17 20:40:00+00:00,2022-05-17 00:05:00+00:00,2781,0.0691074349,0.073594411,0.0690374263,0.0722930856,952468477.49,7059633362.29,2022-05-17 23:59:59.999000+00:00,TRON_01_01_2022-01_01_2023_historical_data_coinmarketcap.csv,TRON,2022,5,17,0,23,20,0
2022-05-16 00:00:00+00:00,2022-05-16 23:59:59.999000+00:00,2022-05-16 00:01:00+00:00,2022-05-16 15:46:00+00:00,2781,0.0723608332,0.0723670671,0.0675169484,0.0690882025,855280675.02,6754785477.74,2022-05-16 23:59:59.999000+00:00,TRON_01_01_2022-01_01_2023_historical_data_coinmarketcap.csv,TRON,2022,5,16,0,23,0,15
2022-05-15 00:00:00+00:00,2022-05-15 23:59:59.999000+00:00,2022-05-15 00:00:00+00:00,2022-05-15 14:34:00+00:00,2781,0.0724908992,0.0724908992,0.0680946082,0.0723578592,870741566.72,7089172173.58,2022-05-15 23:59:59.999000+00:00,TRON_01_01_2022-01_01_2023_historical_data_coinmarketcap.csv,TRON,2022,5,15,0,23,0,14
2022-05-14 00:00:00+00:00,2022-05-14 23:59:59.999000+00:00,2022-05-14 01:34:00+00:00,2022-05-14 14:10:00+00:00,2781,0.0742114122,0.0759322693,0.0710434988,0.0725005264,1027296112.76,7117850153.15,2022-05-14 23:59:59.999000+00:00,TRON_01_01_2022-01_01_2023_historical_data_coinmarketcap.csv,TRON,2022,5,14,0,23,1,14
2022-05-13 00:00:00+00:00,2022-05-13 23:59:59.999000+00:00,2022-05-13 14:43:00+00:00,2022-05-13 00:24:00+00:00,2781,0.0673784859,0.0762932814,0.0667543626,0.0742069896,1476857084.74,7285616991.04,2022-05-13 23:59:59.999000+00:00,TRON_01_01_2022-01_01_2023_historical_data_coinmarketcap.csv,TRON,2022,5,13,0,23,14,0
2022-05-12 00:00:00+00:00,2022-05-12 23:59:59.999000+00:00,2022-05-12 01:13:00+00:00,2022-05-12 22:40:00+00:00,2781,0.0744741026,0.0789038918,0.0661235694,0.067403391,2368941621.87,6617955336.23,2022-05-12 23:59:59.999000+00:00,TRON_01_01_2022-01_01_2023_historical_data_coinmarketcap.csv,TRON,2022,5,12,0,23,1,22
2022-05-11 00:00:00+00:00,2022-05-11 23:59:59.999000+00:00,2022-05-11 13:52:00+00:00,2022-05-11 12:04:00+00:00,2781,0.0769719368,0.08181461,0.0636312811,0.0744731379,4142562948.4,7312516735.02,2022-05-11 23:59:59.999000+00:00,TRON_01_01_2022-01_01_2023_historical_data_coinmarketcap.csv,TRON,2022,5,11,0,23,13,12
2022-05-10 00:00:00+00:00,2022-05-10 23:59:59.999000+00:00,2022-05-10 13:07:00+00:00,2022-05-10 00:22:00+00:00,2781,0.0732466844,0.0820551715,0.0720312629,0.0769976011,2462951534.5,7560776496.83,2022-05-10 23:59:59.999000+00:00,TRON_01_01_2022-01_01_2023_historical_data_coinmarketcap.csv,TRON,2022,5,10,0,23,13,0
2022-05-09 00:00:00+00:00,2022-05-09 23:59:59.999000+00:00,2022-05-09 00:02:00+00:00,2022-05-09 19:53:00+00:00,2781,0.0875498484,0.0878206718,0.0726721581,0.0732628327,2918306328.58,7208256318.69,2022-05-09 23:59:59.999000+00:00,TRON_01_01_2022-01_01_2023_historical_data_coinmarketcap.csv,TRON,2022,5,9,0,23,0,19
2022-05-08 00:00:00+00:00,2022-05-08 23:59:59.999000+00:00,2022-05-08 16:49:00+00:00,2022-05-08 02:17:00+00:00,2781,0.0832949164,0.0908689211,0.0806853822,0.087527189,2832185587.55,8626071847.17,2022-05-08 23:59:59.999000+00:00,TRON_01_01_2022-01_01_2023_historical_data_coinmarketcap.csv,TRON,2022,5,8,0,23,16,2
2022-05-07 00:00:00+00:00,2022-05-07 23:59:59.999000+00:00,2022-05-07 00:58:00+00:00,2022-05-07 22:55:00+00:00,2781,0.0862434639,0.0878821852,0.080488682,0.0832652763,3071282411.39,8235369874.52,2022-05-07 23:59:59.999000+00:00,TRON_01_01_2022-01_01_2023_historical_data_coinmarketcap.csv,TRON,2022,5,7,0,23,0,22
2022-05-06 00:00:00+00:00,2022-05-06 23:59:59.999000+00:00,2022-05-06 23:22:00+00:00,2022-05-06 00:56:00+00:00,2781,0.0745796795,0.087789306,0.0731704492,0.0861750072,3585606184.48,8755038927.48,2022-05-06 23:59:59.999000+00:00,TRON_01_01_2022-01_01_2023_historical_data_coinmarketcap.csv,TRON,2022,5,6,0,23,23,0
2022-05-05 00:00:00+00:00,2022-05-05 23:59:59.999000+00:00,2022-05-05 02:58:00+00:00,2022-05-05 19:25:00+00:00,2781,0.0862540153,0.0891190068,0.0719950507,0.0745845009,2820369693.84,7577730834.69,2022-05-05 23:59:59.999000+00:00,TRON_01_01_2022-01_01_2023_historical_data_coinmarketcap.csv,TRON,2022,5,5,0,23,2,19
2022-05-04 00:00:00+00:00,2022-05-04 23:59:59.999000+00:00,2022-05-04 23:55:00+00:00,2022-05-04 04:35:00+00:00,2781,0.0723506912,0.0862516398,0.0702255234,0.0862485371,2980152526.97,8763116429.73,2022-05-04 23:59:59.999000+00:00,TRON_01_01_2022-01_01_2023_historical_data_coinmarketcap.csv,TRON,2022,5,4,0,23,23,4
2022-05-03 00:00:00+00:00,2022-05-03 23:59:59.999000+00:00,2022-05-03 12:22:00+00:00,2022-05-03 00:23:00+00:00,2781,0.0687940332,0.0748595553,0.0684881266,0.0723356412,1731810529.91,7349727999.71,2022-05-03 23:59:59.999000+00:00,TRON_01_01_2022-01_01_2023_historical_data_coinmarketcap.csv,TRON,2022,5,3,0,23,12,0
2022-05-02 00:00:00+00:00,2022-05-02 23:59:59.999000+00:00,2022-05-02 07:16:00+00:00,2022-05-02 17:49:00+00:00,2781,0.0709026167,0.0733931588,0.0648715469,0.0687886854,1653747357.97,6989480607.77,2022-05-02 23:59:59.999000+00:00,TRON_01_01_2022-01_01_2023_historical_data_coinmarketcap.csv,TRON,2022,5,2,0,23,7,17
2022-05-01 00:00:00+00:00,2022-05-01 23:59:59.999000+00:00,2022-05-01 23:28:00+00:00,2022-05-01 01:39:00+00:00,2781,0.062765418,0.071497361,0.0619905215,0.0709063802,1781670100.75,7204837036.5,2022-05-01 23:59:59.999000+00:00,TRON_01_01_2022-01_01_2023_historical_data_coinmarketcap.csv,TRON,2022,5,1,0,23,23,1
2022-04-30 00:00:00+00:00,2022-04-30 23:59:59.999000+00:00,2022-04-30 02:26:00+00:00,2022-04-30 17:59:00+00:00,2781,0.0635381818,0.0651649023,0.0621173512,0.0627669421,1060740398.66,6377935573.69,2022-04-30 23:59:59.999000+00:00,TRON_01_01_2022-01_01_2023_historical_data_coinmarketcap.csv,TRON,2022,4,30,0,23,2,17
2022-04-29 00:00:00+00:00,2022-04-29 23:59:59.999000+00:00,2022-04-29 10:18:00+00:00,2022-04-29 21:58:00+00:00,2781,0.0637438989,0.0696651896,0.0629847529,0.0635337789,1446734274.73,6456030378.26,2022-04-29 23:59:59.999000+00:00,TRON_01_01_2022-01_01_2023_historical_data_coinmarketcap.csv,TRON,2022,4,29,0,23,10,21
2022-04-28 00:00:00+00:00,2022-04-28 23:59:59.999000+00:00,2022-04-28 09:49:00+00:00,2022-04-28 14:07:00+00:00,2781,0.0632145719,0.0640498661,0.062585989,0.0637519969,750546636.35,6478413480.73,2022-04-28 23:59:59.999000+00:00,TRON_01_01_2022-01_01_2023_historical_data_coinmarketcap.csv,TRON,2022,4,28,0,23,9,14
2022-04-27 00:00:00+00:00,2022-04-27 23:59:59.999000+00:00,2022-04-27 08:01:00+00:00,2022-04-27 00:49:00+00:00,2781,0.0619258259,0.0636316591,0.0618524969,0.0632209256,769914328.57,6424636972.69,2022-04-27 23:59:59.999000+00:00,TRON_01_01_2022-01_01_2023_historical_data_coinmarketcap.csv,TRON,2022,4,27,0,23,8,0
2022-04-26 00:00:00+00:00,2022-04-26 23:59:59.999000+00:00,2022-04-26 01:23:00+00:00,2022-04-26 23:31:00+00:00,2781,0.0653225144,0.0655473538,0.0617643921,0.0619198427,759564577.41,6292597775.32,2022-04-26 23:59:59.999000+00:00,TRON_01_01_2022-01_01_2023_historical_data_coinmarketcap.csv,TRON,2022,4,26,0,23,1,23
2022-04-25 00:00:00+00:00,2022-04-25 23:59:59.999000+00:00,2022-04-25 00:02:00+00:00,2022-04-25 09:19:00+00:00,2781,0.0657020006,0.0657346458,0.0619232524,0.0653307037,822895494.32,6639425674.06,2022-04-25 23:59:59.999000+00:00,TRON_01_01_2022-01_01_2023_historical_data_coinmarketcap.csv,TRON,2022,4,25,0,23,0,9
2022-04-24 00:00:00+00:00,2022-04-24 23:59:59.999000+00:00,2022-04-24 00:13:00+00:00,2022-04-24 13:43:00+00:00,2781,0.0676539328,0.0678587171,0.0649290506,0.0656969394,731832316.73,6676854623.6,2022-04-24 23:59:59.999000+00:00,TRON_01_01_2022-01_01_2023_historical_data_coinmarketcap.csv,TRON,2022,4,24,0,23,0,13
2022-04-23 00:00:00+00:00,2022-04-23 23:59:59.999000+00:00,2022-04-23 04:14:00+00:00,2022-04-23 00:08:00+00:00,2781,0.0667825583,0.0691177501,0.0667000984,0.0676515006,859038928.93,6875607585.81,2022-04-23 23:59:59.999000+00:00,TRON_01_01_2022-01_01_2023_historical_data_coinmarketcap.csv,TRON,2022,4,23,0,23,4,0
2022-04-22 00:00:00+00:00,2022-04-22 23:59:59.999000+00:00,2022-04-22 01:11:00+00:00,2022-04-22 15:07:00+00:00,2781,0.071400148,0.0720506982,0.0666824692,0.0667896507,1803457516.32,6788128412.43,2022-04-22 23:59:59.999000+00:00,TRON_01_01_2022-01_01_2023_historical_data_coinmarketcap.csv,TRON,2022,4,22,0,23,1,15
2022-04-21 00:00:00+00:00,2022-04-21 23:59:59.999000+00:00,2022-04-21 14:58:00+00:00,2022-04-21 06:02:00+00:00,2781,0.0626387555,0.0741187936,0.0625551355,0.071457189,3205960176.03,7262714354.01,2022-04-21 23:59:59.999000+00:00,TRON_01_01_2022-01_01_2023_historical_data_coinmarketcap.csv,TRON,2022,4,21,0,23,14,6
2022-04-20 00:00:00+00:00,2022-04-20 23:59:59.999000+00:00,2022-04-20 09:16:00+00:00,2022-04-20 18:46:00+00:00,2781,0.0633414865,0.0633882953,0.0619339396,0.0626423101,982946555.95,6366985440.92,2022-04-20 23:59:59.999000+00:00,TRON_01_01_2022-01_01_2023_historical_data_coinmarketcap.csv,TRON,2022,4,20,0,23,9,18
2022-04-19 00:00:00+00:00,2022-04-19 23:59:59.999000+00:00,2022-04-19 19:40:00+00:00,2022-04-19 09:32:00+00:00,2781,0.061560513,0.0635628318,0.0612181081,0.0633678139,968416693.51,6440955117.61,2022-04-19 23:59:59.999000+00:00,TRON_01_01_2022-01_01_2023_historical_data_coinmarketcap.csv,TRON,2022,4,19,0,23,19,9
2022-04-18 00:00:00+00:00,2022-04-18 23:59:59.999000+00:00,2022-04-18 21:40:00+00:00,2022-04-18 05:13:00+00:00,2781,0.0602423647,0.0616245011,0.0590978922,0.0615608061,1069156317.66,6257447942.73,2022-04-18 23:59:59.999000+00:00,TRON_01_01_2022-01_01_2023_historical_data_coinmarketcap.csv,TRON,2022,4,18,0,23,21,5
2022-04-17 00:00:00+00:00,2022-04-17 23:59:59.999000+00:00,2022-04-17 13:48:00+00:00,2022-04-17 23:50:00+00:00,2781,0.0619550037,0.06285091,0.0601582642,0.0602390954,1112760165.92,6123244444.74,2022-04-17 23:59:59.999000+00:00,TRON_01_01_2022-01_01_2023_historical_data_coinmarketcap.csv,TRON,2022,4,17,0,23,13,23
2022-04-16 00:00:00+00:00,2022-04-16 23:59:59.999000+00:00,2022-04-16 22:22:00+00:00,2022-04-16 18:39:00+00:00,2781,0.0618918957,0.0622018988,0.0611112688,0.0619596422,875267945.13,6298263322.37,2022-04-16 23:59:59.999000+00:00,TRON_01_01_2022-01_01_2023_historical_data_coinmarketcap.csv,TRON,2022,4,16,0,23,22,18
2022-04-15 00:00:00+00:00,2022-04-15 23:59:59.999000+00:00,2022-04-15 21:17:00+00:00,2022-04-15 00:47:00+00:00,2781,0.0601338023,0.0621673599,0.0600189651,0.0618892935,1031895768.91,6291273378.37,2022-04-15 23:59:59.999000+00:00,TRON_01_01_2022-01_01_2023_historical_data_coinmarketcap.csv,TRON,2022,4,15,0,23,21,0
2022-04-14 00:00:00+00:00,2022-04-14 23:59:59.999000+00:00,2022-04-14 02:04:00+00:00,2022-04-14 19:04:00+00:00,2781,0.0615042466,0.0618758312,0.0595816628,0.0601323274,1055022478.12,6112853790.74,2022-04-14 23:59:59.999000+00:00,TRON_01_01_2022-01_01_2023_historical_data_coinmarketcap.csv,TRON,2022,4,14,0,23,2,19
2022-04-13 00:00:00+00:00,2022-04-13 23:59:59.999000+00:00,2022-04-13 23:59:00+00:00,2022-04-13 01:32:00+00:00,2781,0.0599472581,0.061514643,0.0594434674,0.061514643,1020106607.15,6253475114.61,2022-04-13 23:59:59.999000+00:00,TRON_01_01_2022-01_01_2023_historical_data_coinmarketcap.csv,TRON,2022,4,13,0,23,23,1
2022-04-12 00:00:00+00:00,2022-04-12 23:59:59.999000+00:00,2022-04-12 13:01:00+00:00,2022-04-12 02:37:00+00:00,2781,0.0582427686,0.0603767115,0.0580957991,0.0599555512,1043273712.34,6095116718.04,2022-04-12 23:59:59.999000+00:00,TRON_01_01_2022-01_01_2023_historical_data_coinmarketcap.csv,TRON,2022,4,12,0,23,13,2
2022-04-11 00:00:00+00:00,2022-04-11 23:59:59.999000+00:00,2022-04-11 01:30:00+00:00,2022-04-11 22:14:00+00:00,2781,0.0625164973,0.0625520188,0.0579845045,0.0582272319,1069383980.52,5919576467.64,2022-04-11 23:59:59.999000+00:00,TRON_01_01_2022-01_01_2023_historical_data_coinmarketcap.csv,TRON,2022,4,11,0,23,1,22
2022-04-10 00:00:00+00:00,2022-04-10 23:59:59.999000+00:00,2022-04-10 18:40:00+00:00,2022-04-10 23:11:00+00:00,2781,0.063965729,0.0641836961,0.0624443918,0.0625353018,1102729641.33,6357708089.4,2022-04-10 23:59:59.999000+00:00,TRON_01_01_2022-01_01_2023_historical_data_coinmarketcap.csv,TRON,2022,4,10,0,23,18,23
2022-04-09 00:00:00+00:00,2022-04-09 23:59:59.999000+00:00,2022-04-09 23:40:00+00:00,2022-04-09 16:02:00+00:00,2781,0.0625231725,0.0639802707,0.0624492496,0.0639659697,1129762089.08,6503262090.76,2022-04-09 23:59:59.999000+00:00,TRON_01_01_2022-01_01_2023_historical_data_coinmarketcap.csv,TRON,2022,4,9,0,23,23,16
2022-04-08 00:00:00+00:00,2022-04-08 23:59:59.999000+00:00,2022-04-08 05:51:00+00:00,2022-04-08 23:46:00+00:00,2781,0.064426055,0.0651413826,0.062245324,0.0625193913,872570449.93,6356322989.32,2022-04-08 23:59:59.999000+00:00,TRON_01_01_2022-01_01_2023_historical_data_coinmarketcap.csv,TRON,2022,4,8,0,23,5,23
2022-04-07 00:00:00+00:00,2022-04-07 23:59:59.999000+00:00,2022-04-07 07:55:00+00:00,2022-04-07 00:59:00+00:00,2781,0.0632906774,0.0647704084,0.063011413,0.064429864,971910242.37,6550742630.49,2022-04-07 23:59:59.999000+00:00,TRON_01_01_2022-01_01_2023_historical_data_coinmarketcap.csv,TRON,2022,4,7,0,23,7,0
2022-04-06 00:00:00+00:00,2022-04-06 23:59:59.999000+00:00,2022-04-06 00:00:00+00:00,2022-04-06 23:56:00+00:00,2781,0.069422294,0.069422294,0.0632632409,0.0632863339,1529128178.7,6434699321.33,2022-04-06 23:59:59.999000+00:00,TRON_01_01_2022-01_01_2023_historical_data_coinmarketcap.csv,TRON,2022,4,6,0,23,0,23
2022-04-05 00:00:00+00:00,2022-04-05 23:59:59.999000+00:00,2022-04-05 04:50:00+00:00,2022-04-05 23:57:00+00:00,2781,0.0708095286,0.0717048035,0.0694008795,0.0694267534,1507602615.71,7059192972.25,2022-04-05 23:59:59.999000+00:00,TRON_01_01_2022-01_01_2023_historical_data_coinmarketcap.csv,TRON,2022,4,5,0,23,4,23
2022-04-04 00:00:00+00:00,2022-04-04 23:59:59.999000+00:00,2022-04-04 00:00:00+00:00,2022-04-04 18:15:00+00:00,2781,0.073145705,0.073145705,0.0691317012,0.0708157236,1513711812.88,7200581361.22,2022-04-04 23:59:59.999000+00:00,TRON_01_01_2022-01_01_2023_historical_data_coinmarketcap.csv,TRON,2022,4,4,0,23,0,18
2022-04-03 00:00:00+00:00,2022-04-03 23:59:59.999000+00:00,2022-04-03 22:49:00+00:00,2022-04-03 01:40:00+00:00,2781,0.0732370468,0.0736454704,0.072243696,0.0731577943,949584134.76,7438923131.82,2022-04-03 23:59:59.999000+00:00,TRON_01_01_2022-01_01_2023_historical_data_coinmarketcap.csv,TRON,2022,4,3,0,23,22,1
2022-04-02 00:00:00+00:00,2022-04-02 23:59:59.999000+00:00,2022-04-02 08:20:00+00:00,2022-04-02 23:58:00+00:00,2781,0.0748985117,0.0763503719,0.0732224651,0.0732503902,1022431667.29,7448456083.78,2022-04-02 23:59:59.999000+00:00,TRON_01_01_2022-01_01_2023_historical_data_coinmarketcap.csv,TRON,2022,4,2,0,23,8,23
2022-04-01 00:00:00+00:00,2022-04-01 23:59:59.999000+00:00,2022-04-01 00:52:00+00:00,2022-04-01 12:28:00+00:00,2781,0.0739102546,0.0750341117,0.0716611479,0.074893718,1135129855.03,7615694201.49,2022-04-01 23:59:59.999000+00:00,TRON_01_01_2022-01_01_2023_historical_data_coinmarketcap.csv,TRON,2022,4,1,0,23,0,12
2022-03-31 00:00:00+00:00,2022-03-31 23:59:59.999000+00:00,2022-03-31 10:19:00+00:00,2022-03-31 00:00:00+00:00,2781,0.0731147281,0.0792975617,0.0731147281,0.0738755982,2057808250.87,7512332330.64,2022-03-31 23:59:59.999000+00:00,TRON_01_01_2022-01_01_2023_historical_data_coinmarketcap.csv,TRON,2022,3,31,0,23,10,0
2022-03-30 00:00:00+00:00,2022-03-30 23:59:59.999000+00:00,2022-03-30 14:49:00+00:00,2022-03-30 02:02:00+00:00,2781,0.0693849141,0.0741943965,0.0677979853,0.0730868618,1790649644.44,7432319249.88,2022-03-30 23:59:59.999000+00:00,TRON_01_01_2022-01_01_2023_historical_data_coinmarketcap.csv,TRON,2022,3,30,0,23,14,2
2022-03-29 00:00:00+00:00,2022-03-29 23:59:59.999000+00:00,2022-03-29 07:01:00+00:00,2022-03-29 22:37:00+00:00,2781,0.0690402175,0.0723274634,0.068588184,0.0693823426,1007120137.99,7055760338.34,2022-03-29 23:59:59.999000+00:00,TRON_01_01_2022-01_01_2023_historical_data_coinmarketcap.csv,TRON,2022,3,29,0,23,7,22
2022-03-28 00:00:00+00:00,2022-03-28 23:59:59.999000+00:00,2022-03-28 13:40:00+00:00,2022-03-28 01:40:00+00:00,2781,0.0691508636,0.0719208179,0.0686451594,0.0690805899,1246959758.38,7025243533.31,2022-03-28 23:59:59.999000+00:00,TRON_01_01_2022-01_01_2023_historical_data_coinmarketcap.csv,TRON,2022,3,28,0,23,13,1
2022-03-27 00:00:00+00:00,2022-03-27 23:59:59.999000+00:00,2022-03-27 15:38:00+00:00,2022-03-27 13:04:00+00:00,2781,0.066173172,0.0692637608,0.0660145498,0.0691704914,1325490972.01,7034548746.59,2022-03-27 23:59:59.999000+00:00,TRON_01_01_2022-01_01_2023_historical_data_coinmarketcap.csv,TRON,2022,3,27,0,23,15,13
2022-03-26 00:00:00+00:00,2022-03-26 23:59:59.999000+00:00,2022-03-26 23:59:00+00:00,2022-03-26 01:34:00+00:00,2781,0.0644675772,0.0661615971,0.0640011198,0.0661615971,977050306.92,6728608476.08,2022-03-26 23:59:59.999000+00:00,TRON_01_01_2022-01_01_2023_historical_data_coinmarketcap.csv,TRON,2022,3,26,0,23,23,1
2022-03-25 00:00:00+00:00,2022-03-25 23:59:59.999000+00:00,2022-03-25 07:35:00+00:00,2022-03-25 17:13:00+00:00,2781,0.0655750463,0.06655215,0.0640747075,0.0644656367,793393593.2,6556195990.05,2022-03-25 23:59:59.999000+00:00,TRON_01_01_2022-01_01_2023_historical_data_coinmarketcap.csv,TRON,2022,3,25,0,23,7,17
2022-03-24 00:00:00+00:00,2022-03-24 23:59:59.999000+00:00,2022-03-24 22:16:00+00:00,2022-03-24 02:19:00+00:00,2781,0.0643354113,0.0657949792,0.0638861112,0.065571208,953255096.24,6668749312.31,2022-03-24 23:59:59.999000+00:00,TRON_01_01_2022-01_01_2023_historical_data_coinmarketcap.csv,TRON,2022,3,24,0,23,22,2
2022-03-23 00:00:00+00:00,2022-03-23 23:59:59.999000+00:00,2022-03-23 15:47:00+00:00,2022-03-23 00:42:00+00:00,2781,0.0634131195,0.0648390181,0.0632875881,0.0643362352,896960807.48,6543254549.45,2022-03-23 23:59:59.999000+00:00,TRON_01_01_2022-01_01_2023_historical_data_coinmarketcap.csv,TRON,2022,3,23,0,23,15,0
2022-03-22 00:00:00+00:00,2022-03-22 23:59:59.999000+00:00,2022-03-22 14:51:00+00:00,2022-03-22 00:34:00+00:00,2781,0.0617754533,0.0637540075,0.061670731,0.0634081526,1002011710.66,6448949835.76,2022-03-22 23:59:59.999000+00:00,TRON_01_01_2022-01_01_2023_historical_data_coinmarketcap.csv,TRON,2022,3,22,0,23,14,0
2022-03-21 00:00:00+00:00,2022-03-21 23:59:59.999000+00:00,2022-03-21 13:49:00+00:00,2022-03-21 02:55:00+00:00,2781,0.0614401282,0.061816162,0.0609093343,0.0617819126,926959844.33,6283645574.35,2022-03-21 23:59:59.999000+00:00,TRON_01_01_2022-01_01_2023_historical_data_coinmarketcap.csv,TRON,2022,3,21,0,23,13,2
2022-03-20 00:00:00+00:00,2022-03-20 23:59:59.999000+00:00,2022-03-20 06:31:00+00:00,2022-03-20 17:58:00+00:00,2781,0.0618972836,0.062432777,0.0609278976,0.0614380275,919041984.19,6248746824.55,2022-03-20 23:59:59.999000+00:00,TRON_01_01_2022-01_01_2023_historical_data_coinmarketcap.csv,TRON,2022,3,20,0,23,6,17
2022-03-19 00:00:00+00:00,2022-03-19 23:59:59.999000+00:00,2022-03-19 16:46:00+00:00,2022-03-19 03:49:00+00:00,2781,0.0616793702,0.0621402151,0.0613450233,0.0619086054,696942473.07,6296648110.07,2022-03-19 23:59:59.999000+00:00,TRON_01_01_2022-01_01_2023_historical_data_coinmarketcap.csv,TRON,2022,3,19,0,23,16,3
2022-03-18 00:00:00+00:00,2022-03-18 23:59:59.999000+00:00,2022-03-18 23:50:00+00:00,2022-03-18 11:31:00+00:00,2781,0.060791357,0.061746643,0.0601456741,0.0616891907,631362749.63,6274397245.97,2022-03-18 23:59:59.999000+00:00,TRON_01_01_2022-01_01_2023_historical_data_coinmarketcap.csv,TRON,2022,3,18,0,23,23,11
2022-03-17 00:00:00+00:00,2022-03-17 23:59:59.999000+00:00,2022-03-17 00:25:00+00:00,2022-03-17 07:47:00+00:00,2781,0.0610863609,0.0610981471,0.0606849619,0.0607972565,522659353.68,6183755864.28,2022-03-17 23:59:59.999000+00:00,TRON_01_01_2022-01_01_2023_historical_data_coinmarketcap.csv,TRON,2022,3,17,0,23,0,7
2022-03-16 00:00:00+00:00,2022-03-16 23:59:59.999000+00:00,2022-03-16 02:22:00+00:00,2022-03-16 18:34:00+00:00,2781,0.0604978693,0.0614709547,0.0596103281,0.0610843302,826564019.69,6213023997.66,2022-03-16 23:59:59.999000+00:00,TRON_01_01_2022-01_01_2023_historical_data_coinmarketcap.csv,TRON,2022,3,16,0,23,2,18
2022-03-15 00:00:00+00:00,2022-03-15 23:59:59.999000+00:00,2022-03-15 19:20:00+00:00,2022-03-15 03:49:00+00:00,2781,0.0601416096,0.0606704038,0.0596513436,0.060500544,744609517.1,6153717586.28,2022-03-15 23:59:59.999000+00:00,TRON_01_01_2022-01_01_2023_historical_data_coinmarketcap.csv,TRON,2022,3,15,0,23,19,3
2022-03-14 00:00:00+00:00,2022-03-14 23:59:59.999000+00:00,2022-03-14 08:58:00+00:00,2022-03-14 00:16:00+00:00,2781,0.0593573451,0.0603982046,0.0590346631,0.0601428038,824441088.94,6117409472.63,2022-03-14 23:59:59.999000+00:00,TRON_01_01_2022-01_01_2023_historical_data_coinmarketcap.csv,TRON,2022,3,14,0,23,8,0
2022-03-13 00:00:00+00:00,2022-03-13 23:59:59.999000+00:00,2022-03-13 05:25:00+00:00,2022-03-13 23:04:00+00:00,2781,0.0596680983,0.0602344961,0.0590322702,0.0593625353,680268524.68,6038123248.06,2022-03-13 23:59:59.999000+00:00,TRON_01_01_2022-01_01_2023_historical_data_coinmarketcap.csv,TRON,2022,3,13,0,23,5,23
2022-03-12 00:00:00+00:00,2022-03-12 23:59:59.999000+00:00,2022-03-12 01:13:00+00:00,2022-03-12 23:50:00+00:00,2781,0.0602690519,0.0606764853,0.0596499008,0.0596750514,662171996.99,6069944299.46,2022-03-12 23:59:59.999000+00:00,TRON_01_01_2022-01_01_2023_historical_data_coinmarketcap.csv,TRON,2022,3,12,0,23,1,23
2022-03-11 00:00:00+00:00,2022-03-11 23:59:59.999000+00:00,2022-03-11 12:35:00+00:00,2022-03-11 02:17:00+00:00,2781,0.059871481,0.0608259563,0.059064415,0.0602671532,958304319.37,6130233414.76,2022-03-11 23:59:59.999000+00:00,TRON_01_01_2022-01_01_2023_historical_data_coinmarketcap.csv,TRON,2022,3,11,0,23,12,2
2022-03-10 00:00:00+00:00,2022-03-10 23:59:59.999000+00:00,2022-03-10 00:00:00+00:00,2022-03-10 05:13:00+00:00,2781,0.0608402273,0.0608402273,0.0579444421,0.0598688915,1114796677.45,6089791685.36,2022-03-10 23:59:59.999000+00:00,TRON_01_01_2022-01_01_2023_historical_data_coinmarketcap.csv,TRON,2022,3,10,0,23,0,5
2022-03-09 00:00:00+00:00,2022-03-09 23:59:59.999000+00:00,2022-03-09 04:46:00+00:00,2022-03-09 21:40:00+00:00,2781,0.0605524539,0.0625560173,0.0604509604,0.0608413675,1111369248.39,6188798381.88,2022-03-09 23:59:59.999000+00:00,TRON_01_01_2022-01_01_2023_historical_data_coinmarketcap.csv,TRON,2022,3,9,0,23,4,21
2022-03-08 00:00:00+00:00,2022-03-08 23:59:59.999000+00:00,2022-03-08 08:37:00+00:00,2022-03-08 00:04:00+00:00,2781,0.0586782819,0.0610091251,0.0585674094,0.060543951,1091513261.98,6158648538.1,2022-03-08 23:59:59.999000+00:00,TRON_01_01_2022-01_01_2023_historical_data_coinmarketcap.csv,TRON,2022,3,8,0,23,8,0
2022-03-07 00:00:00+00:00,2022-03-07 23:59:59.999000+00:00,2022-03-07 14:10:00+00:00,2022-03-07 20:05:00+00:00,2781,0.0589174406,0.0605882412,0.0580499991,0.0586798056,893261081.14,5969131280.86,2022-03-07 23:59:59.999000+00:00,TRON_01_01_2022-01_01_2023_historical_data_coinmarketcap.csv,TRON,2022,3,7,0,23,14,20
2022-03-06 00:00:00+00:00,2022-03-06 23:59:59.999000+00:00,2022-03-06 09:46:00+00:00,2022-03-06 23:49:00+00:00,2781,0.0604353885,0.0608295138,0.0588871359,0.0589196953,758260526.94,5993655739.75,2022-03-06 23:59:59.999000+00:00,TRON_01_01_2022-01_01_2023_historical_data_coinmarketcap.csv,TRON,2022,3,6,0,23,9,23
2022-03-05 00:00:00+00:00,2022-03-05 23:59:59.999000+00:00,2022-03-05 16:48:00+00:00,2022-03-05 00:46:00+00:00,2781,0.0582053411,0.0608488827,0.0578214089,0.0604277045,657435476.22,6147160738.36,2022-03-05 23:59:59.999000+00:00,TRON_01_01_2022-01_01_2023_historical_data_coinmarketcap.csv,TRON,2022,3,5,0,23,16,0
2022-03-04 00:00:00+00:00,2022-03-04 23:59:59.999000+00:00,2022-03-04 00:07:00+00:00,2022-03-04 22:35:00+00:00,2781,0.0599753574,0.0601067961,0.0576170946,0.0581910976,777565048.61,5919742918.18,2022-03-04 23:59:59.999000+00:00,TRON_01_01_2022-01_01_2023_historical_data_coinmarketcap.csv,TRON,2022,3,4,0,23,0,22
2022-03-03 00:00:00+00:00,2022-03-03 23:59:59.999000+00:00,2022-03-03 00:35:00+00:00,2022-03-03 20:51:00+00:00,2781,0.0615102595,0.0616155195,0.0593096282,0.0599643698,641921173.61,6100270223.64,2022-03-03 23:59:59.999000+00:00,TRON_01_01_2022-01_01_2023_historical_data_coinmarketcap.csv,TRON,2022,3,3,0,23,0,20
2022-03-02 00:00:00+00:00,2022-03-02 23:59:59.999000+00:00,2022-03-02 04:11:00+00:00,2022-03-02 14:00:00+00:00,2781,0.0621286485,0.0628414253,0.0610236737,0.0615105257,724474999.46,6257727512.84,2022-03-02 23:59:59.999000+00:00,TRON_01_01_2022-01_01_2023_historical_data_coinmarketcap.csv,TRON,2022,3,2,0,23,4,14
2022-03-01 00:00:00+00:00,2022-03-01 23:59:59.999000+00:00,2022-03-01 14:21:00+00:00,2022-03-01 06:14:00+00:00,2781,0.0617517494,0.0627885657,0.0611863599,0.0621246234,803573245.17,6320391293.99,2022-03-01 23:59:59.999000+00:00,TRON_01_01_2022-01_01_2023_historical_data_coinmarketcap.csv,TRON,2022,3,1,0,23,14,6
2022-02-28 00:00:00+00:00,2022-02-28 23:59:59.999000+00:00,2022-02-28 22:41:00+00:00,2022-02-28 06:34:00+00:00,2781,0.0580383469,0.0619526109,0.0576138445,0.0617492581,971123893.91,6282405383.9,2022-02-28 23:59:59.999000+00:00,TRON_01_01_2022-01_01_2023_historical_data_coinmarketcap.csv,TRON,2022,2,28,0,23,22,6
2022-02-27 00:00:00+00:00,2022-02-27 23:59:59.999000+00:00,2022-02-27 11:31:00+00:00,2022-02-27 23:29:00+00:00,2781,0.0595328969,0.0607281738,0.0575888368,0.0580529829,1374458612.43,5906579508.43,2022-02-27 23:59:59.999000+00:00,TRON_01_01_2022-01_01_2023_historical_data_coinmarketcap.csv,TRON,2022,2,27,0,23,11,23
2022-02-26 00:00:00+00:00,2022-02-26 23:59:59.999000+00:00,2022-02-26 01:07:00+00:00,2022-02-26 12:48:00+00:00,2781,0.059502193,0.0614795041,0.0589180987,0.0595300841,946242862.71,6057054404.1,2022-02-26 23:59:59.999000+00:00,TRON_01_01_2022-01_01_2023_historical_data_coinmarketcap.csv,TRON,2022,2,26,0,23,1,12
2022-02-25 00:00:00+00:00,2022-02-25 23:59:59.999000+00:00,2022-02-25 13:43:00+00:00,2022-02-25 18:23:00+00:00,2781,0.0611271073,0.0627340356,0.0558985131,0.0594960795,1432622629.98,6053871731.93,2022-02-25 23:59:59.999000+00:00,TRON_01_01_2022-01_01_2023_historical_data_coinmarketcap.csv,TRON,2022,2,25,0,23,13,18
2022-02-24 00:00:00+00:00,2022-02-24 23:59:59.999000+00:00,2022-02-24 02:49:00+00:00,2022-02-24 05:52:00+00:00,2781,0.0609564119,0.0613467877,0.0564531425,0.0611209366,1307665648.69,6219495738.43,2022-02-24 23:59:59.999000+00:00,TRON_01_01_2022-01_01_2023_historical_data_coinmarketcap.csv,TRON,2022,2,24,0,23,2,5
2022-02-23 00:00:00+00:00,2022-02-23 23:59:59.999000+00:00,2022-02-23 17:19:00+00:00,2022-02-23 23:59:00+00:00,2781,0.0626601315,0.0637971107,0.0609664346,0.0609664346,987073097.36,6203958331.43,2022-02-23 23:59:59.999000+00:00,TRON_01_01_2022-01_01_2023_historical_data_coinmarketcap.csv,TRON,2022,2,23,0,23,17,23
2022-02-22 00:00:00+00:00,2022-02-22 23:59:59.999000+00:00,2022-02-22 23:46:00+00:00,2022-02-22 03:43:00+00:00,2781,0.0596228024,0.062711951,0.0593826621,0.0626643754,1008773090.09,6376961827.7,2022-02-22 23:59:59.999000+00:00,TRON_01_01_2022-01_01_2023_historical_data_coinmarketcap.csv,TRON,2022,2,22,0,23,23,3
2022-02-21 00:00:00+00:00,2022-02-21 23:59:59.999000+00:00,2022-02-21 08:07:00+00:00,2022-02-21 23:55:00+00:00,2781,0.0620582606,0.0636403556,0.059597226,0.0596254025,1208227105.17,6067910362.58,2022-02-21 23:59:59.999000+00:00,TRON_01_01_2022-01_01_2023_historical_data_coinmarketcap.csv,TRON,2022,2,21,0,23,8,23
2022-02-20 00:00:00+00:00,2022-02-20 23:59:59.999000+00:00,2022-02-20 00:04:00+00:00,2022-02-20 08:49:00+00:00,2781,0.0635482847,0.0635522354,0.0611866219,0.0620657208,901307182.95,6316407905.35,2022-02-20 23:59:59.999000+00:00,TRON_01_01_2022-01_01_2023_historical_data_coinmarketcap.csv,TRON,2022,2,20,0,23,0,8
2022-02-19 00:00:00+00:00,2022-02-19 23:59:59.999000+00:00,2022-02-19 16:19:00+00:00,2022-02-19 21:20:00+00:00,2781,0.0631473451,0.064358368,0.0630341949,0.06355633,753293121.32,6468225282.92,2022-02-19 23:59:59.999000+00:00,TRON_01_01_2022-01_01_2023_historical_data_coinmarketcap.csv,TRON,2022,2,19,0,23,16,21
2022-02-18 00:00:00+00:00,2022-02-18 23:59:59.999000+00:00,2022-02-18 14:10:00+00:00,2022-02-18 00:19:00+00:00,2781,0.062502817,0.0640306732,0.0623306347,0.0631474499,891046817.55,6426729002.37,2022-02-18 23:59:59.999000+00:00,TRON_01_01_2022-01_01_2023_historical_data_coinmarketcap.csv,TRON,2022,2,18,0,23,14,0
2022-02-17 00:00:00+00:00,2022-02-17 23:59:59.999000+00:00,2022-02-17 01:22:00+00:00,2022-02-17 21:28:00+00:00,2781,0.0664489126,0.067088975,0.0623044979,0.0624802708,1053177298.87,6358951638.66,2022-02-17 23:59:59.999000+00:00,TRON_01_01_2022-01_01_2023_historical_data_coinmarketcap.csv,TRON,2022,2,17,0,23,1,21
2022-02-16 00:00:00+00:00,2022-02-16 23:59:59.999000+00:00,2022-02-16 00:01:00+00:00,2022-02-16 18:07:00+00:00,2781,0.066853212,0.0668970236,0.0656551643,0.0664708827,895487513.67,6765237226.74,2022-02-16 23:59:59.999000+00:00,TRON_01_01_2022-01_01_2023_historical_data_coinmarketcap.csv,TRON,2022,2,16,0,23,0,18
2022-02-15 00:00:00+00:00,2022-02-15 23:59:59.999000+00:00,2022-02-15 23:47:00+00:00,2022-02-15 01:14:00+00:00,2781,0.0645441193,0.0669450816,0.0644493501,0.0668466425,925056523.36,6803629843.36,2022-02-15 23:59:59.999000+00:00,TRON_01_01_2022-01_01_2023_historical_data_coinmarketcap.csv,TRON,2022,2,15,0,23,23,1
2022-02-14 00:00:00+00:00,2022-02-14 23:59:59.999000+00:00,2022-02-14 14:28:00+00:00,2022-02-14 02:01:00+00:00,2781,0.0644312868,0.0653822464,0.0634349218,0.0645486539,858657147.82,6569893195.53,2022-02-14 23:59:59.999000+00:00,TRON_01_01_2022-01_01_2023_historical_data_coinmarketcap.csv,TRON,2022,2,14,0,23,14,2
2022-02-13 00:00:00+00:00,2022-02-13 23:59:59.999000+00:00,2022-02-13 14:19:00+00:00,2022-02-13 00:16:00+00:00,2781,0.0634758748,0.0649661336,0.0633313303,0.0644641403,971646316.97,6561416688.58,2022-02-13 23:59:59.999000+00:00,TRON_01_01_2022-01_01_2023_historical_data_coinmarketcap.csv,TRON,2022,2,13,0,23,14,0
2022-02-12 00:00:00+00:00,2022-02-12 23:59:59.999000+00:00,2022-02-12 03:01:00+00:00,2022-02-12 06:49:00+00:00,2781,0.0640459366,0.065067418,0.062483891,0.063488026,1088288711.62,6462136914.21,2022-02-12 23:59:59.999000+00:00,TRON_01_01_2022-01_01_2023_historical_data_coinmarketcap.csv,TRON,2022,2,12,0,23,3,6
2022-02-11 00:00:00+00:00,2022-02-11 23:59:59.999000+00:00,2022-02-11 00:00:00+00:00,2022-02-11 23:11:00+00:00,2781,0.0686590059,0.0686590059,0.0635288387,0.0640483836,1361740339.65,6519287917.49,2022-02-11 23:59:59.999000+00:00,TRON_01_01_2022-01_01_2023_historical_data_coinmarketcap.csv,TRON,2022,2,11,0,23,0,23
2022-02-10 00:00:00+00:00,2022-02-10 23:59:59.999000+00:00,2022-02-10 12:16:00+00:00,2022-02-10 23:53:00+00:00,2781,0.0698244725,0.0715583501,0.0686416038,0.0686601018,1231341478.33,6988892876.87,2022-02-10 23:59:59.999000+00:00,TRON_01_01_2022-01_01_2023_historical_data_coinmarketcap.csv,TRON,2022,2,10,0,23,12,23
2022-02-09 00:00:00+00:00,2022-02-09 23:59:59.999000+00:00,2022-02-09 23:21:00+00:00,2022-02-09 03:59:00+00:00,2781,0.0681322088,0.0700578355,0.067531194,0.0698195738,1096017424.12,7107064040.87,2022-02-09 23:59:59.999000+00:00,TRON_01_01_2022-01_01_2023_historical_data_coinmarketcap.csv,TRON,2022,2,9,0,23,23,3
2022-02-08 00:00:00+00:00,2022-02-08 23:59:59.999000+00:00,2022-02-08 06:31:00+00:00,2022-02-08 17:37:00+00:00,2781,0.0685766126,0.070117301,0.0668794382,0.0681486046,1032224696.53,6937118192.6,2022-02-08 23:59:59.999000+00:00,TRON_01_01_2022-01_01_2023_historical_data_coinmarketcap.csv,TRON,2022,2,8,0,23,6,17
2022-02-07 00:00:00+00:00,2022-02-07 23:59:59.999000+00:00,2022-02-07 19:31:00+00:00,2022-02-07 00:50:00+00:00,2781,0.0662051087,0.0692223467,0.0653310275,0.06856174,904658906.8,6979316915.32,2022-02-07 23:59:59.999000+00:00,TRON_01_01_2022-01_01_2023_historical_data_coinmarketcap.csv,TRON,2022,2,7,0,23,19,0
2022-02-06 00:00:00+00:00,2022-02-06 23:59:59.999000+00:00,2022-02-06 23:46:00+00:00,2022-02-06 15:07:00+00:00,2781,0.0647586415,0.0662556548,0.0645785302,0.0662058479,670345285.33,6739624754.35,2022-02-06 23:59:59.999000+00:00,TRON_01_01_2022-01_01_2023_historical_data_coinmarketcap.csv,TRON,2022,2,6,0,23,23,15
2022-02-05 00:00:00+00:00,2022-02-05 23:59:59.999000+00:00,2022-02-05 08:10:00+00:00,2022-02-05 01:51:00+00:00,2781,0.0644108725,0.0660765052,0.0636075766,0.0647593207,866798264.03,6592435972.64,2022-02-05 23:59:59.999000+00:00,TRON_01_01_2022-01_01_2023_historical_data_coinmarketcap.csv,TRON,2022,2,5,0,23,8,1
2022-02-04 00:00:00+00:00,2022-02-04 23:59:59.999000+00:00,2022-02-04 23:56:00+00:00,2022-02-04 00:00:00+00:00,2781,0.0596545352,0.0644242431,0.0596545352,0.0644087324,955304604.21,6556801509.8,2022-02-04 23:59:59.999000+00:00,TRON_01_01_2022-01_01_2023_historical_data_coinmarketcap.csv,TRON,2022,2,4,0,23,23,0
2022-02-03 00:00:00+00:00,2022-02-03 23:59:59.999000+00:00,2022-02-03 23:59:00+00:00,2022-02-03 10:10:00+00:00,2781,0.0586270671,0.0596592149,0.0584563359,0.0596592149,849458812.94,6073357301.67,2022-02-03 23:59:59.999000+00:00,TRON_01_01_2022-01_01_2023_historical_data_coinmarketcap.csv,TRON,2022,2,3,0,23,23,10
2022-02-02 00:00:00+00:00,2022-02-02 23:59:59.999000+00:00,2022-02-02 13:06:00+00:00,2022-02-02 23:56:00+00:00,2781,0.0598656392,0.0614936724,0.0585998282,0.058646143,740774665.12,5970234712.73,2022-02-02 23:59:59.999000+00:00,TRON_01_01_2022-01_01_2023_historical_data_coinmarketcap.csv,TRON,2022,2,2,0,23,13,23
2022-02-01 00:00:00+00:00,2022-02-01 23:59:59.999000+00:00,2022-02-01 22:07:00+00:00,2022-02-01 10:19:00+00:00,2781,0.0591374995,0.0601934629,0.0589552462,0.059867423,735081396.96,6094574697.56,2022-02-01 23:59:59.999000+00:00,TRON_01_01_2022-01_01_2023_historical_data_coinmarketcap.csv,TRON,2022,2,1,0,23,22,10
2022-01-31 00:00:00+00:00,2022-01-31 23:59:59.999000+00:00,2022-01-31 17:22:00+00:00,2022-01-31 02:07:00+00:00,2781,0.0587347279,0.0593081555,0.0568337798,0.0591409114,779591396.04,6020618165.29,2022-01-31 23:59:59.999000+00:00,TRON_01_01_2022-01_01_2023_historical_data_coinmarketcap.csv,TRON,2022,1,31,0,23,17,2
2022-01-30 00:00:00+00:00,2022-01-30 23:59:59.999000+00:00,2022-01-30 07:57:00+00:00,2022-01-30 20:08:00+00:00,2781,0.0602862737,0.0604695655,0.0583773758,0.05873414,539574621.91,5979231501.57,2022-01-30 23:59:59.999000+00:00,TRON_01_01_2022-01_01_2023_historical_data_coinmarketcap.csv,TRON,2022,1,30,0,23,7,20
2022-01-29 00:00:00+00:00,2022-01-29 23:59:59.999000+00:00,2022-01-29 23:55:00+00:00,2022-01-29 01:55:00+00:00,2781,0.0575917268,0.0602752003,0.0571975246,0.0602680786,693230761.32,6135416110.89,2022-01-29 23:59:59.999000+00:00,TRON_01_01_2022-01_01_2023_historical_data_coinmarketcap.csv,TRON,2022,1,29,0,23,23,1
2022-01-28 00:00:00+00:00,2022-01-28 23:59:59.999000+00:00,2022-01-28 22:25:00+00:00,2022-01-28 02:07:00+00:00,2781,0.0564038997,0.0576428293,0.0559459537,0.0575930904,608753943.68,5863146950.0,2022-01-28 23:59:59.999000+00:00,TRON_01_01_2022-01_01_2023_historical_data_coinmarketcap.csv,TRON,2022,1,28,0,23,22,2
2022-01-27 00:00:00+00:00,2022-01-27 23:59:59.999000+00:00,2022-01-27 15:13:00+00:00,2022-01-27 03:51:00+00:00,2781,0.0562526257,0.0571145729,0.0546440971,0.0564029726,740762467.72,5742068979.02,2022-01-27 23:59:59.999000+00:00,TRON_01_01_2022-01_01_2023_historical_data_coinmarketcap.csv,TRON,2022,1,27,0,23,15,3
2022-01-26 00:00:00+00:00,2022-01-26 23:59:59.999000+00:00,2022-01-26 19:10:00+00:00,2022-01-26 22:07:00+00:00,2781,0.0558678802,0.0586920336,0.0555210302,0.0562668628,1020554347.12,5728276624.41,2022-01-26 23:59:59.999000+00:00,TRON_01_01_2022-01_01_2023_historical_data_coinmarketcap.csv,TRON,2022,1,26,0,23,19,22
2022-01-25 00:00:00+00:00,2022-01-25 23:59:59.999000+00:00,2022-01-25 19:02:00+00:00,2022-01-25 07:16:00+00:00,2781,0.0550468347,0.0560356587,0.0544479884,0.055874886,1109217821.64,5688488576.22,2022-01-25 23:59:59.999000+00:00,TRON_01_01_2022-01_01_2023_historical_data_coinmarketcap.csv,TRON,2022,1,25,0,23,19,7
2022-01-24 00:00:00+00:00,2022-01-24 23:59:59.999000+00:00,2022-01-24 00:01:00+00:00,2022-01-24 13:08:00+00:00,2781,0.0575787143,0.0575967586,0.0513705071,0.0550425076,1622227423.5,5603853354.78,2022-01-24 23:59:59.999000+00:00,TRON_01_01_2022-01_01_2023_historical_data_coinmarketcap.csv,TRON,2022,1,24,0,23,0,13
2022-01-23 00:00:00+00:00,2022-01-23 23:59:59.999000+00:00,2022-01-23 09:37:00+00:00,2022-01-23 19:53:00+00:00,2781,0.0567058867,0.0584607095,0.0557180907,0.0575725285,1128920315.45,5861547467.79,2022-01-23 23:59:59.999000+00:00,TRON_01_01_2022-01_01_2023_historical_data_coinmarketcap.csv,TRON,2022,1,23,0,23,9,19
2022-01-22 00:00:00+00:00,2022-01-22 23:59:59.999000+00:00,2022-01-22 00:37:00+00:00,2022-01-22 10:19:00+00:00,2781,0.0609454311,0.0619015986,0.0532760533,0.0566855919,1742549670.95,5771305385.42,2022-01-22 23:59:59.999000+00:00,TRON_01_01_2022-01_01_2023_historical_data_coinmarketcap.csv,TRON,2022,1,22,0,23,0,10
2022-01-21 00:00:00+00:00,2022-01-21 23:59:59.999000+00:00,2022-01-21 00:52:00+00:00,2022-01-21 22:55:00+00:00,2781,0.0677556589,0.0686345522,0.0600170975,0.060908379,1380540046.53,6201428313.78,2022-01-21 23:59:59.999000+00:00,TRON_01_01_2022-01_01_2023_historical_data_coinmarketcap.csv,TRON,2022,1,21,0,23,0,22
2022-01-20 00:00:00+00:00,2022-01-20 23:59:59.999000+00:00,2022-01-20 15:23:00+00:00,2022-01-20 23:58:00+00:00,2781,0.0692610355,0.0719463682,0.0677257957,0.0677380023,771683932.0,6896971088.65,2022-01-20 23:59:59.999000+00:00,TRON_01_01_2022-01_01_2023_historical_data_coinmarketcap.csv,TRON,2022,1,20,0,23,15,23
2022-01-19 00:00:00+00:00,2022-01-19 23:59:59.999000+00:00,2022-01-19 18:17:00+00:00,2022-01-19 08:46:00+00:00,2781,0.068494776,0.0695718709,0.0665393007,0.0692805841,1076902669.11,7054233479.01,2022-01-19 23:59:59.999000+00:00,TRON_01_01_2022-01_01_2023_historical_data_coinmarketcap.csv,TRON,2022,1,19,0,23,18,8
2022-01-18 00:00:00+00:00,2022-01-18 23:59:59.999000+00:00,2022-01-18 00:23:00+00:00,2022-01-18 16:37:00+00:00,2781,0.0708008284,0.0712588011,0.067713969,0.0684853791,1136342399.38,6973437373.41,2022-01-18 23:59:59.999000+00:00,TRON_01_01_2022-01_01_2023_historical_data_coinmarketcap.csv,TRON,2022,1,18,0,23,0,16
2022-01-17 00:00:00+00:00,2022-01-17 23:59:59.999000+00:00,2022-01-17 10:59:00+00:00,2022-01-17 05:16:00+00:00,2781,0.0698811434,0.0722240898,0.0691452271,0.070792152,1187460203.86,7208498640.41,2022-01-17 23:59:59.999000+00:00,TRON_01_01_2022-01_01_2023_historical_data_coinmarketcap.csv,TRON,2022,1,17,0,23,10,5
2022-01-16 00:00:00+00:00,2022-01-16 23:59:59.999000+00:00,2022-01-16 07:28:00+00:00,2022-01-16 00:07:00+00:00,2781,0.0685371708,0.0702297785,0.0683355546,0.069873256,795161567.62,7115107615.69,2022-01-16 23:59:59.999000+00:00,TRON_01_01_2022-01_01_2023_historical_data_coinmarketcap.csv,TRON,2022,1,16,0,23,7,0
2022-01-15 00:00:00+00:00,2022-01-15 23:59:59.999000+00:00,2022-01-15 20:13:00+00:00,2022-01-15 12:52:00+00:00,2781,0.0676695536,0.069264283,0.0672514571,0.068543939,745432667.34,6979828688.74,2022-01-15 23:59:59.999000+00:00,TRON_01_01_2022-01_01_2023_historical_data_coinmarketcap.csv,TRON,2022,1,15,0,23,20,12
2022-01-14 00:00:00+00:00,2022-01-14 23:59:59.999000+00:00,2022-01-14 21:01:00+00:00,2022-01-14 00:07:00+00:00,2781,0.0662720561,0.0683170337,0.0660680709,0.0676660135,1245430751.04,6890547720.16,2022-01-14 23:59:59.999000+00:00,TRON_01_01_2022-01_01_2023_historical_data_coinmarketcap.csv,TRON,2022,1,14,0,23,21,0
2022-01-13 00:00:00+00:00,2022-01-13 23:59:59.999000+00:00,2022-01-13 08:34:00+00:00,2022-01-13 20:41:00+00:00,2781,0.0680656743,0.0684746754,0.0662603384,0.0662731614,1064293957.97,6748845854.35,2022-01-13 23:59:59.999000+00:00,TRON_01_01_2022-01_01_2023_historical_data_coinmarketcap.csv,TRON,2022,1,13,0,23,8,20
2022-01-12 00:00:00+00:00,2022-01-12 23:59:59.999000+00:00,2022-01-12 21:28:00+00:00,2022-01-12 00:00:00+00:00,2781,0.0649362253,0.0682851874,0.0649362253,0.0680632488,793399590.25,6931461888.37,2022-01-12 23:59:59.999000+00:00,TRON_01_01_2022-01_01_2023_historical_data_coinmarketcap.csv,TRON,2022,1,12,0,23,21,0
2022-01-11 00:00:00+00:00,2022-01-11 23:59:59.999000+00:00,2022-01-11 17:17:00+00:00,2022-01-11 01:04:00+00:00,2781,0.0635511791,0.0655989112,0.0631471917,0.0649336065,993256206.23,6612880651.5,2022-01-11 23:59:59.999000+00:00,TRON_01_01_2022-01_01_2023_historical_data_coinmarketcap.csv,TRON,2022,1,11,0,23,17,1
2022-01-10 00:00:00+00:00,2022-01-10 23:59:59.999000+00:00,2022-01-10 05:30:00+00:00,2022-01-10 14:40:00+00:00,2781,0.0662669141,0.066880596,0.0616528303,0.0635649477,1210963183.49,6473614907.4,2022-01-10 23:59:59.999000+00:00,TRON_01_01_2022-01_01_2023_historical_data_coinmarketcap.csv,TRON,2022,1,10,0,23,5,14
2022-01-09 00:00:00+00:00,2022-01-09 23:59:59.999000+00:00,2022-01-09 20:19:00+00:00,2022-01-09 00:11:00+00:00,2781,0.0657265954,0.0673357241,0.0652448538,0.0662672759,888640481.13,6749014194.47,2022-01-09 23:59:59.999000+00:00,TRON_01_01_2022-01_01_2023_historical_data_coinmarketcap.csv,TRON,2022,1,9,0,23,20,0
2022-01-08 00:00:00+00:00,2022-01-08 23:59:59.999000+00:00,2022-01-08 08:16:00+00:00,2022-01-08 19:53:00+00:00,2781,0.0681478144,0.069131267,0.064328095,0.0657220085,1054607408.35,6693576450.23,2022-01-08 23:59:59.999000+00:00,TRON_01_01_2022-01_01_2023_historical_data_coinmarketcap.csv,TRON,2022,1,8,0,23,8,19
2022-01-07 00:00:00+00:00,2022-01-07 23:59:59.999000+00:00,2022-01-07 00:04:00+00:00,2022-01-07 04:37:00+00:00,2781,0.0711060691,0.0711802866,0.0671262794,0.0681264422,1606695992.45,6938509517.74,2022-01-07 23:59:59.999000+00:00,TRON_01_01_2022-01_01_2023_historical_data_coinmarketcap.csv,TRON,2022,1,7,0,23,0,4
2022-01-06 00:00:00+00:00,2022-01-06 23:59:59.999000+00:00,2022-01-06 20:10:00+00:00,2022-01-06 04:43:00+00:00,2781,0.0713734012,0.0714950927,0.0696734366,0.071112243,1852557541.92,7242685925.15,2022-01-06 23:59:59.999000+00:00,TRON_01_01_2022-01_01_2023_historical_data_coinmarketcap.csv,TRON,2022,1,6,0,23,20,4
2022-01-05 00:00:00+00:00,2022-01-05 23:59:59.999000+00:00,2022-01-05 09:10:00+00:00,2022-01-05 22:37:00+00:00,2781,0.0762044907,0.0773372305,0.0699796417,0.0713817427,1548312023.22,7270236621.6,2022-01-05 23:59:59.999000+00:00,TRON_01_01_2022-01_01_2023_historical_data_coinmarketcap.csv,TRON,2022,1,5,0,23,9,22
2022-01-04 00:00:00+00:00,2022-01-04 23:59:59.999000+00:00,2022-01-04 13:55:00+00:00,2022-01-04 19:04:00+00:00,2781,0.0770807432,0.0780058002,0.0760758226,0.0762000738,1287549031.65,7761099091.99,2022-01-04 23:59:59.999000+00:00,TRON_01_01_2022-01_01_2023_historical_data_coinmarketcap.csv,TRON,2022,1,4,0,23,13,19
2022-01-03 00:00:00+00:00,2022-01-03 23:59:59.999000+00:00,2022-01-03 14:04:00+00:00,2022-01-03 20:45:00+00:00,2781,0.0777780896,0.0780492978,0.0764757439,0.0770806777,1342568592.82,7850899636.47,2022-01-03 23:59:59.999000+00:00,TRON_01_01_2022-01_01_2023_historical_data_coinmarketcap.csv,TRON,2022,1,3,0,23,14,20
2022-01-02 00:00:00+00:00,2022-01-02 23:59:59.999000+00:00,2022-01-02 17:08:00+00:00,2022-01-02 08:13:00+00:00,2781,0.0766095313,0.0782964516,0.0762627444,0.0777815526,1361260677.62,7922357701.96,2022-01-02 23:59:59.999000+00:00,TRON_01_01_2022-01_01_2023_historical_data_coinmarketcap.csv,TRON,2022,1,2,0,23,17,8
2022-01-01 00:00:00+00:00,2022-01-01 23:59:59.999000+00:00,2022-01-01 17:49:00+00:00,2022-01-01 00:20:00+00:00,2781,0.075398746,0.0767924804,0.0753680805,0.0766101417,1207176770.59,7803062412.71,2022-01-01 23:59:59.999000+00:00,TRON_01_01_2022-01_01_2023_historical_data_coinmarketcap.csv,TRON,2022,1,1,0,23,17,0
2023-12-31 00:00:00+00:00,2023-12-31 23:59:59.999000+00:00,2023-12-31 18:44:00+00:00,2023-12-31 04:55:00+00:00,2781,0.1059806004,0.1089582002,0.1057448192,0.1076726763,206209442.53,9509555130.58,2023-12-31 23:59:59.999000+00:00,TRON_01_01_2023-01_01_2024_historical_data_coinmarketcap.csv,TRON,2023,12,31,0,23,18,4
2023-12-30 00:00:00+00:00,2023-12-30 23:59:59.999000+00:00,2023-12-30 04:38:00+00:00,2023-12-30 09:46:00+00:00,2781,0.1056865114,0.1069939781,0.1052974416,0.1059853688,197786641.7,9360891691.9,2023-12-30 23:59:59.999000+00:00,TRON_01_01_2023-01_01_2024_historical_data_coinmarketcap.csv,TRON,2023,12,30,0,23,4,9
2023-12-29 00:00:00+00:00,2023-12-29 23:59:59.999000+00:00,2023-12-29 14:58:00+00:00,2023-12-29 17:47:00+00:00,2781,0.1055998918,0.1068288933,0.104911957,0.1056890457,245388398.67,9335198916.69,2023-12-29 23:59:59.999000+00:00,TRON_01_01_2023-01_01_2024_historical_data_coinmarketcap.csv,TRON,2023,12,29,0,23,14,17
2023-12-28 00:00:00+00:00,2023-12-28 23:59:59.999000+00:00,2023-12-28 13:26:00+00:00,2023-12-28 14:53:00+00:00,2781,0.1054181249,0.1064452978,0.1046772838,0.1056003678,251909689.58,9328150982.21,2023-12-28 23:59:59.999000+00:00,TRON_01_01_2023-01_01_2024_historical_data_coinmarketcap.csv,TRON,2023,12,28,0,23,13,14
2023-12-27 00:00:00+00:00,2023-12-27 23:59:59.999000+00:00,2023-12-27 21:36:00+00:00,2023-12-27 05:10:00+00:00,2781,0.1030681158,0.1054632266,0.102599264,0.1054092086,215294654.17,9311931325.42,2023-12-27 23:59:59.999000+00:00,TRON_01_01_2023-01_01_2024_historical_data_coinmarketcap.csv,TRON,2023,12,27,0,23,21,5
2023-12-26 00:00:00+00:00,2023-12-26 23:59:59.999000+00:00,2023-12-26 02:46:00+00:00,2023-12-26 17:53:00+00:00,2781,0.1059316133,0.1064400808,0.1023306803,0.1030692296,289744158.16,9105944822.44,2023-12-26 23:59:59.999000+00:00,TRON_01_01_2023-01_01_2024_historical_data_coinmarketcap.csv,TRON,2023,12,26,0,23,2,17
2023-12-25 00:00:00+00:00,2023-12-25 23:59:59.999000+00:00,2023-12-25 09:58:00+00:00,2023-12-25 20:46:00+00:00,2781,0.1063911127,0.108358926,0.105695027,0.1059332921,261129591.55,9359662708.82,2023-12-25 23:59:59.999000+00:00,TRON_01_01_2023-01_01_2024_historical_data_coinmarketcap.csv,TRON,2023,12,25,0,23,9,20
2023-12-24 00:00:00+00:00,2023-12-24 23:59:59.999000+00:00,2023-12-24 19:31:00+00:00,2023-12-24 10:43:00+00:00,2781,0.1067884181,0.1075039135,0.105632579,0.1063896128,225415799.85,9400637852.19,2023-12-24 23:59:59.999000+00:00,TRON_01_01_2023-01_01_2024_historical_data_coinmarketcap.csv,TRON,2023,12,24,0,23,19,10
2023-12-23 00:00:00+00:00,2023-12-23 23:59:59.999000+00:00,2023-12-23 22:25:00+00:00,2023-12-23 04:08:00+00:00,2781,0.1051325499,0.1069966788,0.1042126826,0.1067763638,202317893.28,9435239127.38,2023-12-23 23:59:59.999000+00:00,TRON_01_01_2023-01_01_2024_historical_data_coinmarketcap.csv,TRON,2023,12,23,0,23,22,4
2023-12-22 00:00:00+00:00,2023-12-22 23:59:59.999000+00:00,2023-12-22 23:55:00+00:00,2023-12-22 14:31:00+00:00,2781,0.1046678704,0.1051544511,0.1040778345,0.1051293754,207941510.3,9290229899.43,2023-12-22 23:59:59.999000+00:00,TRON_01_01_2023-01_01_2024_historical_data_coinmarketcap.csv,TRON,2023,12,22,0,23,23,14
2023-12-21 00:00:00+00:00,2023-12-21 23:59:59.999000+00:00,2023-12-21 12:29:00+00:00,2023-12-21 00:00:00+00:00,2781,0.1027035211,0.10488629,0.1027035211,0.1046699305,206355981.57,9250330886.22,2023-12-21 23:59:59.999000+00:00,TRON_01_01_2023-01_01_2024_historical_data_coinmarketcap.csv,TRON,2023,12,21,0,23,12,0
2023-12-20 00:00:00+00:00,2023-12-20 23:59:59.999000+00:00,2023-12-20 17:52:00+00:00,2023-12-20 00:00:00+00:00,2781,0.1005726334,0.1032970789,0.1005726334,0.1026976324,203535145.71,9076775966.54,2023-12-20 23:59:59.999000+00:00,TRON_01_01_2023-01_01_2024_historical_data_coinmarketcap.csv,TRON,2023,12,20,0,23,17,0
2023-12-19 00:00:00+00:00,2023-12-19 23:59:59.999000+00:00,2023-12-19 02:10:00+00:00,2023-12-19 18:13:00+00:00,2781,0.1009188747,0.1015067863,0.1000869955,0.1005743386,207746307.87,8889891086.67,2023-12-19 23:59:59.999000+00:00,TRON_01_01_2023-01_01_2024_historical_data_coinmarketcap.csv,TRON,2023,12,19,0,23,2,18
2023-12-18 00:00:00+00:00,2023-12-18 23:59:59.999000+00:00,2023-12-18 00:00:00+00:00,2023-12-18 10:35:00+00:00,2781,0.1021064256,0.1021064256,0.0980506674,0.1009121678,284455154.43,8920600465.97,2023-12-18 23:59:59.999000+00:00,TRON_01_01_2023-01_01_2024_historical_data_coinmarketcap.csv,TRON,2023,12,18,0,23,0,10
2023-12-17 00:00:00+00:00,2023-12-17 23:59:59.999000+00:00,2023-12-17 17:14:00+00:00,2023-12-17 08:17:00+00:00,2781,0.1027530766,0.1032505499,0.1020256179,0.102110951,179934289.13,9027474631.56,2023-12-17 23:59:59.999000+00:00,TRON_01_01_2023-01_01_2024_historical_data_coinmarketcap.csv,TRON,2023,12,17,0,23,17,8
2023-12-16 00:00:00+00:00,2023-12-16 23:59:59.999000+00:00,2023-12-16 10:14:00+00:00,2023-12-16 00:40:00+00:00,2781,0.1015696732,0.103085906,0.1012781399,0.1027555824,200963120.43,9084927049.41,2023-12-16 23:59:59.999000+00:00,TRON_01_01_2023-01_01_2024_historical_data_coinmarketcap.csv,TRON,2023,12,16,0,23,10,0
2023-12-15 00:00:00+00:00,2023-12-15 23:59:59.999000+00:00,2023-12-15 03:13:00+00:00,2023-12-15 23:56:00+00:00,2781,0.1059866859,0.1062139273,0.1015409731,0.1015626802,259883394.07,8980054374.35,2023-12-15 23:59:59.999000+00:00,TRON_01_01_2023-01_01_2024_historical_data_coinmarketcap.csv,TRON,2023,12,15,0,23,3,23
2023-12-14 00:00:00+00:00,2023-12-14 23:59:59.999000+00:00,2023-12-14 23:19:00+00:00,2023-12-14 03:41:00+00:00,2781,0.1042983213,0.1060934599,0.1040745965,0.1059850918,242250053.56,9372065453.38,2023-12-14 23:59:59.999000+00:00,TRON_01_01_2023-01_01_2024_historical_data_coinmarketcap.csv,TRON,2023,12,14,0,23,23,3
2023-12-13 00:00:00+00:00,2023-12-13 23:59:59.999000+00:00,2023-12-13 22:25:00+00:00,2023-12-13 07:03:00+00:00,2781,0.1036251612,0.1044848787,0.1020976783,0.1043000116,259812575.0,9224083202.35,2023-12-13 23:59:59.999000+00:00,TRON_01_01_2023-01_01_2024_historical_data_coinmarketcap.csv,TRON,2023,12,13,0,23,22,7
2023-12-12 00:00:00+00:00,2023-12-12 23:59:59.999000+00:00,2023-12-12 08:59:00+00:00,2023-12-12 18:01:00+00:00,2781,0.1037878375,0.1050675698,0.1029837217,0.103626396,244770705.89,9165177015.08,2023-12-12 23:59:59.999000+00:00,TRON_01_01_2023-01_01_2024_historical_data_coinmarketcap.csv,TRON,2023,12,12,0,23,8,18
2023-12-11 00:00:00+00:00,2023-12-11 23:59:59.999000+00:00,2023-12-11 00:37:00+00:00,2023-12-11 19:42:00+00:00,2781,0.1078164985,0.1079066363,0.1023821657,0.1037874956,380408061.41,9180316978.27,2023-12-11 23:59:59.999000+00:00,TRON_01_01_2023-01_01_2024_historical_data_coinmarketcap.csv,TRON,2023,12,11,0,23,0,19
2023-12-10 00:00:00+00:00,2023-12-10 23:59:59.999000+00:00,2023-12-10 07:07:00+00:00,2023-12-10 00:13:00+00:00,2781,0.1066850433,0.1083859716,0.1066503247,0.1078227335,232567605.83,9538305988.85,2023-12-10 23:59:59.999000+00:00,TRON_01_01_2023-01_01_2024_historical_data_coinmarketcap.csv,TRON,2023,12,10,0,23,7,0
2023-12-09 00:00:00+00:00,2023-12-09 23:59:59.999000+00:00,2023-12-09 08:19:00+00:00,2023-12-09 23:37:00+00:00,2781,0.1067186269,0.1086527607,0.1066284314,0.1066754482,284051195.5,9437334331.33,2023-12-09 23:59:59.999000+00:00,TRON_01_01_2023-01_01_2024_historical_data_coinmarketcap.csv,TRON,2023,12,9,0,23,8,23
2023-12-08 00:00:00+00:00,2023-12-08 23:59:59.999000+00:00,2023-12-08 20:45:00+00:00,2023-12-08 00:01:00+00:00,2781,0.1042314328,0.1071998732,0.1042103617,0.1067159929,311278545.77,9441563509.7,2023-12-08 23:59:59.999000+00:00,TRON_01_01_2023-01_01_2024_historical_data_coinmarketcap.csv,TRON,2023,12,8,0,23,20,0
2023-12-07 00:00:00+00:00,2023-12-07 23:59:59.999000+00:00,2023-12-07 05:10:00+00:00,2023-12-07 14:10:00+00:00,2781,0.1048228481,0.1055027225,0.1031442621,0.1042264477,242231940.12,9222220746.24,2023-12-07 23:59:59.999000+00:00,TRON_01_01_2023-01_01_2024_historical_data_coinmarketcap.csv,TRON,2023,12,7,0,23,5,14
2023-12-06 00:00:00+00:00,2023-12-06 23:59:59.999000+00:00,2023-12-06 11:32:00+00:00,2023-12-06 06:25:00+00:00,2781,0.1036507076,0.1057479143,0.102596514,0.1047980414,365114586.69,9273726714.31,2023-12-06 23:59:59.999000+00:00,TRON_01_01_2023-01_01_2024_historical_data_coinmarketcap.csv,TRON,2023,12,6,0,23,11,6
2023-12-05 00:00:00+00:00,2023-12-05 23:59:59.999000+00:00,2023-12-05 01:04:00+00:00,2023-12-05 13:58:00+00:00,2781,0.1038417987,0.1041031748,0.1026139937,0.1036451176,270593796.9,9172644554.26,2023-12-05 23:59:59.999000+00:00,TRON_01_01_2023-01_01_2024_historical_data_coinmarketcap.csv,TRON,2023,12,5,0,23,1,13
2023-12-04 00:00:00+00:00,2023-12-04 23:59:59.999000+00:00,2023-12-04 09:37:00+00:00,2023-12-04 15:55:00+00:00,2781,0.1031617127,0.1056867877,0.1025018128,0.103848139,329972486.43,9191524772.69,2023-12-04 23:59:59.999000+00:00,TRON_01_01_2023-01_01_2024_historical_data_coinmarketcap.csv,TRON,2023,12,4,0,23,9,15
2023-12-03 00:00:00+00:00,2023-12-03 23:59:59.999000+00:00,2023-12-03 22:24:00+00:00,2023-12-03 13:07:00+00:00,2781,0.1032959809,0.1039388706,0.1028123411,0.1031624089,210464602.0,9131806196.65,2023-12-03 23:59:59.999000+00:00,TRON_01_01_2023-01_01_2024_historical_data_coinmarketcap.csv,TRON,2023,12,3,0,23,22,13
2023-12-02 00:00:00+00:00,2023-12-02 23:59:59.999000+00:00,2023-12-02 03:24:00+00:00,2023-12-02 16:57:00+00:00,2781,0.1031784956,0.1035384018,0.1024924759,0.1032856457,185994289.97,9143203973.57,2023-12-02 23:59:59.999000+00:00,TRON_01_01_2023-01_01_2024_historical_data_coinmarketcap.csv,TRON,2023,12,2,0,23,3,16
2023-12-01 00:00:00+00:00,2023-12-01 23:59:59.999000+00:00,2023-12-01 11:37:00+00:00,2023-12-01 16:05:00+00:00,2781,0.1035144955,0.1041302751,0.10288926,0.1031765546,221433774.39,9134138067.01,2023-12-01 23:59:59.999000+00:00,TRON_01_01_2023-01_01_2024_historical_data_coinmarketcap.csv,TRON,2023,12,1,0,23,11,16
2023-11-30 00:00:00+00:00,2023-11-30 23:59:59.999000+00:00,2023-11-30 12:08:00+00:00,2023-11-30 09:39:00+00:00,2781,0.1035417719,0.1042363576,0.1030200215,0.1035149494,237850679.29,9164984259.99,2023-11-30 23:59:59.999000+00:00,TRON_01_01_2023-01_01_2024_historical_data_coinmarketcap.csv,TRON,2023,11,30,0,23,12,9
2023-11-29 00:00:00+00:00,2023-11-29 23:59:59.999000+00:00,2023-11-29 09:21:00+00:00,2023-11-29 00:17:00+00:00,2781,0.1030408017,0.1040527928,0.1029283551,0.1035441385,238729774.3,9168413062.55,2023-11-29 23:59:59.999000+00:00,TRON_01_01_2023-01_01_2024_historical_data_coinmarketcap.csv,TRON,2023,11,29,0,23,9,0
2023-11-28 00:00:00+00:00,2023-11-28 23:59:59.999000+00:00,2023-11-28 17:49:00+00:00,2023-11-28 02:22:00+00:00,2781,0.1021012218,0.1037485,0.100326553,0.1030432563,322767749.43,9124915144.36,2023-11-28 23:59:59.999000+00:00,TRON_01_01_2023-01_01_2024_historical_data_coinmarketcap.csv,TRON,2023,11,28,0,23,17,2
2023-11-27 00:00:00+00:00,2023-11-27 23:59:59.999000+00:00,2023-11-27 00:04:00+00:00,2023-11-27 23:01:00+00:00,2781,0.1078432422,0.1079304497,0.1020307324,0.1020994201,298597102.72,9042081141.04,2023-11-27 23:59:59.999000+00:00,TRON_01_01_2023-01_01_2024_historical_data_coinmarketcap.csv,TRON,2023,11,27,0,23,0,23
2023-11-26 00:00:00+00:00,2023-11-26 23:59:59.999000+00:00,2023-11-26 01:53:00+00:00,2023-11-26 16:52:00+00:00,2781,0.1088164883,0.1098842934,0.1072716373,0.1078543862,231468428.43,9552886970.79,2023-11-26 23:59:59.999000+00:00,TRON_01_01_2023-01_01_2024_historical_data_coinmarketcap.csv,TRON,2023,11,26,0,23,1,16
2023-11-25 00:00:00+00:00,2023-11-25 23:59:59.999000+00:00,2023-11-25 23:58:00+00:00,2023-11-25 00:09:00+00:00,2781,0.104719938,0.1088241654,0.1046263557,0.1088105616,298382396.38,9637828450.75,2023-11-25 23:59:59.999000+00:00,TRON_01_01_2023-01_01_2024_historical_data_coinmarketcap.csv,TRON,2023,11,25,0,23,23,0
2023-11-24 00:00:00+00:00,2023-11-24 23:59:59.999000+00:00,2023-11-24 17:57:00+00:00,2023-11-24 00:01:00+00:00,2781,0.1020813577,0.1052777543,0.1020801154,0.1047212414,329356342.1,9276291697.61,2023-11-24 23:59:59.999000+00:00,TRON_01_01_2023-01_01_2024_historical_data_coinmarketcap.csv,TRON,2023,11,24,0,23,17,0
2023-11-23 00:00:00+00:00,2023-11-23 23:59:59.999000+00:00,2023-11-23 23:12:00+00:00,2023-11-23 15:34:00+00:00,2781,0.1012313644,0.1021527424,0.1009888052,0.1020841051,188298352.19,9043602728.74,2023-11-23 23:59:59.999000+00:00,TRON_01_01_2023-01_01_2024_historical_data_coinmarketcap.csv,TRON,2023,11,23,0,23,23,15
2023-11-22 00:00:00+00:00,2023-11-22 23:59:59.999000+00:00,2023-11-22 10:55:00+00:00,2023-11-22 00:01:00+00:00,2781,0.096255669,0.1018714479,0.0961293212,0.1012367673,359844115.04,8969360867.42,2023-11-22 23:59:59.999000+00:00,TRON_01_01_2023-01_01_2024_historical_data_coinmarketcap.csv,TRON,2023,11,22,0,23,10,0
2023-11-21 00:00:00+00:00,2023-11-21 23:59:59.999000+00:00,2023-11-21 01:35:00+00:00,2023-11-21 23:04:00+00:00,2781,0.1011109202,0.1020005231,0.095996703,0.0962455421,329930003.92,8528013487.79,2023-11-21 23:59:59.999000+00:00,TRON_01_01_2023-01_01_2024_historical_data_coinmarketcap.csv,TRON,2023,11,21,0,23,1,23
2023-11-20 00:00:00+00:00,2023-11-20 23:59:59.999000+00:00,2023-11-20 11:24:00+00:00,2023-11-20 22:50:00+00:00,2781,0.1035031789,0.1050316681,0.1010758591,0.1011214736,254396120.93,8961532784.35,2023-11-20 23:59:59.999000+00:00,TRON_01_01_2023-01_01_2024_historical_data_coinmarketcap.csv,TRON,2023,11,20,0,23,11,22
2023-11-19 00:00:00+00:00,2023-11-19 23:59:59.999000+00:00,2023-11-19 19:55:00+00:00,2023-11-19 01:35:00+00:00,2781,0.1030075666,0.1038661904,0.1019715616,0.1034990172,177524932.68,9172924326.62,2023-11-19 23:59:59.999000+00:00,TRON_01_01_2023-01_01_2024_historical_data_coinmarketcap.csv,TRON,2023,11,19,0,23,19,1
2023-11-18 00:00:00+00:00,2023-11-18 23:59:59.999000+00:00,2023-11-18 00:01:00+00:00,2023-11-18 07:23:00+00:00,2781,0.1036742578,0.1037235787,0.101577366,0.1030062272,192057425.99,9129845655.8,2023-11-18 23:59:59.999000+00:00,TRON_01_01_2023-01_01_2024_historical_data_coinmarketcap.csv,TRON,2023,11,18,0,23,0,7
2023-11-17 00:00:00+00:00,2023-11-17 23:59:59.999000+00:00,2023-11-17 06:26:00+00:00,2023-11-17 16:07:00+00:00,2781,0.1024051065,0.1038868717,0.1019752176,0.1036744131,231161205.58,9189619881.84,2023-11-17 23:59:59.999000+00:00,TRON_01_01_2023-01_01_2024_historical_data_coinmarketcap.csv,TRON,2023,11,17,0,23,6,16
2023-11-16 00:00:00+00:00,2023-11-16 23:59:59.999000+00:00,2023-11-16 06:22:00+00:00,2023-11-16 19:41:00+00:00,2781,0.1041083777,0.1047056376,0.1016357143,0.1023955942,263886938.72,9077503869.9,2023-11-16 23:59:59.999000+00:00,TRON_01_01_2023-01_01_2024_historical_data_coinmarketcap.csv,TRON,2023,11,16,0,23,6,19
2023-11-15 00:00:00+00:00,2023-11-15 23:59:59.999000+00:00,2023-11-15 12:40:00+00:00,2023-11-15 00:03:00+00:00,2781,0.1022777771,0.1046711506,0.1022749069,0.1041049705,303520302.73,9229724565.92,2023-11-15 23:59:59.999000+00:00,TRON_01_01_2023-01_01_2024_historical_data_coinmarketcap.csv,TRON,2023,11,15,0,23,12,0
2023-11-14 00:00:00+00:00,2023-11-14 23:59:59.999000+00:00,2023-11-14 00:00:00+00:00,2023-11-14 23:02:00+00:00,2781,0.1071448594,0.1071448594,0.1021740116,0.1022753405,313182455.11,9068729809.12,2023-11-14 23:59:59.999000+00:00,TRON_01_01_2023-01_01_2024_historical_data_coinmarketcap.csv,TRON,2023,11,14,0,23,0,23
2023-11-13 00:00:00+00:00,2023-11-13 23:59:59.999000+00:00,2023-11-13 11:10:00+00:00,2023-11-13 23:57:00+00:00,2781,0.1084181811,0.1105931096,0.1071519282,0.1071521935,296261795.4,9502064071.33,2023-11-13 23:59:59.999000+00:00,TRON_01_01_2023-01_01_2024_historical_data_coinmarketcap.csv,TRON,2023,11,13,0,23,11,23
2023-11-12 00:00:00+00:00,2023-11-12 23:59:59.999000+00:00,2023-11-12 23:04:00+00:00,2023-11-12 00:54:00+00:00,2781,0.1079878566,0.1088350458,0.1065992641,0.1084107727,222855732.04,9614779849.43,2023-11-12 23:59:59.999000+00:00,TRON_01_01_2023-01_01_2024_historical_data_coinmarketcap.csv,TRON,2023,11,12,0,23,23,0
2023-11-11 00:00:00+00:00,2023-11-11 23:59:59.999000+00:00,2023-11-11 16:55:00+00:00,2023-11-11 04:33:00+00:00,2781,0.1062349599,0.1089024981,0.1050797105,0.1079886971,261955668.15,9578091072.69,2023-11-11 23:59:59.999000+00:00,TRON_01_01_2023-01_01_2024_historical_data_coinmarketcap.csv,TRON,2023,11,11,0,23,16,4
2023-11-10 00:00:00+00:00,2023-11-10 23:59:59.999000+00:00,2023-11-10 11:26:00+00:00,2023-11-10 00:00:00+00:00,2781,0.0989059467,0.1115186152,0.0989059467,0.1062379908,776939025.43,9423653370.17,2023-11-10 23:59:59.999000+00:00,TRON_01_01_2023-01_01_2024_historical_data_coinmarketcap.csv,TRON,2023,11,10,0,23,11,0
2023-11-09 00:00:00+00:00,2023-11-09 23:59:59.999000+00:00,2023-11-09 15:18:00+00:00,2023-11-09 19:46:00+00:00,2781,0.0984083286,0.1007982491,0.097486924,0.0989025953,337814623.85,8774068422.84,2023-11-09 23:59:59.999000+00:00,TRON_01_01_2023-01_01_2024_historical_data_coinmarketcap.csv,TRON,2023,11,9,0,23,15,19
2023-11-08 00:00:00+00:00,2023-11-08 23:59:59.999000+00:00,2023-11-08 14:02:00+00:00,2023-11-08 02:04:00+00:00,2781,0.096671208,0.0986080949,0.0964626874,0.0984117645,206131116.37,8731427038.94,2023-11-08 23:59:59.999000+00:00,TRON_01_01_2023-01_01_2024_historical_data_coinmarketcap.csv,TRON,2023,11,8,0,23,14,2
2023-11-07 00:00:00+00:00,2023-11-07 23:59:59.999000+00:00,2023-11-07 00:22:00+00:00,2023-11-07 17:10:00+00:00,2781,0.0977212697,0.097877365,0.0960680409,0.0966714955,221778810.55,8577903082.51,2023-11-07 23:59:59.999000+00:00,TRON_01_01_2023-01_01_2024_historical_data_coinmarketcap.csv,TRON,2023,11,7,0,23,0,17
2023-11-06 00:00:00+00:00,2023-11-06 23:59:59.999000+00:00,2023-11-06 15:25:00+00:00,2023-11-06 06:15:00+00:00,2781,0.0982197563,0.099029152,0.0967102337,0.0977216325,214742276.66,8671978889.12,2023-11-06 23:59:59.999000+00:00,TRON_01_01_2023-01_01_2024_historical_data_coinmarketcap.csv,TRON,2023,11,6,0,23,15,6
2023-11-05 00:00:00+00:00,2023-11-05 23:59:59.999000+00:00,2023-11-05 12:33:00+00:00,2023-11-05 01:04:00+00:00,2781,0.0977648763,0.0990174002,0.0975034804,0.0982199645,165027504.5,8717440860.63,2023-11-05 23:59:59.999000+00:00,TRON_01_01_2023-01_01_2024_historical_data_coinmarketcap.csv,TRON,2023,11,5,0,23,12,1
2023-11-04 00:00:00+00:00,2023-11-04 23:59:59.999000+00:00,2023-11-04 13:34:00+00:00,2023-11-04 06:28:00+00:00,2781,0.0973202862,0.0981944746,0.0970786845,0.097777986,164825258.02,8678689050.9,2023-11-04 23:59:59.999000+00:00,TRON_01_01_2023-01_01_2024_historical_data_coinmarketcap.csv,TRON,2023,11,4,0,23,13,6
2023-11-03 00:00:00+00:00,2023-11-03 23:59:59.999000+00:00,2023-11-03 00:00:00+00:00,2023-11-03 23:28:00+00:00,2781,0.0992906009,0.0992906009,0.097248825,0.0973134369,219639698.11,8637895281.59,2023-11-03 23:59:59.999000+00:00,TRON_01_01_2023-01_01_2024_historical_data_coinmarketcap.csv,TRON,2023,11,3,0,23,0,23
2023-11-02 00:00:00+00:00,2023-11-02 23:59:59.999000+00:00,2023-11-02 03:14:00+00:00,2023-11-02 23:13:00+00:00,2781,0.1002554985,0.1009527689,0.0987259704,0.0992947041,248476067.59,8814745446.81,2023-11-02 23:59:59.999000+00:00,TRON_01_01_2023-01_01_2024_historical_data_coinmarketcap.csv,TRON,2023,11,2,0,23,3,23
2023-11-01 00:00:00+00:00,2023-11-01 23:59:59.999000+00:00,2023-11-01 23:07:00+00:00,2023-11-01 06:07:00+00:00,2781,0.0971674568,0.1005001232,0.097017611,0.1002564312,355168811.58,8901119346.62,2023-11-01 23:59:59.999000+00:00,TRON_01_01_2023-01_01_2024_historical_data_coinmarketcap.csv,TRON,2023,11,1,0,23,23,6
2023-10-31 00:00:00+00:00,2023-10-31 23:59:59.999000+00:00,2023-10-31 23:59:00+00:00,2023-10-31 00:10:00+00:00,2781,0.0956128103,0.0971730722,0.0956103422,0.0971730722,264955245.29,8628348895.61,2023-10-31 23:59:59.999000+00:00,TRON_01_01_2023-01_01_2024_historical_data_coinmarketcap.csv,TRON,2023,10,31,0,23,23,0
2023-10-30 00:00:00+00:00,2023-10-30 23:59:59.999000+00:00,2023-10-30 23:19:00+00:00,2023-10-30 07:31:00+00:00,2781,0.094875671,0.0956365007,0.0941585396,0.0956114767,186783744.4,8490743349.92,2023-10-30 23:59:59.999000+00:00,TRON_01_01_2023-01_01_2024_historical_data_coinmarketcap.csv,TRON,2023,10,30,0,23,23,7
2023-10-29 00:00:00+00:00,2023-10-29 23:59:59.999000+00:00,2023-10-29 17:53:00+00:00,2023-10-29 01:31:00+00:00,2781,0.0943287348,0.0951625353,0.0942472709,0.0948787554,142054658.46,8426596795.82,2023-10-29 23:59:59.999000+00:00,TRON_01_01_2023-01_01_2024_historical_data_coinmarketcap.csv,TRON,2023,10,29,0,23,17,1
2023-10-28 00:00:00+00:00,2023-10-28 23:59:59.999000+00:00,2023-10-28 16:10:00+00:00,2023-10-28 01:28:00+00:00,2781,0.0936248758,0.0945994546,0.0933779891,0.0943322103,159783858.23,8378767960.75,2023-10-28 23:59:59.999000+00:00,TRON_01_01_2023-01_01_2024_historical_data_coinmarketcap.csv,TRON,2023,10,28,0,23,16,1
2023-10-27 00:00:00+00:00,2023-10-27 23:59:59.999000+00:00,2023-10-27 10:10:00+00:00,2023-10-27 02:04:00+00:00,2781,0.0928452676,0.0939521702,0.0926873944,0.0936276028,186299988.35,8316742120.0,2023-10-27 23:59:59.999000+00:00,TRON_01_01_2023-01_01_2024_historical_data_coinmarketcap.csv,TRON,2023,10,27,0,23,10,2
2023-10-26 00:00:00+00:00,2023-10-26 23:59:59.999000+00:00,2023-10-26 08:07:00+00:00,2023-10-26 15:46:00+00:00,2781,0.0934942216,0.0937570841,0.0920928755,0.0928415966,206472960.96,8247804780.12,2023-10-26 23:59:59.999000+00:00,TRON_01_01_2023-01_01_2024_historical_data_coinmarketcap.csv,TRON,2023,10,26,0,23,8,15
2023-10-25 00:00:00+00:00,2023-10-25 23:59:59.999000+00:00,2023-10-25 16:16:00+00:00,2023-10-25 00:00:00+00:00,2781,0.0923611167,0.0940747661,0.0923611167,0.0934903842,226287819.97,8306344675.16,2023-10-25 23:59:59.999000+00:00,TRON_01_01_2023-01_01_2024_historical_data_coinmarketcap.csv,TRON,2023,10,25,0,23,16,0
2023-10-24 00:00:00+00:00,2023-10-24 23:59:59.999000+00:00,2023-10-24 12:46:00+00:00,2023-10-24 16:07:00+00:00,2781,0.0922255905,0.093876079,0.0919703878,0.0923530033,329845514.35,8206230958.19,2023-10-24 23:59:59.999000+00:00,TRON_01_01_2023-01_01_2024_historical_data_coinmarketcap.csv,TRON,2023,10,24,0,23,12,16
2023-10-23 00:00:00+00:00,2023-10-23 23:59:59.999000+00:00,2023-10-23 22:46:00+00:00,2023-10-23 13:38:00+00:00,2781,0.0903936493,0.0928301217,0.0901652848,0.092238205,301555122.66,8197000947.81,2023-10-23 23:59:59.999000+00:00,TRON_01_01_2023-01_01_2024_historical_data_coinmarketcap.csv,TRON,2023,10,23,0,23,22,13
2023-10-22 00:00:00+00:00,2023-10-22 23:59:59.999000+00:00,2023-10-22 06:04:00+00:00,2023-10-22 22:04:00+00:00,2781,0.0916023231,0.0918913489,0.0898211229,0.0903810558,174571243.38,8033271432.71,2023-10-22 23:59:59.999000+00:00,TRON_01_01_2023-01_01_2024_historical_data_coinmarketcap.csv,TRON,2023,10,22,0,23,6,22
2023-10-21 00:00:00+00:00,2023-10-21 23:59:59.999000+00:00,2023-10-21 19:03:00+00:00,2023-10-21 03:14:00+00:00,2781,0.0907635011,0.0918216881,0.0906501885,0.0915993662,175563451.33,8141691995.56,2023-10-21 23:59:59.999000+00:00,TRON_01_01_2023-01_01_2024_historical_data_coinmarketcap.csv,TRON,2023,10,21,0,23,19,3
2023-10-20 00:00:00+00:00,2023-10-20 23:59:59.999000+00:00,2023-10-20 10:25:00+00:00,2023-10-20 01:50:00+00:00,2781,0.0899684235,0.0920358007,0.0899622606,0.0907610251,227444174.41,8067777977.7,2023-10-20 23:59:59.999000+00:00,TRON_01_01_2023-01_01_2024_historical_data_coinmarketcap.csv,TRON,2023,10,20,0,23,10,1
2023-10-19 00:00:00+00:00,2023-10-19 23:59:59.999000+00:00,2023-10-19 23:58:00+00:00,2023-10-19 02:23:00+00:00,2781,0.0892099123,0.0899732596,0.0885527639,0.0899692702,176537551.11,7998234280.06,2023-10-19 23:59:59.999000+00:00,TRON_01_01_2023-01_01_2024_historical_data_coinmarketcap.csv,TRON,2023,10,19,0,23,23,2
2023-10-18 00:00:00+00:00,2023-10-18 23:59:59.999000+00:00,2023-10-18 16:27:00+00:00,2023-10-18 02:59:00+00:00,2781,0.0885696865,0.089457195,0.0885082489,0.0892127011,182808917.03,7931791723.18,2023-10-18 23:59:59.999000+00:00,TRON_01_01_2023-01_01_2024_historical_data_coinmarketcap.csv,TRON,2023,10,18,0,23,16,2
2023-10-17 00:00:00+00:00,2023-10-17 23:59:59.999000+00:00,2023-10-17 00:07:00+00:00,2023-10-17 13:52:00+00:00,2781,0.0889131931,0.0889158146,0.0877262963,0.0885639474,170690297.87,7874851401.82,2023-10-17 23:59:59.999000+00:00,TRON_01_01_2023-01_01_2024_historical_data_coinmarketcap.csv,TRON,2023,10,17,0,23,0,13
2023-10-16 00:00:00+00:00,2023-10-16 23:59:59.999000+00:00,2023-10-16 13:33:00+00:00,2023-10-16 00:43:00+00:00,2781,0.0866838791,0.0891939954,0.0866427861,0.0889139018,239895827.1,7906985174.64,2023-10-16 23:59:59.999000+00:00,TRON_01_01_2023-01_01_2024_historical_data_coinmarketcap.csv,TRON,2023,10,16,0,23,13,0
2023-10-15 00:00:00+00:00,2023-10-15 23:59:59.999000+00:00,2023-10-15 22:37:00+00:00,2023-10-15 01:04:00+00:00,2781,0.0850612311,0.0867107616,0.084870712,0.0866834798,185613393.18,7709396221.5,2023-10-15 23:59:59.999000+00:00,TRON_01_01_2023-01_01_2024_historical_data_coinmarketcap.csv,TRON,2023,10,15,0,23,22,1
2023-10-14 00:00:00+00:00,2023-10-14 23:59:59.999000+00:00,2023-10-14 00:32:00+00:00,2023-10-14 23:56:00+00:00,2781,0.0854792047,0.085714608,0.0850541431,0.0850592278,113893538.72,7565509696.2,2023-10-14 23:59:59.999000+00:00,TRON_01_01_2023-01_01_2024_historical_data_coinmarketcap.csv,TRON,2023,10,14,0,23,0,23
2023-10-13 00:00:00+00:00,2023-10-13 23:59:59.999000+00:00,2023-10-13 22:22:00+00:00,2023-10-13 00:48:00+00:00,2781,0.0848649277,0.0857220994,0.0847962383,0.0854809945,129011198.18,7603620842.83,2023-10-13 23:59:59.999000+00:00,TRON_01_01_2023-01_01_2024_historical_data_coinmarketcap.csv,TRON,2023,10,13,0,23,22,0
2023-10-12 00:00:00+00:00,2023-10-12 23:59:59.999000+00:00,2023-10-12 02:55:00+00:00,2023-10-12 17:19:00+00:00,2781,0.0860253695,0.0864990217,0.0848271184,0.0848669993,144336436.96,7549790438.73,2023-10-12 23:59:59.999000+00:00,TRON_01_01_2023-01_01_2024_historical_data_coinmarketcap.csv,TRON,2023,10,12,0,23,2,17
2023-10-11 00:00:00+00:00,2023-10-11 23:59:59.999000+00:00,2023-10-11 14:08:00+00:00,2023-10-11 06:29:00+00:00,2781,0.0862732653,0.0865311896,0.0856915438,0.0860257575,170578363.88,7653747536.86,2023-10-11 23:59:59.999000+00:00,TRON_01_01_2023-01_01_2024_historical_data_coinmarketcap.csv,TRON,2023,10,11,0,23,14,6
2023-10-10 00:00:00+00:00,2023-10-10 23:59:59.999000+00:00,2023-10-10 07:19:00+00:00,2023-10-10 13:45:00+00:00,2781,0.0862019684,0.0866566797,0.086096499,0.0862745206,133973983.45,7676738030.37,2023-10-10 23:59:59.999000+00:00,TRON_01_01_2023-01_01_2024_historical_data_coinmarketcap.csv,TRON,2023,10,10,0,23,7,13
2023-10-09 00:00:00+00:00,2023-10-09 23:59:59.999000+00:00,2023-10-09 04:27:00+00:00,2023-10-09 16:55:00+00:00,2781,0.0880225738,0.0882837517,0.0856679188,0.0861986712,165266429.87,7670775869.29,2023-10-09 23:59:59.999000+00:00,TRON_01_01_2023-01_01_2024_historical_data_coinmarketcap.csv,TRON,2023,10,9,0,23,4,16
2023-10-08 00:00:00+00:00,2023-10-08 23:59:59.999000+00:00,2023-10-08 21:18:00+00:00,2023-10-08 10:55:00+00:00,2781,0.0881335728,0.0884009084,0.0875724192,0.0880237066,102573431.35,7834143794.92,2023-10-08 23:59:59.999000+00:00,TRON_01_01_2023-01_01_2024_historical_data_coinmarketcap.csv,TRON,2023,10,8,0,23,21,10
2023-10-07 00:00:00+00:00,2023-10-07 23:59:59.999000+00:00,2023-10-07 16:25:00+00:00,2023-10-07 04:04:00+00:00,2781,0.0872651164,0.0884052899,0.0872439459,0.0881292133,137050861.9,7844102080.11,2023-10-07 23:59:59.999000+00:00,TRON_01_01_2023-01_01_2024_historical_data_coinmarketcap.csv,TRON,2023,10,7,0,23,16,4
2023-10-06 00:00:00+00:00,2023-10-06 23:59:59.999000+00:00,2023-10-06 03:38:00+00:00,2023-10-06 09:43:00+00:00,2781,0.0882737783,0.0889008002,0.0854927733,0.0872661754,237318251.28,7767917966.87,2023-10-06 23:59:59.999000+00:00,TRON_01_01_2023-01_01_2024_historical_data_coinmarketcap.csv,TRON,2023,10,6,0,23,3,9
2023-10-05 00:00:00+00:00,2023-10-05 23:59:59.999000+00:00,2023-10-05 06:54:00+00:00,2023-10-05 20:54:00+00:00,2781,0.0890001167,0.0894868417,0.0882421967,0.0882764951,164533913.65,7858641298.6,2023-10-05 23:59:59.999000+00:00,TRON_01_01_2023-01_01_2024_historical_data_coinmarketcap.csv,TRON,2023,10,5,0,23,6,20
2023-10-04 00:00:00+00:00,2023-10-04 23:59:59.999000+00:00,2023-10-04 00:00:00+00:00,2023-10-04 14:52:00+00:00,2781,0.0908668077,0.0908668077,0.0883082631,0.0889990221,209971945.47,7923749557.53,2023-10-04 23:59:59.999000+00:00,TRON_01_01_2023-01_01_2024_historical_data_coinmarketcap.csv,TRON,2023,10,4,0,23,0,14
2023-10-03 00:00:00+00:00,2023-10-03 23:59:59.999000+00:00,2023-10-03 23:59:00+00:00,2023-10-03 16:04:00+00:00,2781,0.0875582621,0.0908581437,0.0874171701,0.0908581437,219892593.46,8090066876.73,2023-10-03 23:59:59.999000+00:00,TRON_01_01_2023-01_01_2024_historical_data_coinmarketcap.csv,TRON,2023,10,3,0,23,23,16
2023-10-02 00:00:00+00:00,2023-10-02 23:59:59.999000+00:00,2023-10-02 03:46:00+00:00,2023-10-02 22:23:00+00:00,2781,0.0901144821,0.0902901282,0.0874297997,0.087565714,197202683.78,7797739934.38,2023-10-02 23:59:59.999000+00:00,TRON_01_01_2023-01_01_2024_historical_data_coinmarketcap.csv,TRON,2023,10,2,0,23,3,22
2023-10-01 00:00:00+00:00,2023-10-01 23:59:59.999000+00:00,2023-10-01 23:28:00+00:00,2023-10-01 03:16:00+00:00,2781,0.0886789432,0.0903153186,0.0880982956,0.0901179893,150130603.39,8025916797.69,2023-10-01 23:59:59.999000+00:00,TRON_01_01_2023-01_01_2024_historical_data_coinmarketcap.csv,TRON,2023,10,1,0,23,23,3
2023-09-30 00:00:00+00:00,2023-09-30 23:59:59.999000+00:00,2023-09-30 00:25:00+00:00,2023-09-30 08:10:00+00:00,2781,0.0891427114,0.0893048113,0.0884820289,0.0886840846,124895441.78,7898828399.82,2023-09-30 23:59:59.999000+00:00,TRON_01_01_2023-01_01_2024_historical_data_coinmarketcap.csv,TRON,2023,9,30,0,23,0,8
2023-09-29 00:00:00+00:00,2023-09-29 23:59:59.999000+00:00,2023-09-29 19:18:00+00:00,2023-09-29 00:01:00+00:00,2781,0.0867464984,0.0897753067,0.0867228955,0.0891396677,229860536.78,7940094728.05,2023-09-29 23:59:59.999000+00:00,TRON_01_01_2023-01_01_2024_historical_data_coinmarketcap.csv,TRON,2023,9,29,0,23,19,0
2023-09-28 00:00:00+00:00,2023-09-28 23:59:59.999000+00:00,2023-09-28 23:58:00+00:00,2023-09-28 06:06:00+00:00,2781,0.0854165416,0.0867435123,0.084471697,0.0867242838,169612027.91,7725683955.09,2023-09-28 23:59:59.999000+00:00,TRON_01_01_2023-01_01_2024_historical_data_coinmarketcap.csv,TRON,2023,9,28,0,23,23,6
2023-09-27 00:00:00+00:00,2023-09-27 23:59:59.999000+00:00,2023-09-27 13:16:00+00:00,2023-09-27 00:01:00+00:00,2781,0.0846634782,0.0859299812,0.0846594641,0.0854152692,166632346.96,7610075462.94,2023-09-27 23:59:59.999000+00:00,TRON_01_01_2023-01_01_2024_historical_data_coinmarketcap.csv,TRON,2023,9,27,0,23,13,0
2023-09-26 00:00:00+00:00,2023-09-26 23:59:59.999000+00:00,2023-09-26 12:22:00+00:00,2023-09-26 21:34:00+00:00,2781,0.0846072536,0.0849118301,0.084257672,0.0846479762,144903896.64,7542558804.6,2023-09-26 23:59:59.999000+00:00,TRON_01_01_2023-01_01_2024_historical_data_coinmarketcap.csv,TRON,2023,9,26,0,23,12,21
2023-09-25 00:00:00+00:00,2023-09-25 23:59:59.999000+00:00,2023-09-25 23:55:00+00:00,2023-09-25 00:37:00+00:00,2781,0.0836125173,0.0846259168,0.0833714506,0.0846075452,157124182.51,7539819022.45,2023-09-25 23:59:59.999000+00:00,TRON_01_01_2023-01_01_2024_historical_data_coinmarketcap.csv,TRON,2023,9,25,0,23,23,0
2023-09-24 00:00:00+00:00,2023-09-24 23:59:59.999000+00:00,2023-09-24 18:06:00+00:00,2023-09-24 01:12:00+00:00,2781,0.083637364,0.0844451022,0.0835276638,0.0836119396,116463706.42,7451962421.53,2023-09-24 23:59:59.999000+00:00,TRON_01_01_2023-01_01_2024_historical_data_coinmarketcap.csv,TRON,2023,9,24,0,23,18,1
2023-09-23 00:00:00+00:00,2023-09-23 23:59:59.999000+00:00,2023-09-23 22:09:00+00:00,2023-09-23 04:10:00+00:00,2781,0.0833682572,0.0838823273,0.083276032,0.0836346701,116509236.22,7454448156.91,2023-09-23 23:59:59.999000+00:00,TRON_01_01_2023-01_01_2024_historical_data_coinmarketcap.csv,TRON,2023,9,23,0,23,22,4
2023-09-22 00:00:00+00:00,2023-09-22 23:59:59.999000+00:00,2023-09-22 15:02:00+00:00,2023-09-22 00:28:00+00:00,2781,0.0830713995,0.0841907883,0.082943216,0.083373473,159466757.37,7431711959.98,2023-09-22 23:59:59.999000+00:00,TRON_01_01_2023-01_01_2024_historical_data_coinmarketcap.csv,TRON,2023,9,22,0,23,15,0
2023-09-21 00:00:00+00:00,2023-09-21 23:59:59.999000+00:00,2023-09-21 04:49:00+00:00,2023-09-21 14:04:00+00:00,2781,0.08450726,0.0847292062,0.0829222288,0.083072353,211943139.44,7405562600.6,2023-09-21 23:59:59.999000+00:00,TRON_01_01_2023-01_01_2024_historical_data_coinmarketcap.csv,TRON,2023,9,21,0,23,4,14
2023-09-20 00:00:00+00:00,2023-09-20 23:59:59.999000+00:00,2023-09-20 01:55:00+00:00,2023-09-20 19:49:00+00:00,2781,0.0845889767,0.0850053032,0.0842416155,0.0845089898,147910376.5,7534419961.38,2023-09-20 23:59:59.999000+00:00,TRON_01_01_2023-01_01_2024_historical_data_coinmarketcap.csv,TRON,2023,9,20,0,23,1,19
2023-09-19 00:00:00+00:00,2023-09-19 23:59:59.999000+00:00,2023-09-19 09:43:00+00:00,2023-09-19 00:34:00+00:00,2781,0.0840342881,0.084837388,0.0838138991,0.0845882321,156849701.71,7542330596.11,2023-09-19 23:59:59.999000+00:00,TRON_01_01_2023-01_01_2024_historical_data_coinmarketcap.csv,TRON,2023,9,19,0,23,9,0
2023-09-18 00:00:00+00:00,2023-09-18 23:59:59.999000+00:00,2023-09-18 15:46:00+00:00,2023-09-18 00:42:00+00:00,2781,0.0833787573,0.0847914979,0.0831604435,0.0840445236,179583234.08,7494576657.97,2023-09-18 23:59:59.999000+00:00,TRON_01_01_2023-01_01_2024_historical_data_coinmarketcap.csv,TRON,2023,9,18,0,23,15,0
2023-09-17 00:00:00+00:00,2023-09-17 23:59:59.999000+00:00,2023-09-17 12:40:00+00:00,2023-09-17 02:13:00+00:00,2781,0.0835177446,0.0838270264,0.0831741934,0.0833800851,131356021.93,7436134568.09,2023-09-17 23:59:59.999000+00:00,TRON_01_01_2023-01_01_2024_historical_data_coinmarketcap.csv,TRON,2023,9,17,0,23,12,2
2023-09-16 00:00:00+00:00,2023-09-16 23:59:59.999000+00:00,2023-09-16 02:16:00+00:00,2023-09-16 19:08:00+00:00,2781,0.0840392778,0.0844481419,0.083384149,0.0835188042,144840485.9,7449020178.11,2023-09-16 23:59:59.999000+00:00,TRON_01_01_2023-01_01_2024_historical_data_coinmarketcap.csv,TRON,2023,9,16,0,23,2,19
2023-09-15 00:00:00+00:00,2023-09-15 23:59:59.999000+00:00,2023-09-15 23:37:00+00:00,2023-09-15 14:28:00+00:00,2781,0.0836976524,0.0841273646,0.0830612814,0.0840414251,199026196.37,7496215080.65,2023-09-15 23:59:59.999000+00:00,TRON_01_01_2023-01_01_2024_historical_data_coinmarketcap.csv,TRON,2023,9,15,0,23,23,14
2023-09-14 00:00:00+00:00,2023-09-14 23:59:59.999000+00:00,2023-09-14 23:19:00+00:00,2023-09-14 05:41:00+00:00,2781,0.0811837414,0.0839137317,0.0811108663,0.0836941559,214594731.38,7466052771.28,2023-09-14 23:59:59.999000+00:00,TRON_01_01_2023-01_01_2024_historical_data_coinmarketcap.csv,TRON,2023,9,14,0,23,23,5
2023-09-13 00:00:00+00:00,2023-09-13 23:59:59.999000+00:00,2023-09-13 19:13:00+00:00,2023-09-13 06:15:00+00:00,2781,0.0807930497,0.0813620446,0.08035133,0.0811826879,182359084.98,7242703767.36,2023-09-13 23:59:59.999000+00:00,TRON_01_01_2023-01_01_2024_historical_data_coinmarketcap.csv,TRON,2023,9,13,0,23,19,6
2023-09-12 00:00:00+00:00,2023-09-12 23:59:59.999000+00:00,2023-09-12 16:07:00+00:00,2023-09-12 00:08:00+00:00,2781,0.0775067971,0.0823415033,0.0774681417,0.0807835109,294848591.22,7207795016.96,2023-09-12 23:59:59.999000+00:00,TRON_01_01_2023-01_01_2024_historical_data_coinmarketcap.csv,TRON,2023,9,12,0,23,16,0
2023-09-11 00:00:00+00:00,2023-09-11 23:59:59.999000+00:00,2023-09-11 06:03:00+00:00,2023-09-11 19:55:00+00:00,2781,0.0783271194,0.0787809739,0.0771013711,0.0775052222,167213712.5,6916011336.14,2023-09-11 23:59:59.999000+00:00,TRON_01_01_2023-01_01_2024_historical_data_coinmarketcap.csv,TRON,2023,9,11,0,23,6,19
2023-09-10 00:00:00+00:00,2023-09-10 23:59:59.999000+00:00,2023-09-10 00:00:00+00:00,2023-09-10 19:43:00+00:00,2781,0.0791510547,0.0791510547,0.077872775,0.078327728,118374750.23,6990176522.24,2023-09-10 23:59:59.999000+00:00,TRON_01_01_2023-01_01_2024_historical_data_coinmarketcap.csv,TRON,2023,9,10,0,23,0,19
2023-09-09 00:00:00+00:00,2023-09-09 23:59:59.999000+00:00,2023-09-09 23:07:00+00:00,2023-09-09 13:55:00+00:00,2781,0.0791221172,0.0791761158,0.078730541,0.0791491954,95346936.31,7063983385.51,2023-09-09 23:59:59.999000+00:00,TRON_01_01_2023-01_01_2024_historical_data_coinmarketcap.csv,TRON,2023,9,9,0,23,23,13
2023-09-08 00:00:00+00:00,2023-09-08 23:59:59.999000+00:00,2023-09-08 00:58:00+00:00,2023-09-08 11:11:00+00:00,2781,0.0790506175,0.0794470889,0.0783637764,0.0791245613,128452654.18,7062304097.75,2023-09-08 23:59:59.999000+00:00,TRON_01_01_2023-01_01_2024_historical_data_coinmarketcap.csv,TRON,2023,9,8,0,23,0,11
2023-09-07 00:00:00+00:00,2023-09-07 23:59:59.999000+00:00,2023-09-07 16:28:00+00:00,2023-09-07 13:06:00+00:00,2781,0.0788630344,0.0792944867,0.0787085689,0.0790408869,156830178.98,7055582822.96,2023-09-07 23:59:59.999000+00:00,TRON_01_01_2023-01_01_2024_historical_data_coinmarketcap.csv,TRON,2023,9,7,0,23,16,13
2023-09-06 00:00:00+00:00,2023-09-06 23:59:59.999000+00:00,2023-09-06 23:58:00+00:00,2023-09-06 13:28:00+00:00,2781,0.0774224517,0.0788610181,0.0773651515,0.0788600898,191576576.34,7040142898.06,2023-09-06 23:59:59.999000+00:00,TRON_01_01_2023-01_01_2024_historical_data_coinmarketcap.csv,TRON,2023,9,6,0,23,23,13
2023-09-05 00:00:00+00:00,2023-09-05 23:59:59.999000+00:00,2023-09-05 16:13:00+00:00,2023-09-05 03:13:00+00:00,2781,0.0774326217,0.077715063,0.0771061261,0.0774181807,137744760.47,6912136212.2,2023-09-05 23:59:59.999000+00:00,TRON_01_01_2023-01_01_2024_historical_data_coinmarketcap.csv,TRON,2023,9,5,0,23,16,3
2023-09-04 00:00:00+00:00,2023-09-04 23:59:59.999000+00:00,2023-09-04 23:52:00+00:00,2023-09-04 13:04:00+00:00,2781,0.0770390928,0.0774550112,0.0767425348,0.0774300378,142347286.67,6913967128.53,2023-09-04 23:59:59.999000+00:00,TRON_01_01_2023-01_01_2024_historical_data_coinmarketcap.csv,TRON,2023,9,4,0,23,23,13
2023-09-03 00:00:00+00:00,2023-09-03 23:59:59.999000+00:00,2023-09-03 20:54:00+00:00,2023-09-03 16:55:00+00:00,2781,0.0770331679,0.077093631,0.0767053742,0.0770407969,107374125.92,6879948257.01,2023-09-03 23:59:59.999000+00:00,TRON_01_01_2023-01_01_2024_historical_data_coinmarketcap.csv,TRON,2023,9,3,0,23,20,16
2023-09-02 00:00:00+00:00,2023-09-02 23:59:59.999000+00:00,2023-09-02 22:53:00+00:00,2023-09-02 03:30:00+00:00,2781,0.0760931716,0.077146748,0.0760207691,0.0770322758,129054735.08,6879682484.71,2023-09-02 23:59:59.999000+00:00,TRON_01_01_2023-01_01_2024_historical_data_coinmarketcap.csv,TRON,2023,9,2,0,23,22,3
2023-09-01 00:00:00+00:00,2023-09-01 23:59:59.999000+00:00,2023-09-01 13:32:00+00:00,2023-09-01 18:05:00+00:00,2781,0.0767140626,0.0774236587,0.0758060551,0.0760934349,188298937.08,6796391336.91,2023-09-01 23:59:59.999000+00:00,TRON_01_01_2023-01_01_2024_historical_data_coinmarketcap.csv,TRON,2023,9,1,0,23,13,18
2023-08-31 00:00:00+00:00,2023-08-31 23:59:59.999000+00:00,2023-08-31 23:03:00+00:00,2023-08-31 17:25:00+00:00,2781,0.0756341392,0.0768876182,0.0753174558,0.0767143185,184954076.82,6852664205.3,2023-08-31 23:59:59.999000+00:00,TRON_01_01_2023-01_01_2024_historical_data_coinmarketcap.csv,TRON,2023,8,31,0,23,23,17
2023-08-30 00:00:00+00:00,2023-08-30 23:59:59.999000+00:00,2023-08-30 00:03:00+00:00,2023-08-30 23:01:00+00:00,2781,0.077335068,0.0773414261,0.0754881507,0.075626945,176403791.92,6756218860.74,2023-08-30 23:59:59.999000+00:00,TRON_01_01_2023-01_01_2024_historical_data_coinmarketcap.csv,TRON,2023,8,30,0,23,0,23
2023-08-29 00:00:00+00:00,2023-08-29 23:59:59.999000+00:00,2023-08-29 16:49:00+00:00,2023-08-29 14:00:00+00:00,2781,0.0763809672,0.0779889596,0.0759255462,0.0773331307,205229424.79,6909357944.02,2023-08-29 23:59:59.999000+00:00,TRON_01_01_2023-01_01_2024_historical_data_coinmarketcap.csv,TRON,2023,8,29,0,23,16,14
2023-08-28 00:00:00+00:00,2023-08-28 23:59:59.999000+00:00,2023-08-28 00:22:00+00:00,2023-08-28 22:01:00+00:00,2781,0.0775145017,0.0775246783,0.0762923498,0.0763828362,146293864.21,6825195128.63,2023-08-28 23:59:59.999000+00:00,TRON_01_01_2023-01_01_2024_historical_data_coinmarketcap.csv,TRON,2023,8,28,0,23,0,22
2023-08-27 00:00:00+00:00,2023-08-27 23:59:59.999000+00:00,2023-08-27 01:22:00+00:00,2023-08-27 06:47:00+00:00,2781,0.0774303497,0.0775358153,0.0771860368,0.07751548,115622857.53,6927112803.25,2023-08-27 23:59:59.999000+00:00,TRON_01_01_2023-01_01_2024_historical_data_coinmarketcap.csv,TRON,2023,8,27,0,23,1,6
2023-08-26 00:00:00+00:00,2023-08-26 23:59:59.999000+00:00,2023-08-26 08:13:00+00:00,2023-08-26 03:26:00+00:00,2781,0.0772022282,0.0775507322,0.0771637301,0.0774317534,122098368.8,6920091698.78,2023-08-26 23:59:59.999000+00:00,TRON_01_01_2023-01_01_2024_historical_data_coinmarketcap.csv,TRON,2023,8,26,0,23,8,3
2023-08-25 00:00:00+00:00,2023-08-25 23:59:59.999000+00:00,2023-08-25 12:45:00+00:00,2023-08-25 05:05:00+00:00,2781,0.0765536485,0.077317385,0.0763110423,0.0772021401,174447305.16,6900049920.05,2023-08-25 23:59:59.999000+00:00,TRON_01_01_2023-01_01_2024_historical_data_coinmarketcap.csv,TRON,2023,8,25,0,23,12,5
2023-08-24 00:00:00+00:00,2023-08-24 23:59:59.999000+00:00,2023-08-24 04:10:00+00:00,2023-08-24 20:58:00+00:00,2781,0.0775975791,0.0779029474,0.0762649084,0.0765405152,167432407.08,6841582361.06,2023-08-24 23:59:59.999000+00:00,TRON_01_01_2023-01_01_2024_historical_data_coinmarketcap.csv,TRON,2023,8,24,0,23,4,20
2023-08-23 00:00:00+00:00,2023-08-23 23:59:59.999000+00:00,2023-08-23 16:25:00+00:00,2023-08-23 00:03:00+00:00,2781,0.0754292144,0.077802948,0.075426377,0.0775975477,192175124.72,6936691812.01,2023-08-23 23:59:59.999000+00:00,TRON_01_01_2023-01_01_2024_historical_data_coinmarketcap.csv,TRON,2023,8,23,0,23,16,0
2023-08-22 00:00:00+00:00,2023-08-22 23:59:59.999000+00:00,2023-08-22 23:45:00+00:00,2023-08-22 21:44:00+00:00,2781,0.0751180685,0.0754930905,0.0744396936,0.0754314313,163227059.31,6743707962.81,2023-08-22 23:59:59.999000+00:00,TRON_01_01_2023-01_01_2024_historical_data_coinmarketcap.csv,TRON,2023,8,22,0,23,23,21
2023-08-21 00:00:00+00:00,2023-08-21 23:59:59.999000+00:00,2023-08-21 06:07:00+00:00,2023-08-21 15:37:00+00:00,2781,0.075903752,0.0761763156,0.0742580523,0.0751228048,182098796.05,6716771140.5,2023-08-21 23:59:59.999000+00:00,TRON_01_01_2023-01_01_2024_historical_data_coinmarketcap.csv,TRON,2023,8,21,0,23,6,15
2023-08-20 00:00:00+00:00,2023-08-20 23:59:59.999000+00:00,2023-08-20 22:32:00+00:00,2023-08-20 06:51:00+00:00,2781,0.0740764564,0.0762410133,0.0740735734,0.0759017422,156526806.79,6787136747.23,2023-08-20 23:59:59.999000+00:00,TRON_01_01_2023-01_01_2024_historical_data_coinmarketcap.csv,TRON,2023,8,20,0,23,22,6
2023-08-19 00:00:00+00:00,2023-08-19 23:59:59.999000+00:00,2023-08-19 23:39:00+00:00,2023-08-19 00:24:00+00:00,2781,0.0730022011,0.0741645093,0.0729717847,0.074076486,140745869.65,6624379671.91,2023-08-19 23:59:59.999000+00:00,TRON_01_01_2023-01_01_2024_historical_data_coinmarketcap.csv,TRON,2023,8,19,0,23,23,0
2023-08-18 00:00:00+00:00,2023-08-18 23:59:59.999000+00:00,2023-08-18 13:51:00+00:00,2023-08-18 03:52:00+00:00,2781,0.0727367075,0.0733977826,0.0720677385,0.0729993093,214674143.24,6528567334.31,2023-08-18 23:59:59.999000+00:00,TRON_01_01_2023-01_01_2024_historical_data_coinmarketcap.csv,TRON,2023,8,18,0,23,13,3
2023-08-17 00:00:00+00:00,2023-08-17 23:59:59.999000+00:00,2023-08-17 18:19:00+00:00,2023-08-17 22:10:00+00:00,2781,0.0745945443,0.075347277,0.0720620478,0.0727421351,293806022.31,6506274649.17,2023-08-17 23:59:59.999000+00:00,TRON_01_01_2023-01_01_2024_historical_data_coinmarketcap.csv,TRON,2023,8,17,0,23,18,22
2023-08-16 00:00:00+00:00,2023-08-16 23:59:59.999000+00:00,2023-08-16 04:31:00+00:00,2023-08-16 23:07:00+00:00,2781,0.0762790539,0.0766451082,0.0743886097,0.0746008225,206757605.01,6673259919.96,2023-08-16 23:59:59.999000+00:00,TRON_01_01_2023-01_01_2024_historical_data_coinmarketcap.csv,TRON,2023,8,16,0,23,4,23
2023-08-15 00:00:00+00:00,2023-08-15 23:59:59.999000+00:00,2023-08-15 00:16:00+00:00,2023-08-15 19:43:00+00:00,2781,0.0774343493,0.0774392806,0.0762713854,0.0762770725,162346285.03,6823999490.45,2023-08-15 23:59:59.999000+00:00,TRON_01_01_2023-01_01_2024_historical_data_coinmarketcap.csv,TRON,2023,8,15,0,23,0,19
2023-08-14 00:00:00+00:00,2023-08-14 23:59:59.999000+00:00,2023-08-14 17:06:00+00:00,2023-08-14 00:43:00+00:00,2781,0.0771118589,0.0775385728,0.0770337198,0.0774345415,170411109.08,6928293001.55,2023-08-14 23:59:59.999000+00:00,TRON_01_01_2023-01_01_2024_historical_data_coinmarketcap.csv,TRON,2023,8,14,0,23,17,0
2023-08-13 00:00:00+00:00,2023-08-13 23:59:59.999000+00:00,2023-08-13 19:46:00+00:00,2023-08-13 23:00:00+00:00,2781,0.0774524974,0.0775781615,0.0770006722,0.0771083333,144796320.6,6899883266.18,2023-08-13 23:59:59.999000+00:00,TRON_01_01_2023-01_01_2024_historical_data_coinmarketcap.csv,TRON,2023,8,13,0,23,19,23
2023-08-12 00:00:00+00:00,2023-08-12 23:59:59.999000+00:00,2023-08-12 15:53:00+00:00,2023-08-12 00:14:00+00:00,2781,0.0771559398,0.077493629,0.0771501803,0.0774493096,127324265.11,6930890720.86,2023-08-12 23:59:59.999000+00:00,TRON_01_01_2023-01_01_2024_historical_data_coinmarketcap.csv,TRON,2023,8,12,0,23,15,0
2023-08-11 00:00:00+00:00,2023-08-11 23:59:59.999000+00:00,2023-08-11 04:39:00+00:00,2023-08-11 16:48:00+00:00,2781,0.0772535132,0.077366022,0.0768428809,0.0771558763,147827385.41,6905181473.68,2023-08-11 23:59:59.999000+00:00,TRON_01_01_2023-01_01_2024_historical_data_coinmarketcap.csv,TRON,2023,8,11,0,23,4,16
2023-08-10 00:00:00+00:00,2023-08-10 23:59:59.999000+00:00,2023-08-10 13:37:00+00:00,2023-08-10 01:58:00+00:00,2781,0.0767143428,0.0774755115,0.0766841302,0.0772547554,157176421.04,6914787169.8,2023-08-10 23:59:59.999000+00:00,TRON_01_01_2023-01_01_2024_historical_data_coinmarketcap.csv,TRON,2023,8,10,0,23,13,1
2023-08-09 00:00:00+00:00,2023-08-09 23:59:59.999000+00:00,2023-08-09 11:07:00+00:00,2023-08-09 18:19:00+00:00,2781,0.0767974648,0.0770197168,0.0762152063,0.0767116861,194821881.22,6867189726.6,2023-08-09 23:59:59.999000+00:00,TRON_01_01_2023-01_01_2024_historical_data_coinmarketcap.csv,TRON,2023,8,9,0,23,11,18
2023-08-08 00:00:00+00:00,2023-08-08 23:59:59.999000+00:00,2023-08-08 21:58:00+00:00,2023-08-08 09:07:00+00:00,2781,0.0767419268,0.0770988157,0.0762146825,0.0767922253,180371010.66,6875111335.2,2023-08-08 23:59:59.999000+00:00,TRON_01_01_2023-01_01_2024_historical_data_coinmarketcap.csv,TRON,2023,8,8,0,23,21,9
2023-08-07 00:00:00+00:00,2023-08-07 23:59:59.999000+00:00,2023-08-07 01:34:00+00:00,2023-08-07 16:53:00+00:00,2781,0.0768477349,0.077109356,0.0761142565,0.0767429709,176365012.76,6871424146.71,2023-08-07 23:59:59.999000+00:00,TRON_01_01_2023-01_01_2024_historical_data_coinmarketcap.csv,TRON,2023,8,7,0,23,1,16
2023-08-06 00:00:00+00:00,2023-08-06 23:59:59.999000+00:00,2023-08-06 02:19:00+00:00,2023-08-06 20:47:00+00:00,2781,0.0773872123,0.0774790539,0.0766263304,0.0768484326,143000099.34,6881851198.69,2023-08-06 23:59:59.999000+00:00,TRON_01_01_2023-01_01_2024_historical_data_coinmarketcap.csv,TRON,2023,8,6,0,23,2,20
2023-08-05 00:00:00+00:00,2023-08-05 23:59:59.999000+00:00,2023-08-05 13:53:00+00:00,2023-08-05 03:49:00+00:00,2781,0.0767056199,0.0775131144,0.0759255372,0.0773831805,177803134.41,6930255558.52,2023-08-05 23:59:59.999000+00:00,TRON_01_01_2023-01_01_2024_historical_data_coinmarketcap.csv,TRON,2023,8,5,0,23,13,3
2023-08-04 00:00:00+00:00,2023-08-04 23:59:59.999000+00:00,2023-08-04 14:56:00+00:00,2023-08-04 20:53:00+00:00,2781,0.0770964477,0.0777759169,0.0763215481,0.0767040216,167917309.01,6870027151.82,2023-08-04 23:59:59.999000+00:00,TRON_01_01_2023-01_01_2024_historical_data_coinmarketcap.csv,TRON,2023,8,4,0,23,14,20
2023-08-03 00:00:00+00:00,2023-08-03 23:59:59.999000+00:00,2023-08-03 17:13:00+00:00,2023-08-03 00:16:00+00:00,2781,0.076455498,0.0774205222,0.0762464405,0.0770962566,176736320.25,6906007565.88,2023-08-03 23:59:59.999000+00:00,TRON_01_01_2023-01_01_2024_historical_data_coinmarketcap.csv,TRON,2023,8,3,0,23,17,0
2023-08-02 00:00:00+00:00,2023-08-02 23:59:59.999000+00:00,2023-08-02 00:09:00+00:00,2023-08-02 21:22:00+00:00,2781,0.0785776313,0.0786472247,0.0764131267,0.0764553948,207829851.6,6849503932.63,2023-08-02 23:59:59.999000+00:00,TRON_01_01_2023-01_01_2024_historical_data_coinmarketcap.csv,TRON,2023,8,2,0,23,0,21
2023-08-01 00:00:00+00:00,2023-08-01 23:59:59.999000+00:00,2023-08-01 23:59:00+00:00,2023-08-01 02:13:00+00:00,2781,0.0779774297,0.0785938647,0.0770436381,0.0785938647,219695488.78,7042029567.77,2023-08-01 23:59:59.999000+00:00,TRON_01_01_2023-01_01_2024_historical_data_coinmarketcap.csv,TRON,2023,8,1,0,23,23,2
2023-07-31 00:00:00+00:00,2023-07-31 23:59:59.999000+00:00,2023-07-31 01:03:00+00:00,2023-07-31 14:07:00+00:00,2781,0.0800277667,0.0802785062,0.0776018377,0.0779769756,252431659.51,6987760330.64,2023-07-31 23:59:59.999000+00:00,TRON_01_01_2023-01_01_2024_historical_data_coinmarketcap.csv,TRON,2023,7,31,0,23,1,14
2023-07-30 00:00:00+00:00,2023-07-30 23:59:59.999000+00:00,2023-07-30 01:16:00+00:00,2023-07-30 20:13:00+00:00,2781,0.0832819315,0.0836465451,0.0794848873,0.0800264675,233497362.98,7172404391.54,2023-07-30 23:59:59.999000+00:00,TRON_01_01_2023-01_01_2024_historical_data_coinmarketcap.csv,TRON,2023,7,30,0,23,1,20
2023-07-29 00:00:00+00:00,2023-07-29 23:59:59.999000+00:00,2023-07-29 00:46:00+00:00,2023-07-29 23:17:00+00:00,2781,0.0851947768,0.0852662341,0.0831458783,0.0832817005,179457761.43,7464696160.11,2023-07-29 23:59:59.999000+00:00,TRON_01_01_2023-01_01_2024_historical_data_coinmarketcap.csv,TRON,2023,7,29,0,23,0,23
2023-07-28 00:00:00+00:00,2023-07-28 23:59:59.999000+00:00,2023-07-28 23:27:00+00:00,2023-07-28 00:00:00+00:00,2781,0.082554259,0.0853115363,0.082554259,0.0852118654,233743862.42,7638298621.07,2023-07-28 23:59:59.999000+00:00,TRON_01_01_2023-01_01_2024_historical_data_coinmarketcap.csv,TRON,2023,7,28,0,23,23,0
2023-07-27 00:00:00+00:00,2023-07-27 23:59:59.999000+00:00,2023-07-27 09:56:00+00:00,2023-07-27 01:04:00+00:00,2781,0.0823478534,0.0829588204,0.0821210581,0.082553132,206082067.35,7400825738.72,2023-07-27 23:59:59.999000+00:00,TRON_01_01_2023-01_01_2024_historical_data_coinmarketcap.csv,TRON,2023,7,27,0,23,9,1
2023-07-26 00:00:00+00:00,2023-07-26 23:59:59.999000+00:00,2023-07-26 21:22:00+00:00,2023-07-26 10:20:00+00:00,2781,0.0818920185,0.0825093174,0.0806463498,0.0823455236,228353399.41,7383097880.9,2023-07-26 23:59:59.999000+00:00,TRON_01_01_2023-01_01_2024_historical_data_coinmarketcap.csv,TRON,2023,7,26,0,23,21,10
2023-07-25 00:00:00+00:00,2023-07-25 23:59:59.999000+00:00,2023-07-25 14:06:00+00:00,2023-07-25 09:36:00+00:00,2781,0.0814846355,0.0820919882,0.0804293203,0.0818890487,216618949.44,7343150070.33,2023-07-25 23:59:59.999000+00:00,TRON_01_01_2023-01_01_2024_historical_data_coinmarketcap.csv,TRON,2023,7,25,0,23,14,9
2023-07-24 00:00:00+00:00,2023-07-24 23:59:59.999000+00:00,2023-07-24 00:01:00+00:00,2023-07-24 15:16:00+00:00,2781,0.0833594331,0.0833656767,0.080600682,0.0814818588,225684365.68,7307601218.09,2023-07-24 23:59:59.999000+00:00,TRON_01_01_2023-01_01_2024_historical_data_coinmarketcap.csv,TRON,2023,7,24,0,23,0,15
2023-07-23 00:00:00+00:00,2023-07-23 23:59:59.999000+00:00,2023-07-23 02:43:00+00:00,2023-07-23 12:50:00+00:00,2781,0.0838350177,0.0848930551,0.0829557418,0.0833625991,247135687.08,7477256803.74,2023-07-23 23:59:59.999000+00:00,TRON_01_01_2023-01_01_2024_historical_data_coinmarketcap.csv,TRON,2023,7,23,0,23,2,12
2023-07-22 00:00:00+00:00,2023-07-22 23:59:59.999000+00:00,2023-07-22 03:25:00+00:00,2023-07-22 02:01:00+00:00,2781,0.0805578536,0.0931741447,0.0803511942,0.0838159959,832082013.33,7518436378.66,2023-07-22 23:59:59.999000+00:00,TRON_01_01_2023-01_01_2024_historical_data_coinmarketcap.csv,TRON,2023,7,22,0,23,3,2
2023-07-21 00:00:00+00:00,2023-07-21 23:59:59.999000+00:00,2023-07-21 16:29:00+00:00,2023-07-21 08:22:00+00:00,2781,0.0806869349,0.0814606583,0.0805182838,0.0805617889,165162651.97,7227156976.34,2023-07-21 23:59:59.999000+00:00,TRON_01_01_2023-01_01_2024_historical_data_coinmarketcap.csv,TRON,2023,7,21,0,23,16,8
2023-07-20 00:00:00+00:00,2023-07-20 23:59:59.999000+00:00,2023-07-20 06:34:00+00:00,2023-07-20 09:04:00+00:00,2781,0.0802705774,0.0809374511,0.0793841998,0.0806838834,175730415.71,7239033321.89,2023-07-20 23:59:59.999000+00:00,TRON_01_01_2023-01_01_2024_historical_data_coinmarketcap.csv,TRON,2023,7,20,0,23,6,9
2023-07-19 00:00:00+00:00,2023-07-19 23:59:59.999000+00:00,2023-07-19 03:18:00+00:00,2023-07-19 09:04:00+00:00,2781,0.0797776665,0.0804053765,0.0793841998,0.0802729872,161844856.77,7203020911.85,2023-07-19 23:59:59.999000+00:00,TRON_01_01_2023-01_01_2024_historical_data_coinmarketcap.csv,TRON,2023,7,19,0,23,3,9
2023-07-18 00:00:00+00:00,2023-07-18 23:59:59.999000+00:00,2023-07-18 06:28:00+00:00,2023-07-18 17:31:00+00:00,2781,0.0799548332,0.0808848048,0.0792041475,0.0797792753,154140874.78,7159583463.56,2023-07-18 23:59:59.999000+00:00,TRON_01_01_2023-01_01_2024_historical_data_coinmarketcap.csv,TRON,2023,7,18,0,23,6,17
2023-07-17 00:00:00+00:00,2023-07-17 23:59:59.999000+00:00,2023-07-17 08:38:00+00:00,2023-07-17 18:52:00+00:00,2781,0.079817516,0.0804847529,0.0790858552,0.0799585123,158031688.07,7176649651.64,2023-07-17 23:59:59.999000+00:00,TRON_01_01_2023-01_01_2024_historical_data_coinmarketcap.csv,TRON,2023,7,17,0,23,8,18
2023-07-16 00:00:00+00:00,2023-07-16 23:59:59.999000+00:00,2023-07-16 01:25:00+00:00,2023-07-16 04:52:00+00:00,2781,0.0808390251,0.0809397768,0.0792471895,0.0798191273,150273704.17,7165125468.61,2023-07-16 23:59:59.999000+00:00,TRON_01_01_2023-01_01_2024_historical_data_coinmarketcap.csv,TRON,2023,7,16,0,23,1,4
2023-07-15 00:00:00+00:00,2023-07-15 23:59:59.999000+00:00,2023-07-15 10:22:00+00:00,2023-07-15 00:00:00+00:00,2781,0.0798733754,0.0815469903,0.0798733754,0.0808425054,181355334.1,7257827816.95,2023-07-15 23:59:59.999000+00:00,TRON_01_01_2023-01_01_2024_historical_data_coinmarketcap.csv,TRON,2023,7,15,0,23,10,0
2023-07-14 00:00:00+00:00,2023-07-14 23:59:59.999000+00:00,2023-07-14 15:32:00+00:00,2023-07-14 20:35:00+00:00,2781,0.0816456034,0.08222347,0.079084582,0.0798759736,220444578.83,7171840269.64,2023-07-14 23:59:59.999000+00:00,TRON_01_01_2023-01_01_2024_historical_data_coinmarketcap.csv,TRON,2023,7,14,0,23,15,20
2023-07-13 00:00:00+00:00,2023-07-13 23:59:59.999000+00:00,2023-07-13 18:37:00+00:00,2023-07-13 03:45:00+00:00,2781,0.0778477772,0.0820212871,0.0777462399,0.0816425961,234522384.56,7331418996.79,2023-07-13 23:59:59.999000+00:00,TRON_01_01_2023-01_01_2024_historical_data_coinmarketcap.csv,TRON,2023,7,13,0,23,18,3
2023-07-12 00:00:00+00:00,2023-07-12 23:59:59.999000+00:00,2023-07-12 12:16:00+00:00,2023-07-12 01:03:00+00:00,2781,0.077349291,0.0780798724,0.0771945948,0.0778512081,133008012.25,6991770163.96,2023-07-12 23:59:59.999000+00:00,TRON_01_01_2023-01_01_2024_historical_data_coinmarketcap.csv,TRON,2023,7,12,0,23,12,1
2023-07-11 00:00:00+00:00,2023-07-11 23:59:59.999000+00:00,2023-07-11 00:00:00+00:00,2023-07-11 19:04:00+00:00,2781,0.0775866718,0.0775866718,0.076848702,0.0773494801,133545107.61,6947519701.3,2023-07-11 23:59:59.999000+00:00,TRON_01_01_2023-01_01_2024_historical_data_coinmarketcap.csv,TRON,2023,7,11,0,23,0,19
2023-07-10 00:00:00+00:00,2023-07-10 23:59:59.999000+00:00,2023-07-10 20:07:00+00:00,2023-07-10 08:24:00+00:00,2781,0.077535053,0.077982752,0.0764402619,0.077586944,171564499.93,6969691969.95,2023-07-10 23:59:59.999000+00:00,TRON_01_01_2023-01_01_2024_historical_data_coinmarketcap.csv,TRON,2023,7,10,0,23,20,8
2023-07-09 00:00:00+00:00,2023-07-09 23:59:59.999000+00:00,2023-07-09 04:19:00+00:00,2023-07-09 23:51:00+00:00,2781,0.080046772,0.080389295,0.077470333,0.0775338624,151299430.43,6965812060.85,2023-07-09 23:59:59.999000+00:00,TRON_01_01_2023-01_01_2024_historical_data_coinmarketcap.csv,TRON,2023,7,9,0,23,4,23
2023-07-08 00:00:00+00:00,2023-07-08 23:59:59.999000+00:00,2023-07-08 23:59:00+00:00,2023-07-08 00:10:00+00:00,2781,0.0787876189,0.080051761,0.0787356967,0.080051761,138044936.27,7192556779.09,2023-07-08 23:59:59.999000+00:00,TRON_01_01_2023-01_01_2024_historical_data_coinmarketcap.csv,TRON,2023,7,8,0,23,23,0
2023-07-07 00:00:00+00:00,2023-07-07 23:59:59.999000+00:00,2023-07-07 16:16:00+00:00,2023-07-07 00:39:00+00:00,2781,0.0771862546,0.079483513,0.076922035,0.0787906855,164509056.45,7079831189.9,2023-07-07 23:59:59.999000+00:00,TRON_01_01_2023-01_01_2024_historical_data_coinmarketcap.csv,TRON,2023,7,7,0,23,16,0
2023-07-06 00:00:00+00:00,2023-07-06 23:59:59.999000+00:00,2023-07-06 10:06:00+00:00,2023-07-06 14:41:00+00:00,2781,0.0770707571,0.0785316585,0.076994086,0.0771950017,168248868.12,6937237851.41,2023-07-06 23:59:59.999000+00:00,TRON_01_01_2023-01_01_2024_historical_data_coinmarketcap.csv,TRON,2023,7,6,0,23,10,14
2023-07-05 00:00:00+00:00,2023-07-05 23:59:59.999000+00:00,2023-07-05 06:50:00+00:00,2023-07-05 20:02:00+00:00,2781,0.0770761545,0.0778846424,0.0766925597,0.0770719562,154386341.24,6926986487.81,2023-07-05 23:59:59.999000+00:00,TRON_01_01_2023-01_01_2024_historical_data_coinmarketcap.csv,TRON,2023,7,5,0,23,6,20
2023-07-04 00:00:00+00:00,2023-07-04 23:59:59.999000+00:00,2023-07-04 11:46:00+00:00,2023-07-04 23:59:00+00:00,2781,0.077342933,0.0783332749,0.0770704926,0.0770704926,150713421.61,6927671169.11,2023-07-04 23:59:59.999000+00:00,TRON_01_01_2023-01_01_2024_historical_data_coinmarketcap.csv,TRON,2023,7,4,0,23,11,23
2023-07-03 00:00:00+00:00,2023-07-03 23:59:59.999000+00:00,2023-07-03 19:48:00+00:00,2023-07-03 00:45:00+00:00,2781,0.0759844488,0.0778165277,0.0758505509,0.0773403822,150965020.93,6952759781.36,2023-07-03 23:59:59.999000+00:00,TRON_01_01_2023-01_01_2024_historical_data_coinmarketcap.csv,TRON,2023,7,3,0,23,19,0
2023-07-02 00:00:00+00:00,2023-07-02 23:59:59.999000+00:00,2023-07-02 01:03:00+00:00,2023-07-02 07:03:00+00:00,2781,0.0772136609,0.0773126466,0.0754765777,0.0759856542,143086068.39,6831808003.19,2023-07-02 23:59:59.999000+00:00,TRON_01_01_2023-01_01_2024_historical_data_coinmarketcap.csv,TRON,2023,7,2,0,23,1,7
2023-07-01 00:00:00+00:00,2023-07-01 23:59:59.999000+00:00,2023-07-01 12:22:00+00:00,2023-07-01 00:04:00+00:00,2781,0.0762097869,0.0776647658,0.076115797,0.0772127326,157022109.04,6942648129.32,2023-07-01 23:59:59.999000+00:00,TRON_01_01_2023-01_01_2024_historical_data_coinmarketcap.csv,TRON,2023,7,1,0,23,12,0
2023-06-30 00:00:00+00:00,2023-06-30 23:59:59.999000+00:00,2023-06-30 12:46:00+00:00,2023-06-30 01:07:00+00:00,2781,0.0744432688,0.0767396491,0.0743074329,0.0762046023,229107502.69,6852576059.99,2023-06-30 23:59:59.999000+00:00,TRON_01_01_2023-01_01_2024_historical_data_coinmarketcap.csv,TRON,2023,6,30,0,23,12,1
2023-06-29 00:00:00+00:00,2023-06-29 23:59:59.999000+00:00,2023-06-29 10:58:00+00:00,2023-06-29 00:20:00+00:00,2781,0.073740545,0.0747325267,0.0734990438,0.0744471778,146670527.32,6695386106.37,2023-06-29 23:59:59.999000+00:00,TRON_01_01_2023-01_01_2024_historical_data_coinmarketcap.csv,TRON,2023,6,29,0,23,10,0
2023-06-28 00:00:00+00:00,2023-06-28 23:59:59.999000+00:00,2023-06-28 16:58:00+00:00,2023-06-28 19:46:00+00:00,2781,0.074417202,0.0744975769,0.0728667878,0.0737441042,155067955.1,6632873979.37,2023-06-28 23:59:59.999000+00:00,TRON_01_01_2023-01_01_2024_historical_data_coinmarketcap.csv,TRON,2023,6,28,0,23,16,19
2023-06-27 00:00:00+00:00,2023-06-27 23:59:59.999000+00:00,2023-06-27 14:10:00+00:00,2023-06-27 00:00:00+00:00,2781,0.0737763087,0.0753325874,0.0737763087,0.0744131116,150660902.69,6693805440.19,2023-06-27 23:59:59.999000+00:00,TRON_01_01_2023-01_01_2024_historical_data_coinmarketcap.csv,TRON,2023,6,27,0,23,14,0
2023-06-26 00:00:00+00:00,2023-06-26 23:59:59.999000+00:00,2023-06-26 08:53:00+00:00,2023-06-26 02:27:00+00:00,2781,0.0732019201,0.07457982,0.072458339,0.0737730026,173527560.22,6637006737.65,2023-06-26 23:59:59.999000+00:00,TRON_01_01_2023-01_01_2024_historical_data_coinmarketcap.csv,TRON,2023,6,26,0,23,8,2
2023-06-25 00:00:00+00:00,2023-06-25 23:59:59.999000+00:00,2023-06-25 07:53:00+00:00,2023-06-25 00:47:00+00:00,2781,0.0722479522,0.0736376748,0.0721478986,0.073203682,144466984.33,6586582008.16,2023-06-25 23:59:59.999000+00:00,TRON_01_01_2023-01_01_2024_historical_data_coinmarketcap.csv,TRON,2023,6,25,0,23,7,0
2023-06-24 00:00:00+00:00,2023-06-24 23:59:59.999000+00:00,2023-06-24 00:16:00+00:00,2023-06-24 15:55:00+00:00,2781,0.0731540862,0.0734133614,0.0716952584,0.0722467098,147193406.41,6500966098.02,2023-06-24 23:59:59.999000+00:00,TRON_01_01_2023-01_01_2024_historical_data_coinmarketcap.csv,TRON,2023,6,24,0,23,0,15
2023-06-23 00:00:00+00:00,2023-06-23 23:59:59.999000+00:00,2023-06-23 16:16:00+00:00,2023-06-23 12:44:00+00:00,2781,0.0719480709,0.0735886777,0.0716077759,0.0731523976,176505028.35,6582989706.26,2023-06-23 23:59:59.999000+00:00,TRON_01_01_2023-01_01_2024_historical_data_coinmarketcap.csv,TRON,2023,6,23,0,23,16,12
2023-06-22 00:00:00+00:00,2023-06-22 23:59:59.999000+00:00,2023-06-22 05:50:00+00:00,2023-06-22 14:56:00+00:00,2781,0.0723797546,0.0740324746,0.0715774793,0.0719363464,189639822.33,6474250623.15,2023-06-22 23:59:59.999000+00:00,TRON_01_01_2023-01_01_2024_historical_data_coinmarketcap.csv,TRON,2023,6,22,0,23,5,14
2023-06-21 00:00:00+00:00,2023-06-21 23:59:59.999000+00:00,2023-06-21 23:37:00+00:00,2023-06-21 13:01:00+00:00,2781,0.0705876504,0.0726495269,0.0704038897,0.0723841963,230525361.41,6515195746.18,2023-06-21 23:59:59.999000+00:00,TRON_01_01_2023-01_01_2024_historical_data_coinmarketcap.csv,TRON,2023,6,21,0,23,23,13
2023-06-20 00:00:00+00:00,2023-06-20 23:59:59.999000+00:00,2023-06-20 23:55:00+00:00,2023-06-20 09:07:00+00:00,2781,0.0699689319,0.0706013224,0.0682192485,0.0705909035,198690663.11,6354531687.33,2023-06-20 23:59:59.999000+00:00,TRON_01_01_2023-01_01_2024_historical_data_coinmarketcap.csv,TRON,2023,6,20,0,23,23,9
2023-06-19 00:00:00+00:00,2023-06-19 23:59:59.999000+00:00,2023-06-19 18:17:00+00:00,2023-06-19 14:22:00+00:00,2781,0.0701209652,0.0702701963,0.0695779112,0.06996852,142064690.66,6299289689.09,2023-06-19 23:59:59.999000+00:00,TRON_01_01_2023-01_01_2024_historical_data_coinmarketcap.csv,TRON,2023,6,19,0,23,18,14
2023-06-18 00:00:00+00:00,2023-06-18 23:59:59.999000+00:00,2023-06-18 05:25:00+00:00,2023-06-18 20:28:00+00:00,2781,0.0715907395,0.0719766451,0.0698645374,0.0701205741,147583377.04,6313729413.62,2023-06-18 23:59:59.999000+00:00,TRON_01_01_2023-01_01_2024_historical_data_coinmarketcap.csv,TRON,2023,6,18,0,23,5,20
2023-06-17 00:00:00+00:00,2023-06-17 23:59:59.999000+00:00,2023-06-17 22:38:00+00:00,2023-06-17 00:13:00+00:00,2781,0.0705171462,0.0716692627,0.070371631,0.0715917294,133558905.89,6446695768.83,2023-06-17 23:59:59.999000+00:00,TRON_01_01_2023-01_01_2024_historical_data_coinmarketcap.csv,TRON,2023,6,17,0,23,22,0
2023-06-16 00:00:00+00:00,2023-06-16 23:59:59.999000+00:00,2023-06-16 03:58:00+00:00,2023-06-16 14:49:00+00:00,2781,0.0709491694,0.0711483369,0.0691019546,0.0705151821,176525558.31,6350348307.58,2023-06-16 23:59:59.999000+00:00,TRON_01_01_2023-01_01_2024_historical_data_coinmarketcap.csv,TRON,2023,6,16,0,23,3,14
2023-06-15 00:00:00+00:00,2023-06-15 23:59:59.999000+00:00,2023-06-15 04:13:00+00:00,2023-06-15 10:49:00+00:00,2781,0.0709687203,0.0719744821,0.0694019768,0.0709508186,196317062.62,6390362123.7,2023-06-15 23:59:59.999000+00:00,TRON_01_01_2023-01_01_2024_historical_data_coinmarketcap.csv,TRON,2023,6,15,0,23,4,10
2023-06-14 00:00:00+00:00,2023-06-14 23:59:59.999000+00:00,2023-06-14 10:31:00+00:00,2023-06-14 21:01:00+00:00,2781,0.0719185991,0.0727542769,0.0702096894,0.0709652716,166316971.54,6392510704.18,2023-06-14 23:59:59.999000+00:00,TRON_01_01_2023-01_01_2024_historical_data_coinmarketcap.csv,TRON,2023,6,14,0,23,10,21
2023-06-13 00:00:00+00:00,2023-06-13 23:59:59.999000+00:00,2023-06-13 05:25:00+00:00,2023-06-13 00:00:00+00:00,2781,0.0710399943,0.07256704,0.0710399943,0.0719186671,178497058.59,6479172873.82,2023-06-13 23:59:59.999000+00:00,TRON_01_01_2023-01_01_2024_historical_data_coinmarketcap.csv,TRON,2023,6,13,0,23,5,0
2023-06-12 00:00:00+00:00,2023-06-12 23:59:59.999000+00:00,2023-06-12 22:02:00+00:00,2023-06-12 03:18:00+00:00,2781,0.0701749309,0.0712048548,0.0694008623,0.0710332189,156857410.91,6400200593.86,2023-06-12 23:59:59.999000+00:00,TRON_01_01_2023-01_01_2024_historical_data_coinmarketcap.csv,TRON,2023,6,12,0,23,22,3
2023-06-11 00:00:00+00:00,2023-06-11 23:59:59.999000+00:00,2023-06-11 20:13:00+00:00,2023-06-11 02:10:00+00:00,2781,0.0696040216,0.070577144,0.0685393358,0.0701770454,157686551.83,6323858325.69,2023-06-11 23:59:59.999000+00:00,TRON_01_01_2023-01_01_2024_historical_data_coinmarketcap.csv,TRON,2023,6,11,0,23,20,2
2023-06-10 00:00:00+00:00,2023-06-10 23:59:59.999000+00:00,2023-06-10 00:01:00+00:00,2023-06-10 05:58:00+00:00,2781,0.0719898087,0.0720042005,0.0652768137,0.069601401,395427317.41,6272503062.08,2023-06-10 23:59:59.999000+00:00,TRON_01_01_2023-01_01_2024_historical_data_coinmarketcap.csv,TRON,2023,6,10,0,23,0,5
2023-06-09 00:00:00+00:00,2023-06-09 23:59:59.999000+00:00,2023-06-09 13:10:00+00:00,2023-06-09 21:56:00+00:00,2781,0.0774981715,0.0783324647,0.0714150354,0.0719837021,303441320.49,6487877195.07,2023-06-09 23:59:59.999000+00:00,TRON_01_01_2023-01_01_2024_historical_data_coinmarketcap.csv,TRON,2023,6,9,0,23,13,21
2023-06-08 00:00:00+00:00,2023-06-08 23:59:59.999000+00:00,2023-06-08 14:38:00+00:00,2023-06-08 03:35:00+00:00,2781,0.0767416484,0.0779586033,0.0762452937,0.0774954487,160011052.32,6985472880.97,2023-06-08 23:59:59.999000+00:00,TRON_01_01_2023-01_01_2024_historical_data_coinmarketcap.csv,TRON,2023,6,8,0,23,14,3
2023-06-07 00:00:00+00:00,2023-06-07 23:59:59.999000+00:00,2023-06-07 00:52:00+00:00,2023-06-07 16:07:00+00:00,2781,0.0782303953,0.0788077261,0.0764105877,0.0767411971,218146752.31,6918311766.25,2023-06-07 23:59:59.999000+00:00,TRON_01_01_2023-01_01_2024_historical_data_coinmarketcap.csv,TRON,2023,6,7,0,23,0,16
2023-06-06 00:00:00+00:00,2023-06-06 23:59:59.999000+00:00,2023-06-06 05:07:00+00:00,2023-06-06 18:22:00+00:00,2781,0.0783469842,0.0791650629,0.0775307483,0.0782335894,244259894.29,7053776898.38,2023-06-06 23:59:59.999000+00:00,TRON_01_01_2023-01_01_2024_historical_data_coinmarketcap.csv,TRON,2023,6,6,0,23,5,18
2023-06-05 00:00:00+00:00,2023-06-05 23:59:59.999000+00:00,2023-06-05 09:46:00+00:00,2023-06-05 21:39:00+00:00,2781,0.0814791642,0.081775001,0.077540266,0.0783465243,256099264.51,7064844626.41,2023-06-05 23:59:59.999000+00:00,TRON_01_01_2023-01_01_2024_historical_data_coinmarketcap.csv,TRON,2023,6,5,0,23,9,21
2023-06-04 00:00:00+00:00,2023-06-04 23:59:59.999000+00:00,2023-06-04 09:52:00+00:00,2023-06-04 07:33:00+00:00,2781,0.0818298655,0.0824853367,0.0803256817,0.0814778241,264302975.2,7348164173.89,2023-06-04 23:59:59.999000+00:00,TRON_01_01_2023-01_01_2024_historical_data_coinmarketcap.csv,TRON,2023,6,4,0,23,9,7
2023-06-03 00:00:00+00:00,2023-06-03 23:59:59.999000+00:00,2023-06-03 11:11:00+00:00,2023-06-03 18:12:00+00:00,2781,0.0827545538,0.085617924,0.0811937026,0.0818343824,531303825.16,7380953342.94,2023-06-03 23:59:59.999000+00:00,TRON_01_01_2023-01_01_2024_historical_data_coinmarketcap.csv,TRON,2023,6,3,0,23,11,18
2023-06-02 00:00:00+00:00,2023-06-02 23:59:59.999000+00:00,2023-06-02 23:02:00+00:00,2023-06-02 00:42:00+00:00,2781,0.0747736556,0.08334443,0.0746952759,0.0827536645,339773519.8,7464650974.15,2023-06-02 23:59:59.999000+00:00,TRON_01_01_2023-01_01_2024_historical_data_coinmarketcap.csv,TRON,2023,6,2,0,23,23,0
2023-06-01 00:00:00+00:00,2023-06-01 23:59:59.999000+00:00,2023-06-01 00:31:00+00:00,2023-06-01 07:40:00+00:00,2781,0.075273544,0.0754217073,0.0742799642,0.0747734484,162975054.34,6745711809.89,2023-06-01 23:59:59.999000+00:00,TRON_01_01_2023-01_01_2024_historical_data_coinmarketcap.csv,TRON,2023,6,1,0,23,0,7
2023-05-31 00:00:00+00:00,2023-05-31 23:59:59.999000+00:00,2023-05-31 01:32:00+00:00,2023-05-31 12:13:00+00:00,2781,0.0764015458,0.0766496769,0.075161069,0.075282481,194967702.33,6792581068.09,2023-05-31 23:59:59.999000+00:00,TRON_01_01_2023-01_01_2024_historical_data_coinmarketcap.csv,TRON,2023,5,31,0,23,1,12
2023-05-30 00:00:00+00:00,2023-05-30 23:59:59.999000+00:00,2023-05-30 10:35:00+00:00,2023-05-30 00:46:00+00:00,2781,0.0761612375,0.0770142335,0.0758446211,0.0764022601,188724764.01,6894670718.89,2023-05-30 23:59:59.999000+00:00,TRON_01_01_2023-01_01_2024_historical_data_coinmarketcap.csv,TRON,2023,5,30,0,23,10,0
2023-05-29 00:00:00+00:00,2023-05-29 23:59:59.999000+00:00,2023-05-29 00:25:00+00:00,2023-05-29 23:59:00+00:00,2781,0.077450338,0.078046619,0.0761598678,0.0761598678,173443791.02,6873805841.4,2023-05-29 23:59:59.999000+00:00,TRON_01_01_2023-01_01_2024_historical_data_coinmarketcap.csv,TRON,2023,5,29,0,23,0,23
2023-05-28 00:00:00+00:00,2023-05-28 23:59:59.999000+00:00,2023-05-28 01:33:00+00:00,2023-05-28 16:46:00+00:00,2781,0.0771839573,0.0779357545,0.0768259438,0.0774476252,171980183.63,6991033697.4,2023-05-28 23:59:59.999000+00:00,TRON_01_01_2023-01_01_2024_historical_data_coinmarketcap.csv,TRON,2023,5,28,0,23,1,16
2023-05-27 00:00:00+00:00,2023-05-27 23:59:59.999000+00:00,2023-05-27 22:47:00+00:00,2023-05-27 00:58:00+00:00,2781,0.0754844061,0.077239281,0.0752773605,0.0771894839,158329168.18,6968350204.16,2023-05-27 23:59:59.999000+00:00,TRON_01_01_2023-01_01_2024_historical_data_coinmarketcap.csv,TRON,2023,5,27,0,23,22,0
2023-05-26 00:00:00+00:00,2023-05-26 23:59:59.999000+00:00,2023-05-26 04:49:00+00:00,2023-05-26 23:53:00+00:00,2781,0.0768093658,0.0773441882,0.0754649956,0.0754893776,207970255.73,6815555269.58,2023-05-26 23:59:59.999000+00:00,TRON_01_01_2023-01_01_2024_historical_data_coinmarketcap.csv,TRON,2023,5,26,0,23,4,23
2023-05-25 00:00:00+00:00,2023-05-25 23:59:59.999000+00:00,2023-05-25 04:52:00+00:00,2023-05-25 00:20:00+00:00,2781,0.0768911157,0.0781869717,0.0767014335,0.0768127288,220218292.17,6935976143.64,2023-05-25 23:59:59.999000+00:00,TRON_01_01_2023-01_01_2024_historical_data_coinmarketcap.csv,TRON,2023,5,25,0,23,4,0
2023-05-24 00:00:00+00:00,2023-05-24 23:59:59.999000+00:00,2023-05-24 00:00:00+00:00,2023-05-24 19:04:00+00:00,2781,0.0784859099,0.0784859099,0.0765058434,0.0768981068,234035901.32,6944632101.4,2023-05-24 23:59:59.999000+00:00,TRON_01_01_2023-01_01_2024_historical_data_coinmarketcap.csv,TRON,2023,5,24,0,23,0,19
2023-05-23 00:00:00+00:00,2023-05-23 23:59:59.999000+00:00,2023-05-23 03:25:00+00:00,2023-05-23 13:16:00+00:00,2781,0.078145747,0.0793341509,0.0776714666,0.0784806243,233949094.17,7088542954.07,2023-05-23 23:59:59.999000+00:00,TRON_01_01_2023-01_01_2024_historical_data_coinmarketcap.csv,TRON,2023,5,23,0,23,3,13
2023-05-22 00:00:00+00:00,2023-05-22 23:59:59.999000+00:00,2023-05-22 14:52:00+00:00,2023-05-22 04:20:00+00:00,2781,0.0751212988,0.0791468045,0.0743259315,0.0781677875,400941743.77,7061243504.38,2023-05-22 23:59:59.999000+00:00,TRON_01_01_2023-01_01_2024_historical_data_coinmarketcap.csv,TRON,2023,5,22,0,23,14,4
2023-05-21 00:00:00+00:00,2023-05-21 23:59:59.999000+00:00,2023-05-21 14:35:00+00:00,2023-05-21 10:46:00+00:00,2781,0.0726446078,0.0764547083,0.072119339,0.0751242564,337181123.14,6787291289.4,2023-05-21 23:59:59.999000+00:00,TRON_01_01_2023-01_01_2024_historical_data_coinmarketcap.csv,TRON,2023,5,21,0,23,14,10
2023-05-20 00:00:00+00:00,2023-05-20 23:59:59.999000+00:00,2023-05-20 19:45:00+00:00,2023-05-20 02:52:00+00:00,2781,0.0706775077,0.0728910564,0.0705743074,0.0726498299,207049768.77,6564390867.16,2023-05-20 23:59:59.999000+00:00,TRON_01_01_2023-01_01_2024_historical_data_coinmarketcap.csv,TRON,2023,5,20,0,23,19,2
2023-05-19 00:00:00+00:00,2023-05-19 23:59:59.999000+00:00,2023-05-19 13:49:00+00:00,2023-05-19 04:40:00+00:00,2781,0.0702725286,0.070778295,0.0701415053,0.0706749553,138133275.66,6386672392.35,2023-05-19 23:59:59.999000+00:00,TRON_01_01_2023-01_01_2024_historical_data_coinmarketcap.csv,TRON,2023,5,19,0,23,13,4
2023-05-18 00:00:00+00:00,2023-05-18 23:59:59.999000+00:00,2023-05-18 00:34:00+00:00,2023-05-18 18:56:00+00:00,2781,0.0710580111,0.0713409713,0.0699504497,0.070276368,188382375.62,6351592135.99,2023-05-18 23:59:59.999000+00:00,TRON_01_01_2023-01_01_2024_historical_data_coinmarketcap.csv,TRON,2023,5,18,0,23,0,18
2023-05-17 00:00:00+00:00,2023-05-17 23:59:59.999000+00:00,2023-05-17 19:19:00+00:00,2023-05-17 15:26:00+00:00,2781,0.0705548638,0.0713195247,0.0703144755,0.0710519968,180958724.13,6422704918.48,2023-05-17 23:59:59.999000+00:00,TRON_01_01_2023-01_01_2024_historical_data_coinmarketcap.csv,TRON,2023,5,17,0,23,19,15
2023-05-16 00:00:00+00:00,2023-05-16 23:59:59.999000+00:00,2023-05-16 05:12:00+00:00,2023-05-16 01:46:00+00:00,2781,0.0702433249,0.0707289836,0.0700202554,0.0705590743,177030608.59,6379165684.31,2023-05-16 23:59:59.999000+00:00,TRON_01_01_2023-01_01_2024_historical_data_coinmarketcap.csv,TRON,2023,5,16,0,23,5,1
2023-05-15 00:00:00+00:00,2023-05-15 23:59:59.999000+00:00,2023-05-15 23:14:00+00:00,2023-05-15 00:56:00+00:00,2781,0.0694007448,0.0704791621,0.0692147676,0.0702417415,156324129.8,6351589627.23,2023-05-15 23:59:59.999000+00:00,TRON_01_01_2023-01_01_2024_historical_data_coinmarketcap.csv,TRON,2023,5,15,0,23,23,0
2023-05-14 00:00:00+00:00,2023-05-14 23:59:59.999000+00:00,2023-05-14 03:57:00+00:00,2023-05-14 19:28:00+00:00,2781,0.0693756352,0.0697321293,0.0689399084,0.0694008287,150250446.57,6276612523.11,2023-05-14 23:59:59.999000+00:00,TRON_01_01_2023-01_01_2024_historical_data_coinmarketcap.csv,TRON,2023,5,14,0,23,3,19
2023-05-13 00:00:00+00:00,2023-05-13 23:59:59.999000+00:00,2023-05-13 14:07:00+00:00,2023-05-13 05:05:00+00:00,2781,0.0690988247,0.0695496376,0.0685603131,0.0693801003,148244432.57,6275405726.08,2023-05-13 23:59:59.999000+00:00,TRON_01_01_2023-01_01_2024_historical_data_coinmarketcap.csv,TRON,2023,5,13,0,23,14,5
2023-05-12 00:00:00+00:00,2023-05-12 23:59:59.999000+00:00,2023-05-12 23:46:00+00:00,2023-05-12 02:58:00+00:00,2781,0.0677030934,0.0691813442,0.0673064532,0.0690957879,215884738.42,6250438534.42,2023-05-12 23:59:59.999000+00:00,TRON_01_01_2023-01_01_2024_historical_data_coinmarketcap.csv,TRON,2023,5,12,0,23,23,2
2023-05-11 00:00:00+00:00,2023-05-11 23:59:59.999000+00:00,2023-05-11 07:46:00+00:00,2023-05-11 19:46:00+00:00,2781,0.0694109326,0.0695361041,0.0669544604,0.0677054429,215941932.41,6125615372.51,2023-05-11 23:59:59.999000+00:00,TRON_01_01_2023-01_01_2024_historical_data_coinmarketcap.csv,TRON,2023,5,11,0,23,7,19
2023-05-10 00:00:00+00:00,2023-05-10 23:59:59.999000+00:00,2023-05-10 12:51:00+00:00,2023-05-10 17:22:00+00:00,2781,0.0690837736,0.0703092086,0.0685055423,0.0694082692,220122061.8,6280626614.56,2023-05-10 23:59:59.999000+00:00,TRON_01_01_2023-01_01_2024_historical_data_coinmarketcap.csv,TRON,2023,5,10,0,23,12,17
2023-05-09 00:00:00+00:00,2023-05-09 23:59:59.999000+00:00,2023-05-09 12:17:00+00:00,2023-05-09 02:37:00+00:00,2781,0.0684407998,0.069283708,0.0680836582,0.069081254,181444362.9,6251983633.51,2023-05-09 23:59:59.999000+00:00,TRON_01_01_2023-01_01_2024_historical_data_coinmarketcap.csv,TRON,2023,5,9,0,23,12,2
2023-05-08 00:00:00+00:00,2023-05-08 23:59:59.999000+00:00,2023-05-08 00:16:00+00:00,2023-05-08 18:08:00+00:00,2781,0.0693365562,0.0694171296,0.0674287221,0.0684387947,221247793.3,6194748618.96,2023-05-08 23:59:59.999000+00:00,TRON_01_01_2023-01_01_2024_historical_data_coinmarketcap.csv,TRON,2023,5,8,0,23,0,18
2023-05-07 00:00:00+00:00,2023-05-07 23:59:59.999000+00:00,2023-05-07 10:55:00+00:00,2023-05-07 23:56:00+00:00,2781,0.0703227718,0.0705550519,0.06929579,0.0693416667,163121117.45,6277462146.26,2023-05-07 23:59:59.999000+00:00,TRON_01_01_2023-01_01_2024_historical_data_coinmarketcap.csv,TRON,2023,5,7,0,23,10,23
2023-05-06 00:00:00+00:00,2023-05-06 23:59:59.999000+00:00,2023-05-06 00:40:00+00:00,2023-05-06 16:53:00+00:00,2781,0.0710032121,0.0711399206,0.0698069883,0.0703272731,184142912.41,6367421127.26,2023-05-06 23:59:59.999000+00:00,TRON_01_01_2023-01_01_2024_historical_data_coinmarketcap.csv,TRON,2023,5,6,0,23,0,16
2023-05-05 00:00:00+00:00,2023-05-05 23:59:59.999000+00:00,2023-05-05 16:19:00+00:00,2023-05-05 00:04:00+00:00,2781,0.069453941,0.0713424804,0.0694467479,0.0710029581,216516010.93,6429442405.81,2023-05-05 23:59:59.999000+00:00,TRON_01_01_2023-01_01_2024_historical_data_coinmarketcap.csv,TRON,2023,5,5,0,23,16,0
2023-05-04 00:00:00+00:00,2023-05-04 23:59:59.999000+00:00,2023-05-04 03:07:00+00:00,2023-05-04 13:43:00+00:00,2781,0.0692460781,0.0696281546,0.069050139,0.0694539174,175585118.89,6290212787.0,2023-05-04 23:59:59.999000+00:00,TRON_01_01_2023-01_01_2024_historical_data_coinmarketcap.csv,TRON,2023,5,4,0,23,3,13
2023-05-03 00:00:00+00:00,2023-05-03 23:59:59.999000+00:00,2023-05-03 03:48:00+00:00,2023-05-03 14:31:00+00:00,2781,0.0692478915,0.069537814,0.068368361,0.0692445881,241038776.91,6272249558.68,2023-05-03 23:59:59.999000+00:00,TRON_01_01_2023-01_01_2024_historical_data_coinmarketcap.csv,TRON,2023,5,3,0,23,3,14
2023-05-02 00:00:00+00:00,2023-05-02 23:59:59.999000+00:00,2023-05-02 18:40:00+00:00,2023-05-02 03:46:00+00:00,2781,0.0685079493,0.0698000215,0.0673102828,0.0692456329,223619551.57,6273356735.7,2023-05-02 23:59:59.999000+00:00,TRON_01_01_2023-01_01_2024_historical_data_coinmarketcap.csv,TRON,2023,5,2,0,23,18,3
2023-05-01 00:00:00+00:00,2023-05-01 23:59:59.999000+00:00,2023-05-01 12:42:00+00:00,2023-05-01 01:53:00+00:00,2781,0.0673429035,0.0693113255,0.066954095,0.0685036216,273046031.28,6207138707.24,2023-05-01 23:59:59.999000+00:00,TRON_01_01_2023-01_01_2024_historical_data_coinmarketcap.csv,TRON,2023,5,1,0,23,12,1
2023-04-30 00:00:00+00:00,2023-04-30 23:59:59.999000+00:00,2023-04-30 00:07:00+00:00,2023-04-30 23:59:00+00:00,2781,0.0680026195,0.0680580968,0.0673432027,0.0673432027,168124254.16,6102864381.1,2023-04-30 23:59:59.999000+00:00,TRON_01_01_2023-01_01_2024_historical_data_coinmarketcap.csv,TRON,2023,4,30,0,23,0,23
2023-04-29 00:00:00+00:00,2023-04-29 23:59:59.999000+00:00,2023-04-29 22:04:00+00:00,2023-04-29 00:31:00+00:00,2781,0.0667121736,0.0681695376,0.0666935866,0.0680042097,165520602.15,6163433895.17,2023-04-29 23:59:59.999000+00:00,TRON_01_01_2023-01_01_2024_historical_data_coinmarketcap.csv,TRON,2023,4,29,0,23,22,0
2023-04-28 00:00:00+00:00,2023-04-28 23:59:59.999000+00:00,2023-04-28 23:59:00+00:00,2023-04-28 00:29:00+00:00,2781,0.0657968984,0.0667100504,0.0656892011,0.0667100504,159999592.3,6046835542.16,2023-04-28 23:59:59.999000+00:00,TRON_01_01_2023-01_01_2024_historical_data_coinmarketcap.csv,TRON,2023,4,28,0,23,23,0
2023-04-27 00:00:00+00:00,2023-04-27 23:59:59.999000+00:00,2023-04-27 18:46:00+00:00,2023-04-27 00:08:00+00:00,2781,0.0651788473,0.0661012703,0.0650846017,0.0657942987,190727736.35,5964720380.31,2023-04-27 23:59:59.999000+00:00,TRON_01_01_2023-01_01_2024_historical_data_coinmarketcap.csv,TRON,2023,4,27,0,23,18,0
2023-04-26 00:00:00+00:00,2023-04-26 23:59:59.999000+00:00,2023-04-26 13:04:00+00:00,2023-04-26 20:04:00+00:00,2781,0.0658607125,0.0670487449,0.0642134567,0.0651829447,260293407.69,5910158481.91,2023-04-26 23:59:59.999000+00:00,TRON_01_01_2023-01_01_2024_historical_data_coinmarketcap.csv,TRON,2023,4,26,0,23,13,20
2023-04-25 00:00:00+00:00,2023-04-25 23:59:59.999000+00:00,2023-04-25 00:22:00+00:00,2023-04-25 17:29:00+00:00,2781,0.0661388954,0.0662043969,0.0652898129,0.065862874,174903063.82,5972704808.05,2023-04-25 23:59:59.999000+00:00,TRON_01_01_2023-01_01_2024_historical_data_coinmarketcap.csv,TRON,2023,4,25,0,23,0,17
2023-04-24 00:00:00+00:00,2023-04-24 23:59:59.999000+00:00,2023-04-24 01:22:00+00:00,2023-04-24 07:27:00+00:00,2781,0.0666744368,0.0669683921,0.0659314415,0.0661398654,183407394.66,5998750657.15,2023-04-24 23:59:59.999000+00:00,TRON_01_01_2023-01_01_2024_historical_data_coinmarketcap.csv,TRON,2023,4,24,0,23,1,7
2023-04-23 00:00:00+00:00,2023-04-23 23:59:59.999000+00:00,2023-04-23 13:11:00+00:00,2023-04-23 00:37:00+00:00,2781,0.0660738005,0.0669535922,0.0657099819,0.0666768907,179889690.65,6048340461.44,2023-04-23 23:59:59.999000+00:00,TRON_01_01_2023-01_01_2024_historical_data_coinmarketcap.csv,TRON,2023,4,23,0,23,13,0
2023-04-22 00:00:00+00:00,2023-04-22 23:59:59.999000+00:00,2023-04-22 11:37:00+00:00,2023-04-22 00:04:00+00:00,2781,0.0649976619,0.0661297512,0.0649158079,0.0660748035,186829871.23,5994316673.27,2023-04-22 23:59:59.999000+00:00,TRON_01_01_2023-01_01_2024_historical_data_coinmarketcap.csv,TRON,2023,4,22,0,23,11,0
2023-04-21 00:00:00+00:00,2023-04-21 23:59:59.999000+00:00,2023-04-21 13:43:00+00:00,2023-04-21 21:07:00+00:00,2781,0.0654126129,0.0659577661,0.0643944972,0.0650013342,203170564.38,5897571574.15,2023-04-21 23:59:59.999000+00:00,TRON_01_01_2023-01_01_2024_historical_data_coinmarketcap.csv,TRON,2023,4,21,0,23,13,21
2023-04-20 00:00:00+00:00,2023-04-20 23:59:59.999000+00:00,2023-04-20 06:21:00+00:00,2023-04-20 17:12:00+00:00,2781,0.0658349852,0.0666150853,0.0648634968,0.0654130718,260052069.14,5935793294.31,2023-04-20 23:59:59.999000+00:00,TRON_01_01_2023-01_01_2024_historical_data_coinmarketcap.csv,TRON,2023,4,20,0,23,6,17
2023-04-19 00:00:00+00:00,2023-04-19 23:59:59.999000+00:00,2023-04-19 03:17:00+00:00,2023-04-19 08:34:00+00:00,2781,0.0667637633,0.0671176293,0.065106389,0.0658490041,284488433.0,5976274690.96,2023-04-19 23:59:59.999000+00:00,TRON_01_01_2023-01_01_2024_historical_data_coinmarketcap.csv,TRON,2023,4,19,0,23,3,8
2023-04-18 00:00:00+00:00,2023-04-18 23:59:59.999000+00:00,2023-04-18 13:58:00+00:00,2023-04-18 01:17:00+00:00,2781,0.0657847638,0.0667977982,0.0656655846,0.0667624865,182633505.22,6060176040.68,2023-04-18 23:59:59.999000+00:00,TRON_01_01_2023-01_01_2024_historical_data_coinmarketcap.csv,TRON,2023,4,18,0,23,13,1
2023-04-17 00:00:00+00:00,2023-04-17 23:59:59.999000+00:00,2023-04-17 00:16:00+00:00,2023-04-17 14:07:00+00:00,2781,0.066553468,0.0666170457,0.0654942855,0.0657841419,186846117.39,5972294249.52,2023-04-17 23:59:59.999000+00:00,TRON_01_01_2023-01_01_2024_historical_data_coinmarketcap.csv,TRON,2023,4,17,0,23,0,14
2023-04-16 00:00:00+00:00,2023-04-16 23:59:59.999000+00:00,2023-04-16 22:04:00+00:00,2023-04-16 01:22:00+00:00,2781,0.0659982909,0.0666804016,0.0657878626,0.0665517836,138908765.54,6043016493.61,2023-04-16 23:59:59.999000+00:00,TRON_01_01_2023-01_01_2024_historical_data_coinmarketcap.csv,TRON,2023,4,16,0,23,22,1
2023-04-15 00:00:00+00:00,2023-04-15 23:59:59.999000+00:00,2023-04-15 00:00:00+00:00,2023-04-15 04:34:00+00:00,2781,0.0662564834,0.0662564834,0.0656254513,0.0660013013,160719154.99,5993703041.44,2023-04-15 23:59:59.999000+00:00,TRON_01_01_2023-01_01_2024_historical_data_coinmarketcap.csv,TRON,2023,4,15,0,23,0,4
2023-04-14 00:00:00+00:00,2023-04-14 23:59:59.999000+00:00,2023-04-14 03:50:00+00:00,2023-04-14 00:25:00+00:00,2781,0.0653098837,0.0668880516,0.0652501695,0.0662583344,249121639.76,6017809713.12,2023-04-14 23:59:59.999000+00:00,TRON_01_01_2023-01_01_2024_historical_data_coinmarketcap.csv,TRON,2023,4,14,0,23,3,0
2023-04-13 00:00:00+00:00,2023-04-13 23:59:59.999000+00:00,2023-04-13 09:16:00+00:00,2023-04-13 01:35:00+00:00,2781,0.0650967646,0.0654811385,0.0646946814,0.0653090092,239705567.35,5932543887.28,2023-04-13 23:59:59.999000+00:00,TRON_01_01_2023-01_01_2024_historical_data_coinmarketcap.csv,TRON,2023,4,13,0,23,9,1
2023-04-12 00:00:00+00:00,2023-04-12 23:59:59.999000+00:00,2023-04-12 00:25:00+00:00,2023-04-12 02:21:00+00:00,2781,0.0664329871,0.0664971094,0.0625955536,0.0650264213,263863465.41,5907693132.96,2023-04-12 23:59:59.999000+00:00,TRON_01_01_2023-01_01_2024_historical_data_coinmarketcap.csv,TRON,2023,4,12,0,23,0,2
2023-04-11 00:00:00+00:00,2023-04-11 23:59:59.999000+00:00,2023-04-11 04:04:00+00:00,2023-04-11 17:17:00+00:00,2781,0.0673382514,0.0676943318,0.0656770928,0.0664323762,314766025.52,6036448262.68,2023-04-11 23:59:59.999000+00:00,TRON_01_01_2023-01_01_2024_historical_data_coinmarketcap.csv,TRON,2023,4,11,0,23,4,17
2023-04-10 00:00:00+00:00,2023-04-10 23:59:59.999000+00:00,2023-04-10 23:41:00+00:00,2023-04-10 01:49:00+00:00,2781,0.0666538219,0.0674051866,0.0662912697,0.0673362145,208000060.13,6119583626.88,2023-04-10 23:59:59.999000+00:00,TRON_01_01_2023-01_01_2024_historical_data_coinmarketcap.csv,TRON,2023,4,10,0,23,23,1
2023-04-09 00:00:00+00:00,2023-04-09 23:59:59.999000+00:00,2023-04-09 22:08:00+00:00,2023-04-09 07:07:00+00:00,2781,0.0661544936,0.0668667203,0.0659709406,0.0666524884,160496296.65,6058451213.4,2023-04-09 23:59:59.999000+00:00,TRON_01_01_2023-01_01_2024_historical_data_coinmarketcap.csv,TRON,2023,4,9,0,23,22,7
2023-04-08 00:00:00+00:00,2023-04-08 23:59:59.999000+00:00,2023-04-08 14:35:00+00:00,2023-04-08 19:09:00+00:00,2781,0.0661097069,0.0665673054,0.0658102292,0.0661525751,161228526.22,6013727179.26,2023-04-08 23:59:59.999000+00:00,TRON_01_01_2023-01_01_2024_historical_data_coinmarketcap.csv,TRON,2023,4,8,0,23,14,19
2023-04-07 00:00:00+00:00,2023-04-07 23:59:59.999000+00:00,2023-04-07 04:50:00+00:00,2023-04-07 12:22:00+00:00,2781,0.066095931,0.0664842684,0.0656608812,0.0661132951,175108622.93,6010977921.79,2023-04-07 23:59:59.999000+00:00,TRON_01_01_2023-01_01_2024_historical_data_coinmarketcap.csv,TRON,2023,4,7,0,23,4,12
2023-04-06 00:00:00+00:00,2023-04-06 23:59:59.999000+00:00,2023-04-06 12:31:00+00:00,2023-04-06 16:13:00+00:00,2781,0.0661143531,0.066671138,0.0657325482,0.0660981505,220436024.53,6010608537.73,2023-04-06 23:59:59.999000+00:00,TRON_01_01_2023-01_01_2024_historical_data_coinmarketcap.csv,TRON,2023,4,6,0,23,12,16
2023-04-05 00:00:00+00:00,2023-04-05 23:59:59.999000+00:00,2023-04-05 12:52:00+00:00,2023-04-05 16:34:00+00:00,2781,0.0657820134,0.066609296,0.0654783956,0.0661086925,200006422.26,6012620314.83,2023-04-05 23:59:59.999000+00:00,TRON_01_01_2023-01_01_2024_historical_data_coinmarketcap.csv,TRON,2023,4,5,0,23,12,16
2023-04-04 00:00:00+00:00,2023-04-04 23:59:59.999000+00:00,2023-04-04 13:08:00+00:00,2023-04-04 01:52:00+00:00,2781,0.0657574708,0.0667415044,0.0656766632,0.0657831023,228568032.35,5984041388.7,2023-04-04 23:59:59.999000+00:00,TRON_01_01_2023-01_01_2024_historical_data_coinmarketcap.csv,TRON,2023,4,4,0,23,13,1
2023-04-03 00:00:00+00:00,2023-04-03 23:59:59.999000+00:00,2023-04-03 19:06:00+00:00,2023-04-03 01:52:00+00:00,2781,0.0653023436,0.0661460901,0.0643983306,0.065760707,226414716.52,5983044602.55,2023-04-03 23:59:59.999000+00:00,TRON_01_01_2023-01_01_2024_historical_data_coinmarketcap.csv,TRON,2023,4,3,0,23,19,1
2023-04-02 00:00:00+00:00,2023-04-02 23:59:59.999000+00:00,2023-04-02 03:02:00+00:00,2023-04-02 22:22:00+00:00,2781,0.0664548198,0.0668705418,0.0649578172,0.0653123484,187174703.24,5943306249.58,2023-04-02 23:59:59.999000+00:00,TRON_01_01_2023-01_01_2024_historical_data_coinmarketcap.csv,TRON,2023,4,2,0,23,3,22
2023-04-01 00:00:00+00:00,2023-04-01 23:59:59.999000+00:00,2023-04-01 13:19:00+00:00,2023-04-01 03:43:00+00:00,2781,0.0656151817,0.0670886349,0.0654295716,0.0668423718,219808205.42,6083276300.67,2023-04-01 23:59:59.999000+00:00,TRON_01_01_2023-01_01_2024_historical_data_coinmarketcap.csv,TRON,2023,4,1,0,23,13,3
2023-03-31 00:00:00+00:00,2023-03-31 23:59:59.999000+00:00,2023-03-31 16:01:00+00:00,2023-03-31 07:43:00+00:00,2781,0.0648273449,0.0661016257,0.0644979592,0.065616088,224600778.02,5972484041.65,2023-03-31 23:59:59.999000+00:00,TRON_01_01_2023-01_01_2024_historical_data_coinmarketcap.csv,TRON,2023,3,31,0,23,16,7
2023-03-30 00:00:00+00:00,2023-03-30 23:59:59.999000+00:00,2023-03-30 13:34:00+00:00,2023-03-30 18:13:00+00:00,2781,0.0643437135,0.0653411421,0.0638381005,0.0648203775,258652353.28,5901045667.85,2023-03-30 23:59:59.999000+00:00,TRON_01_01_2023-01_01_2024_historical_data_coinmarketcap.csv,TRON,2023,3,30,0,23,13,18
2023-03-29 00:00:00+00:00,2023-03-29 23:59:59.999000+00:00,2023-03-29 09:13:00+00:00,2023-03-29 22:07:00+00:00,2781,0.0642107204,0.0654153408,0.064059027,0.064341376,240013427.33,5858389389.22,2023-03-29 23:59:59.999000+00:00,TRON_01_01_2023-01_01_2024_historical_data_coinmarketcap.csv,TRON,2023,3,29,0,23,9,22
2023-03-28 00:00:00+00:00,2023-03-28 23:59:59.999000+00:00,2023-03-28 19:03:00+00:00,2023-03-28 01:04:00+00:00,2781,0.0635801216,0.0644447329,0.0633821617,0.0642147394,215581345.38,5847871377.36,2023-03-28 23:59:59.999000+00:00,TRON_01_01_2023-01_01_2024_historical_data_coinmarketcap.csv,TRON,2023,3,28,0,23,19,1
2023-03-27 00:00:00+00:00,2023-03-27 23:59:59.999000+00:00,2023-03-27 04:58:00+00:00,2023-03-27 15:13:00+00:00,2781,0.0642176618,0.0643692756,0.0620483788,0.0635800978,241874729.81,5791095668.67,2023-03-27 23:59:59.999000+00:00,TRON_01_01_2023-01_01_2024_historical_data_coinmarketcap.csv,TRON,2023,3,27,0,23,4,15
2023-03-26 00:00:00+00:00,2023-03-26 23:59:59.999000+00:00,2023-03-26 02:52:00+00:00,2023-03-26 05:24:00+00:00,2781,0.063724035,0.0648217582,0.063519465,0.0642162329,198798456.64,5849993346.77,2023-03-26 23:59:59.999000+00:00,TRON_01_01_2023-01_01_2024_historical_data_coinmarketcap.csv,TRON,2023,3,26,0,23,2,5
2023-03-25 00:00:00+00:00,2023-03-25 23:59:59.999000+00:00,2023-03-25 03:07:00+00:00,2023-03-25 20:04:00+00:00,2781,0.0634450869,0.0643302938,0.062891669,0.063722889,212310172.49,5805681711.0,2023-03-25 23:59:59.999000+00:00,TRON_01_01_2023-01_01_2024_historical_data_coinmarketcap.csv,TRON,2023,3,25,0,23,3,20
2023-03-24 00:00:00+00:00,2023-03-24 23:59:59.999000+00:00,2023-03-24 04:28:00+00:00,2023-03-24 18:11:00+00:00,2781,0.0652625693,0.0655037856,0.0629227504,0.0634431481,326386909.98,5780906130.92,2023-03-24 23:59:59.999000+00:00,TRON_01_01_2023-01_01_2024_historical_data_coinmarketcap.csv,TRON,2023,3,24,0,23,4,18
2023-03-23 00:00:00+00:00,2023-03-23 23:59:59.999000+00:00,2023-03-23 21:16:00+00:00,2023-03-23 00:14:00+00:00,2781,0.0598718094,0.06648769,0.0596219194,0.0652633973,578593452.55,5947642092.99,2023-03-23 23:59:59.999000+00:00,TRON_01_01_2023-01_01_2024_historical_data_coinmarketcap.csv,TRON,2023,3,23,0,23,21,0
2023-03-22 00:00:00+00:00,2023-03-22 23:59:59.999000+00:00,2023-03-22 14:23:00+00:00,2023-03-22 20:01:00+00:00,2781,0.0671783828,0.0681218862,0.0574812281,0.0598750423,656303403.26,5457442495.77,2023-03-22 23:59:59.999000+00:00,TRON_01_01_2023-01_01_2024_historical_data_coinmarketcap.csv,TRON,2023,3,22,0,23,14,20
2023-03-21 00:00:00+00:00,2023-03-21 23:59:59.999000+00:00,2023-03-21 22:29:00+00:00,2023-03-21 00:13:00+00:00,2781,0.06512642,0.0672769986,0.0651004736,0.0671828714,272449145.44,6124465759.14,2023-03-21 23:59:59.999000+00:00,TRON_01_01_2023-01_01_2024_historical_data_coinmarketcap.csv,TRON,2023,3,21,0,23,22,0
2023-03-20 00:00:00+00:00,2023-03-20 23:59:59.999000+00:00,2023-03-20 02:10:00+00:00,2023-03-20 23:55:00+00:00,2781,0.0667596294,0.0670795191,0.0650723713,0.0651107132,257085179.95,5936468686.61,2023-03-20 23:59:59.999000+00:00,TRON_01_01_2023-01_01_2024_historical_data_coinmarketcap.csv,TRON,2023,3,20,0,23,2,23
2023-03-19 00:00:00+00:00,2023-03-19 23:59:59.999000+00:00,2023-03-19 19:12:00+00:00,2023-03-19 00:07:00+00:00,2781,0.0658792482,0.0673780668,0.06587798,0.0667686046,227466258.87,6088557901.75,2023-03-19 23:59:59.999000+00:00,TRON_01_01_2023-01_01_2024_historical_data_coinmarketcap.csv,TRON,2023,3,19,0,23,19,0
2023-03-18 00:00:00+00:00,2023-03-18 23:59:59.999000+00:00,2023-03-18 01:10:00+00:00,2023-03-18 16:34:00+00:00,2781,0.0677876258,0.0681728362,0.0656170083,0.0658769214,266466761.5,6007918258.46,2023-03-18 23:59:59.999000+00:00,TRON_01_01_2023-01_01_2024_historical_data_coinmarketcap.csv,TRON,2023,3,18,0,23,1,16
2023-03-17 00:00:00+00:00,2023-03-17 23:59:59.999000+00:00,2023-03-17 22:49:00+00:00,2023-03-17 00:40:00+00:00,2781,0.0653660719,0.0679460722,0.0649997402,0.0677946411,298647153.42,6183565723.85,2023-03-17 23:59:59.999000+00:00,TRON_01_01_2023-01_01_2024_historical_data_coinmarketcap.csv,TRON,2023,3,17,0,23,22,0
2023-03-16 00:00:00+00:00,2023-03-16 23:59:59.999000+00:00,2023-03-16 16:34:00+00:00,2023-03-16 01:21:00+00:00,2781,0.0653237647,0.066810617,0.0651532789,0.0653673372,284940911.24,5963068753.61,2023-03-16 23:59:59.999000+00:00,TRON_01_01_2023-01_01_2024_historical_data_coinmarketcap.csv,TRON,2023,3,16,0,23,16,1
2023-03-15 00:00:00+00:00,2023-03-15 23:59:59.999000+00:00,2023-03-15 01:44:00+00:00,2023-03-15 17:04:00+00:00,2781,0.0671438492,0.0679409614,0.0644006727,0.0653126122,351647071.71,5958947485.53,2023-03-15 23:59:59.999000+00:00,TRON_01_01_2023-01_01_2024_historical_data_coinmarketcap.csv,TRON,2023,3,15,0,23,1,17
2023-03-14 00:00:00+00:00,2023-03-14 23:59:59.999000+00:00,2023-03-14 15:19:00+00:00,2023-03-14 19:49:00+00:00,2781,0.0672126226,0.0690757202,0.0661045969,0.0671329375,479935465.47,6125910569.71,2023-03-14 23:59:59.999000+00:00,TRON_01_01_2023-01_01_2024_historical_data_coinmarketcap.csv,TRON,2023,3,14,0,23,15,19
2023-03-13 00:00:00+00:00,2023-03-13 23:59:59.999000+00:00,2023-03-13 15:23:00+00:00,2023-03-13 00:00:00+00:00,2781,0.0647307457,0.0687206236,0.0647307457,0.0672195497,629423180.68,6134719102.27,2023-03-13 23:59:59.999000+00:00,TRON_01_01_2023-01_01_2024_historical_data_coinmarketcap.csv,TRON,2023,3,13,0,23,15,0
2023-03-12 00:00:00+00:00,2023-03-12 23:59:59.999000+00:00,2023-03-12 23:58:00+00:00,2023-03-12 00:40:00+00:00,2781,0.0592703859,0.0647142648,0.0589395538,0.0647100657,347554981.02,5906625629.16,2023-03-12 23:59:59.999000+00:00,TRON_01_01_2023-01_01_2024_historical_data_coinmarketcap.csv,TRON,2023,3,12,0,23,23,0
2023-03-11 00:00:00+00:00,2023-03-11 23:59:59.999000+00:00,2023-03-11 23:55:00+00:00,2023-03-11 08:04:00+00:00,2781,0.0574237553,0.0592921303,0.0553801443,0.0592718152,416436742.12,5410791319.38,2023-03-11 23:59:59.999000+00:00,TRON_01_01_2023-01_01_2024_historical_data_coinmarketcap.csv,TRON,2023,3,11,0,23,23,8
2023-03-10 00:00:00+00:00,2023-03-10 23:59:59.999000+00:00,2023-03-10 00:05:00+00:00,2023-03-10 10:49:00+00:00,2781,0.0584607124,0.058631155,0.0557544249,0.0574168582,517634913.45,5242140764.45,2023-03-10 23:59:59.999000+00:00,TRON_01_01_2023-01_01_2024_historical_data_coinmarketcap.csv,TRON,2023,3,10,0,23,0,10
2023-03-09 00:00:00+00:00,2023-03-09 23:59:59.999000+00:00,2023-03-09 14:16:00+00:00,2023-03-09 22:01:00+00:00,2781,0.0652612445,0.0661833147,0.0572300927,0.0584565406,456504522.28,5337947056.25,2023-03-09 23:59:59.999000+00:00,TRON_01_01_2023-01_01_2024_historical_data_coinmarketcap.csv,TRON,2023,3,9,0,23,14,22
2023-03-08 00:00:00+00:00,2023-03-08 23:59:59.999000+00:00,2023-03-08 00:34:00+00:00,2023-03-08 23:10:00+00:00,2781,0.0662632711,0.0665151449,0.0648873423,0.0652596571,211024621.66,5960078917.81,2023-03-08 23:59:59.999000+00:00,TRON_01_01_2023-01_01_2024_historical_data_coinmarketcap.csv,TRON,2023,3,8,0,23,0,23
2023-03-07 00:00:00+00:00,2023-03-07 23:59:59.999000+00:00,2023-03-07 01:28:00+00:00,2023-03-07 22:28:00+00:00,2781,0.0674014245,0.067626532,0.0658382144,0.0662630772,221770992.13,6052589498.03,2023-03-07 23:59:59.999000+00:00,TRON_01_01_2023-01_01_2024_historical_data_coinmarketcap.csv,TRON,2023,3,7,0,23,1,22
2023-03-06 00:00:00+00:00,2023-03-06 23:59:59.999000+00:00,2023-03-06 18:31:00+00:00,2023-03-06 08:22:00+00:00,2781,0.0672552869,0.06764201,0.0667434474,0.0674013829,186105195.93,6157494327.44,2023-03-06 23:59:59.999000+00:00,TRON_01_01_2023-01_01_2024_historical_data_coinmarketcap.csv,TRON,2023,3,6,0,23,18,8
2023-03-05 00:00:00+00:00,2023-03-05 23:59:59.999000+00:00,2023-03-05 21:30:00+00:00,2023-03-05 00:10:00+00:00,2781,0.0666874554,0.067791184,0.0665822727,0.067255718,164056032.79,6145122488.1,2023-03-05 23:59:59.999000+00:00,TRON_01_01_2023-01_01_2024_historical_data_coinmarketcap.csv,TRON,2023,3,5,0,23,21,0
2023-03-04 00:00:00+00:00,2023-03-04 23:59:59.999000+00:00,2023-03-04 06:46:00+00:00,2023-03-04 22:09:00+00:00,2781,0.067157097,0.0675248656,0.0661867675,0.0666837066,183966664.6,6093518786.64,2023-03-04 23:59:59.999000+00:00,TRON_01_01_2023-01_01_2024_historical_data_coinmarketcap.csv,TRON,2023,3,4,0,23,6,22
2023-03-03 00:00:00+00:00,2023-03-03 23:59:59.999000+00:00,2023-03-03 00:07:00+00:00,2023-03-03 06:22:00+00:00,2781,0.069651253,0.0697674478,0.0666195371,0.067159433,262446713.77,6137720347.65,2023-03-03 23:59:59.999000+00:00,TRON_01_01_2023-01_01_2024_historical_data_coinmarketcap.csv,TRON,2023,3,3,0,23,0,6
2023-03-02 00:00:00+00:00,2023-03-02 23:59:59.999000+00:00,2023-03-02 11:34:00+00:00,2023-03-02 14:49:00+00:00,2781,0.0698764722,0.0701486549,0.0690437305,0.0696510677,208539788.31,6366385498.97,2023-03-02 23:59:59.999000+00:00,TRON_01_01_2023-01_01_2024_historical_data_coinmarketcap.csv,TRON,2023,3,2,0,23,11,14
2023-03-01 00:00:00+00:00,2023-03-01 23:59:59.999000+00:00,2023-03-01 19:28:00+00:00,2023-03-01 00:58:00+00:00,2781,0.0690147576,0.0702554298,0.0688327187,0.0698776013,213887807.22,6388038104.16,2023-03-01 23:59:59.999000+00:00,TRON_01_01_2023-01_01_2024_historical_data_coinmarketcap.csv,TRON,2023,3,1,0,23,19,0
2023-02-28 00:00:00+00:00,2023-02-28 23:59:59.999000+00:00,2023-02-28 06:22:00+00:00,2023-02-28 21:53:00+00:00,2781,0.0694026427,0.069777159,0.0686622557,0.0690110701,206608575.56,6309833205.82,2023-02-28 23:59:59.999000+00:00,TRON_01_01_2023-01_01_2024_historical_data_coinmarketcap.csv,TRON,2023,2,28,0,23,6,21
2023-02-27 00:00:00+00:00,2023-02-27 23:59:59.999000+00:00,2023-02-27 00:22:00+00:00,2023-02-27 10:42:00+00:00,2781,0.069511355,0.0696557351,0.0684888886,0.0693968878,219217372.92,6346102532.89,2023-02-27 23:59:59.999000+00:00,TRON_01_01_2023-01_01_2024_historical_data_coinmarketcap.csv,TRON,2023,2,27,0,23,0,10
2023-02-26 00:00:00+00:00,2023-02-26 23:59:59.999000+00:00,2023-02-26 20:37:00+00:00,2023-02-26 00:02:00+00:00,2781,0.0678305072,0.0696902311,0.0678160668,0.0695130467,191149283.88,6357703525.61,2023-02-26 23:59:59.999000+00:00,TRON_01_01_2023-01_01_2024_historical_data_coinmarketcap.csv,TRON,2023,2,26,0,23,20,0
2023-02-25 00:00:00+00:00,2023-02-25 23:59:59.999000+00:00,2023-02-25 10:20:00+00:00,2023-02-25 21:22:00+00:00,2781,0.0678563989,0.0687465519,0.0669317234,0.0678344233,206862281.46,6204865497.71,2023-02-25 23:59:59.999000+00:00,TRON_01_01_2023-01_01_2024_historical_data_coinmarketcap.csv,TRON,2023,2,25,0,23,10,21
2023-02-24 00:00:00+00:00,2023-02-24 23:59:59.999000+00:00,2023-02-24 08:35:00+00:00,2023-02-24 22:49:00+00:00,2781,0.0695900194,0.0699860957,0.0674566174,0.0678517882,216581383.35,6207232454.24,2023-02-24 23:59:59.999000+00:00,TRON_01_01_2023-01_01_2024_historical_data_coinmarketcap.csv,TRON,2023,2,24,0,23,8,22
2023-02-23 00:00:00+00:00,2023-02-23 23:59:59.999000+00:00,2023-02-23 09:23:00+00:00,2023-02-23 11:40:00+00:00,2781,0.0694331775,0.0703544348,0.0691119015,0.069593867,216718422.78,6367587736.86,2023-02-23 23:59:59.999000+00:00,TRON_01_01_2023-01_01_2024_historical_data_coinmarketcap.csv,TRON,2023,2,23,0,23,9,11
2023-02-22 00:00:00+00:00,2023-02-22 23:59:59.999000+00:00,2023-02-22 23:31:00+00:00,2023-02-22 08:44:00+00:00,2781,0.0694700443,0.0696215734,0.0682795523,0.0694340961,240981973.03,6353976783.49,2023-02-22 23:59:59.999000+00:00,TRON_01_01_2023-01_01_2024_historical_data_coinmarketcap.csv,TRON,2023,2,22,0,23,23,8
2023-02-21 00:00:00+00:00,2023-02-21 23:59:59.999000+00:00,2023-02-21 06:46:00+00:00,2023-02-21 22:07:00+00:00,2781,0.071936055,0.0720352777,0.0691104539,0.0694673994,303772124.24,6358020264.91,2023-02-21 23:59:59.999000+00:00,TRON_01_01_2023-01_01_2024_historical_data_coinmarketcap.csv,TRON,2023,2,21,0,23,6,22
2023-02-20 00:00:00+00:00,2023-02-20 23:59:59.999000+00:00,2023-02-20 04:38:00+00:00,2023-02-20 01:19:00+00:00,2781,0.0704168088,0.0728914367,0.0697294615,0.0719395112,378596766.57,6585327118.13,2023-02-20 23:59:59.999000+00:00,TRON_01_01_2023-01_01_2024_historical_data_coinmarketcap.csv,TRON,2023,2,20,0,23,4,1
2023-02-19 00:00:00+00:00,2023-02-19 23:59:59.999000+00:00,2023-02-19 16:16:00+00:00,2023-02-19 03:58:00+00:00,2781,0.0701318446,0.0715589127,0.0698205353,0.0703847299,227740238.42,6444085840.62,2023-02-19 23:59:59.999000+00:00,TRON_01_01_2023-01_01_2024_historical_data_coinmarketcap.csv,TRON,2023,2,19,0,23,16,3
2023-02-18 00:00:00+00:00,2023-02-18 23:59:59.999000+00:00,2023-02-18 02:01:00+00:00,2023-02-18 20:16:00+00:00,2781,0.0704497916,0.0710455822,0.0697954197,0.0701377063,226753466.21,6422249605.82,2023-02-18 23:59:59.999000+00:00,TRON_01_01_2023-01_01_2024_historical_data_coinmarketcap.csv,TRON,2023,2,18,0,23,2,20
2023-02-17 00:00:00+00:00,2023-02-17 23:59:59.999000+00:00,2023-02-17 21:18:00+00:00,2023-02-17 00:04:00+00:00,2781,0.0668754581,0.0714851913,0.0666492337,0.0704574284,367932392.44,6452402452.46,2023-02-17 23:59:59.999000+00:00,TRON_01_01_2023-01_01_2024_historical_data_coinmarketcap.csv,TRON,2023,2,17,0,23,21,0
2023-02-16 00:00:00+00:00,2023-02-16 23:59:59.999000+00:00,2023-02-16 03:50:00+00:00,2023-02-16 23:55:00+00:00,2781,0.0708216239,0.071418642,0.0668486189,0.066882446,396517012.39,6126104297.66,2023-02-16 23:59:59.999000+00:00,TRON_01_01_2023-01_01_2024_historical_data_coinmarketcap.csv,TRON,2023,2,16,0,23,3,23
2023-02-15 00:00:00+00:00,2023-02-15 23:59:59.999000+00:00,2023-02-15 23:56:00+00:00,2023-02-15 00:00:00+00:00,2781,0.0667484545,0.0708376732,0.0667484545,0.0708214173,354951527.37,6488032237.7,2023-02-15 23:59:59.999000+00:00,TRON_01_01_2023-01_01_2024_historical_data_coinmarketcap.csv,TRON,2023,2,15,0,23,23,0
2023-02-14 00:00:00+00:00,2023-02-14 23:59:59.999000+00:00,2023-02-14 23:37:00+00:00,2023-02-14 05:18:00+00:00,2781,0.0655975352,0.0668253717,0.0651876821,0.0667456144,278017068.72,6115607386.88,2023-02-14 23:59:59.999000+00:00,TRON_01_01_2023-01_01_2024_historical_data_coinmarketcap.csv,TRON,2023,2,14,0,23,23,5
2023-02-13 00:00:00+00:00,2023-02-13 23:59:59.999000+00:00,2023-02-13 23:45:00+00:00,2023-02-13 09:26:00+00:00,2781,0.0638322106,0.0656779835,0.0631998218,0.0655999682,312370710.19,6011623394.23,2023-02-13 23:59:59.999000+00:00,TRON_01_01_2023-01_01_2024_historical_data_coinmarketcap.csv,TRON,2023,2,13,0,23,23,9
2023-02-12 00:00:00+00:00,2023-02-12 23:59:59.999000+00:00,2023-02-12 18:22:00+00:00,2023-02-12 23:35:00+00:00,2781,0.0637994774,0.0650778056,0.0636693779,0.0638368896,188947370.76,5851088355.75,2023-02-12 23:59:59.999000+00:00,TRON_01_01_2023-01_01_2024_historical_data_coinmarketcap.csv,TRON,2023,2,12,0,23,18,23
2023-02-11 00:00:00+00:00,2023-02-11 23:59:59.999000+00:00,2023-02-11 04:50:00+00:00,2023-02-11 10:52:00+00:00,2781,0.0633250225,0.0640422281,0.0632282809,0.0638045654,192015517.29,5848866379.75,2023-02-11 23:59:59.999000+00:00,TRON_01_01_2023-01_01_2024_historical_data_coinmarketcap.csv,TRON,2023,2,11,0,23,4,10
2023-02-10 00:00:00+00:00,2023-02-10 23:59:59.999000+00:00,2023-02-10 07:07:00+00:00,2023-02-10 00:59:00+00:00,2781,0.0626157076,0.0638857685,0.0624689011,0.0633231471,341903614.06,5805623444.25,2023-02-10 23:59:59.999000+00:00,TRON_01_01_2023-01_01_2024_historical_data_coinmarketcap.csv,TRON,2023,2,10,0,23,7,0
2023-02-09 00:00:00+00:00,2023-02-09 23:59:59.999000+00:00,2023-02-09 00:07:00+00:00,2023-02-09 22:58:00+00:00,2781,0.0668714784,0.0670249266,0.0621261126,0.0626143589,649103223.63,5741682843.61,2023-02-09 23:59:59.999000+00:00,TRON_01_01_2023-01_01_2024_historical_data_coinmarketcap.csv,TRON,2023,2,9,0,23,0,22
2023-02-08 00:00:00+00:00,2023-02-08 23:59:59.999000+00:00,2023-02-08 13:13:00+00:00,2023-02-08 08:40:00+00:00,2781,0.0657725685,0.0693434591,0.065569754,0.0668736621,627966025.87,6133476449.05,2023-02-08 23:59:59.999000+00:00,TRON_01_01_2023-01_01_2024_historical_data_coinmarketcap.csv,TRON,2023,2,8,0,23,13,8
2023-02-07 00:00:00+00:00,2023-02-07 23:59:59.999000+00:00,2023-02-07 21:08:00+00:00,2023-02-07 00:02:00+00:00,2781,0.0631835587,0.0658515523,0.0631554086,0.0657742046,391361422.96,6033918800.3,2023-02-07 23:59:59.999000+00:00,TRON_01_01_2023-01_01_2024_historical_data_coinmarketcap.csv,TRON,2023,2,7,0,23,21,0
2023-02-06 00:00:00+00:00,2023-02-06 23:59:59.999000+00:00,2023-02-06 01:44:00+00:00,2023-02-06 23:34:00+00:00,2781,0.0640910019,0.0644491566,0.0628967596,0.0631937371,263575211.47,5798439632.93,2023-02-06 23:59:59.999000+00:00,TRON_01_01_2023-01_01_2024_historical_data_coinmarketcap.csv,TRON,2023,2,6,0,23,1,23
2023-02-05 00:00:00+00:00,2023-02-05 23:59:59.999000+00:00,2023-02-05 11:07:00+00:00,2023-02-05 19:07:00+00:00,2781,0.0638239378,0.0656496006,0.0633079821,0.0640854612,383628012.26,5881459375.1,2023-02-05 23:59:59.999000+00:00,TRON_01_01_2023-01_01_2024_historical_data_coinmarketcap.csv,TRON,2023,2,5,0,23,11,19
2023-02-04 00:00:00+00:00,2023-02-04 23:59:59.999000+00:00,2023-02-04 14:04:00+00:00,2023-02-04 05:29:00+00:00,2781,0.0641218223,0.0644391346,0.0632226862,0.0638236295,240138021.7,5857786656.01,2023-02-04 23:59:59.999000+00:00,TRON_01_01_2023-01_01_2024_historical_data_coinmarketcap.csv,TRON,2023,2,4,0,23,14,5
2023-02-03 00:00:00+00:00,2023-02-03 23:59:59.999000+00:00,2023-02-03 06:12:00+00:00,2023-02-03 20:07:00+00:00,2781,0.06375864,0.0647118482,0.0636185491,0.0641224528,331119561.22,5885547333.51,2023-02-03 23:59:59.999000+00:00,TRON_01_01_2023-01_01_2024_historical_data_coinmarketcap.csv,TRON,2023,2,3,0,23,6,20
2023-02-02 00:00:00+00:00,2023-02-02 23:59:59.999000+00:00,2023-02-02 19:03:00+00:00,2023-02-02 00:01:00+00:00,2781,0.0631812098,0.0653341193,0.0631670633,0.0637605086,408694985.13,5852726415.62,2023-02-02 23:59:59.999000+00:00,TRON_01_01_2023-01_01_2024_historical_data_coinmarketcap.csv,TRON,2023,2,2,0,23,19,0
2023-02-01 00:00:00+00:00,2023-02-01 23:59:59.999000+00:00,2023-02-01 23:31:00+00:00,2023-02-01 18:19:00+00:00,2781,0.062217651,0.0633210445,0.0615330781,0.0631932236,281503051.69,5801130240.57,2023-02-01 23:59:59.999000+00:00,TRON_01_01_2023-01_01_2024_historical_data_coinmarketcap.csv,TRON,2023,2,1,0,23,23,18
2023-01-31 00:00:00+00:00,2023-01-31 23:59:59.999000+00:00,2023-01-31 07:52:00+00:00,2023-01-31 22:33:00+00:00,2781,0.0622495964,0.0630415337,0.0617884257,0.0622201837,272093599.54,5712249993.77,2023-01-31 23:59:59.999000+00:00,TRON_01_01_2023-01_01_2024_historical_data_coinmarketcap.csv,TRON,2023,1,31,0,23,7,22
2023-01-30 00:00:00+00:00,2023-01-30 23:59:59.999000+00:00,2023-01-30 00:55:00+00:00,2023-01-30 10:05:00+00:00,2781,0.0637929477,0.0639616358,0.0616530799,0.0622468387,322622837.63,5715141848.8,2023-01-30 23:59:59.999000+00:00,TRON_01_01_2023-01_01_2024_historical_data_coinmarketcap.csv,TRON,2023,1,30,0,23,0,10
2023-01-29 00:00:00+00:00,2023-01-29 23:59:59.999000+00:00,2023-01-29 15:07:00+00:00,2023-01-29 00:22:00+00:00,2781,0.0630959035,0.0643662252,0.0629982052,0.0637937012,298809874.53,5857567539.47,2023-01-29 23:59:59.999000+00:00,TRON_01_01_2023-01_01_2024_historical_data_coinmarketcap.csv,TRON,2023,1,29,0,23,15,0
2023-01-28 00:00:00+00:00,2023-01-28 23:59:59.999000+00:00,2023-01-28 00:46:00+00:00,2023-01-28 15:08:00+00:00,2781,0.063584545,0.0639149706,0.0622056205,0.0630918807,232264923.74,5793369647.75,2023-01-28 23:59:59.999000+00:00,TRON_01_01_2023-01_01_2024_historical_data_coinmarketcap.csv,TRON,2023,1,28,0,23,0,15
2023-01-27 00:00:00+00:00,2023-01-27 23:59:59.999000+00:00,2023-01-27 19:26:00+00:00,2023-01-27 02:02:00+00:00,2781,0.0617342686,0.0641884751,0.0610467822,0.0635821914,321741025.87,5838614477.6,2023-01-27 23:59:59.999000+00:00,TRON_01_01_2023-01_01_2024_historical_data_coinmarketcap.csv,TRON,2023,1,27,0,23,19,2
2023-01-26 00:00:00+00:00,2023-01-26 23:59:59.999000+00:00,2023-01-26 06:14:00+00:00,2023-01-26 10:50:00+00:00,2781,0.0618283407,0.0620973293,0.0613536446,0.0617308851,189522704.17,5668881537.3,2023-01-26 23:59:59.999000+00:00,TRON_01_01_2023-01_01_2024_historical_data_coinmarketcap.csv,TRON,2023,1,26,0,23,6,10
2023-01-25 00:00:00+00:00,2023-01-25 23:59:59.999000+00:00,2023-01-25 22:08:00+00:00,2023-01-25 01:31:00+00:00,2781,0.060207758,0.0626263554,0.0594354264,0.0618424784,220414744.44,5679379437.11,2023-01-25 23:59:59.999000+00:00,TRON_01_01_2023-01_01_2024_historical_data_coinmarketcap.csv,TRON,2023,1,25,0,23,22,1
2023-01-24 00:00:00+00:00,2023-01-24 23:59:59.999000+00:00,2023-01-24 02:07:00+00:00,2023-01-24 23:22:00+00:00,2781,0.0628099632,0.0634423474,0.0599629073,0.0602044389,228798004.04,5529174847.79,2023-01-24 23:59:59.999000+00:00,TRON_01_01_2023-01_01_2024_historical_data_coinmarketcap.csv,TRON,2023,1,24,0,23,2,23
2023-01-23 00:00:00+00:00,2023-01-23 23:59:59.999000+00:00,2023-01-23 21:56:00+00:00,2023-01-23 15:07:00+00:00,2781,0.061681582,0.0631666751,0.0614263831,0.0628226515,224484707.72,5769864616.01,2023-01-23 23:59:59.999000+00:00,TRON_01_01_2023-01_01_2024_historical_data_coinmarketcap.csv,TRON,2023,1,23,0,23,21,15
2023-01-22 00:00:00+00:00,2023-01-22 23:59:59.999000+00:00,2023-01-22 17:37:00+00:00,2023-01-22 03:26:00+00:00,2781,0.0617379456,0.0626180217,0.0609271483,0.0616792501,209391461.17,5665088296.32,2023-01-22 23:59:59.999000+00:00,TRON_01_01_2023-01_01_2024_historical_data_coinmarketcap.csv,TRON,2023,1,22,0,23,17,3
2023-01-21 00:00:00+00:00,2023-01-21 23:59:59.999000+00:00,2023-01-21 10:27:00+00:00,2023-01-21 23:55:00+00:00,2781,0.0628243971,0.0630964043,0.0617263191,0.0617321121,260535017.26,5670062410.77,2023-01-21 23:59:59.999000+00:00,TRON_01_01_2023-01_01_2024_historical_data_coinmarketcap.csv,TRON,2023,1,21,0,23,10,23
2023-01-20 00:00:00+00:00,2023-01-20 23:59:59.999000+00:00,2023-01-20 23:53:00+00:00,2023-01-20 01:07:00+00:00,2781,0.0601475918,0.0628595854,0.0599824646,0.0628313792,193161021.5,5771200669.23,2023-01-20 23:59:59.999000+00:00,TRON_01_01_2023-01_01_2024_historical_data_coinmarketcap.csv,TRON,2023,1,20,0,23,23,1
2023-01-19 00:00:00+00:00,2023-01-19 23:59:59.999000+00:00,2023-01-19 20:28:00+00:00,2023-01-19 00:05:00+00:00,2781,0.0589973663,0.0602407456,0.0589199233,0.0601533401,170235361.61,5525504719.84,2023-01-19 23:59:59.999000+00:00,TRON_01_01_2023-01_01_2024_historical_data_coinmarketcap.csv,TRON,2023,1,19,0,23,20,0
2023-01-18 00:00:00+00:00,2023-01-18 23:59:59.999000+00:00,2023-01-18 03:20:00+00:00,2023-01-18 23:59:00+00:00,2781,0.061725548,0.0623530638,0.0590033852,0.0590033852,260102159.99,5420182109.27,2023-01-18 23:59:59.999000+00:00,TRON_01_01_2023-01_01_2024_historical_data_coinmarketcap.csv,TRON,2023,1,18,0,23,3,23
2023-01-17 00:00:00+00:00,2023-01-17 23:59:59.999000+00:00,2023-01-17 00:22:00+00:00,2023-01-17 01:22:00+00:00,2781,0.0624319108,0.0624929904,0.0615745629,0.0617260155,214020770.76,5670670746.67,2023-01-17 23:59:59.999000+00:00,TRON_01_01_2023-01_01_2024_historical_data_coinmarketcap.csv,TRON,2023,1,17,0,23,0,1
2023-01-16 00:00:00+00:00,2023-01-16 23:59:59.999000+00:00,2023-01-16 05:49:00+00:00,2023-01-16 15:16:00+00:00,2781,0.0623533663,0.0631666831,0.0615033304,0.0624297397,249155140.48,5735777682.34,2023-01-16 23:59:59.999000+00:00,TRON_01_01_2023-01_01_2024_historical_data_coinmarketcap.csv,TRON,2023,1,16,0,23,5,15
2023-01-15 00:00:00+00:00,2023-01-15 23:59:59.999000+00:00,2023-01-15 17:29:00+00:00,2023-01-15 00:46:00+00:00,2781,0.0618762811,0.0627265749,0.0607885846,0.0623559396,266691428.11,5729509401.35,2023-01-15 23:59:59.999000+00:00,TRON_01_01_2023-01_01_2024_historical_data_coinmarketcap.csv,TRON,2023,1,15,0,23,17,0
2023-01-14 00:00:00+00:00,2023-01-14 23:59:59.999000+00:00,2023-01-14 07:04:00+00:00,2023-01-14 00:00:00+00:00,2781,0.0600086384,0.0655866083,0.0600086384,0.0618754927,566265041.39,5685689952.59,2023-01-14 23:59:59.999000+00:00,TRON_01_01_2023-01_01_2024_historical_data_coinmarketcap.csv,TRON,2023,1,14,0,23,7,0
2023-01-13 00:00:00+00:00,2023-01-13 23:59:59.999000+00:00,2023-01-13 22:41:00+00:00,2023-01-13 01:38:00+00:00,2781,0.0571112076,0.0604662291,0.0569105239,0.060010653,258403126.09,5514696789.26,2023-01-13 23:59:59.999000+00:00,TRON_01_01_2023-01_01_2024_historical_data_coinmarketcap.csv,TRON,2023,1,13,0,23,22,1
2023-01-12 00:00:00+00:00,2023-01-12 23:59:59.999000+00:00,2023-01-12 18:19:00+00:00,2023-01-12 14:56:00+00:00,2781,0.05647891,0.0572574318,0.0558675335,0.0571111996,241844702.33,5248625787.91,2023-01-12 23:59:59.999000+00:00,TRON_01_01_2023-01_01_2024_historical_data_coinmarketcap.csv,TRON,2023,1,12,0,23,18,14
2023-01-11 00:00:00+00:00,2023-01-11 23:59:59.999000+00:00,2023-01-11 23:59:00+00:00,2023-01-11 03:25:00+00:00,2781,0.0547872957,0.0564859334,0.0547143003,0.0564859334,209852698.22,5191516015.73,2023-01-11 23:59:59.999000+00:00,TRON_01_01_2023-01_01_2024_historical_data_coinmarketcap.csv,TRON,2023,1,11,0,23,23,3
2023-01-10 00:00:00+00:00,2023-01-10 23:59:59.999000+00:00,2023-01-10 20:22:00+00:00,2023-01-10 08:15:00+00:00,2781,0.0546242379,0.0549029185,0.0540053051,0.0547821782,196148450.99,5035251212.13,2023-01-10 23:59:59.999000+00:00,TRON_01_01_2023-01_01_2024_historical_data_coinmarketcap.csv,TRON,2023,1,10,0,23,20,8
2023-01-09 00:00:00+00:00,2023-01-09 23:59:59.999000+00:00,2023-01-09 02:46:00+00:00,2023-01-09 00:25:00+00:00,2781,0.0538953196,0.0563706432,0.0537910422,0.0546256495,374224117.9,5021223279.37,2023-01-09 23:59:59.999000+00:00,TRON_01_01_2023-01_01_2024_historical_data_coinmarketcap.csv,TRON,2023,1,9,0,23,2,0
2023-01-08 00:00:00+00:00,2023-01-08 23:59:59.999000+00:00,2023-01-08 23:59:00+00:00,2023-01-08 02:41:00+00:00,2781,0.0520138623,0.0538152954,0.0513924128,0.0538152954,202055017.66,4947138156.38,2023-01-08 23:59:59.999000+00:00,TRON_01_01_2023-01_01_2024_historical_data_coinmarketcap.csv,TRON,2023,1,8,0,23,23,2
2023-01-07 00:00:00+00:00,2023-01-07 23:59:59.999000+00:00,2023-01-07 01:08:00+00:00,2023-01-07 11:19:00+00:00,2781,0.0524923633,0.0528140003,0.0514927829,0.0520192079,277255900.08,4782224349.02,2023-01-07 23:59:59.999000+00:00,TRON_01_01_2023-01_01_2024_historical_data_coinmarketcap.csv,TRON,2023,1,7,0,23,1,11
2023-01-06 00:00:00+00:00,2023-01-06 23:59:59.999000+00:00,2023-01-06 00:52:00+00:00,2023-01-06 04:32:00+00:00,2781,0.0536700878,0.0538862318,0.0500699248,0.0524936269,769019622.48,4826038337.42,2023-01-06 23:59:59.999000+00:00,TRON_01_01_2023-01_01_2024_historical_data_coinmarketcap.csv,TRON,2023,1,6,0,23,0,4
2023-01-05 00:00:00+00:00,2023-01-05 23:59:59.999000+00:00,2023-01-05 08:16:00+00:00,2023-01-05 23:36:00+00:00,2781,0.0547323478,0.0549776161,0.0534604879,0.0536614617,182910373.55,4933683657.68,2023-01-05 23:59:59.999000+00:00,TRON_01_01_2023-01_01_2024_historical_data_coinmarketcap.csv,TRON,2023,1,5,0,23,8,23
2023-01-04 00:00:00+00:00,2023-01-04 23:59:59.999000+00:00,2023-01-04 07:04:00+00:00,2023-01-04 20:45:00+00:00,2781,0.0548335959,0.0556183081,0.0544476698,0.054731879,176956207.99,5032395890.81,2023-01-04 23:59:59.999000+00:00,TRON_01_01_2023-01_01_2024_historical_data_coinmarketcap.csv,TRON,2023,1,4,0,23,7,20
2023-01-03 00:00:00+00:00,2023-01-03 23:59:59.999000+00:00,2023-01-03 06:37:00+00:00,2023-01-03 23:45:00+00:00,2781,0.0551593281,0.0554949786,0.054788606,0.0548329021,130813321.87,5041961591.27,2023-01-03 23:59:59.999000+00:00,TRON_01_01_2023-01_01_2024_historical_data_coinmarketcap.csv,TRON,2023,1,3,0,23,6,23
2023-01-02 00:00:00+00:00,2023-01-02 23:59:59.999000+00:00,2023-01-02 12:03:00+00:00,2023-01-02 03:31:00+00:00,2781,0.0548176208,0.0553941009,0.0545049721,0.0551565193,138920680.2,5071988386.97,2023-01-02 23:59:59.999000+00:00,TRON_01_01_2023-01_01_2024_historical_data_coinmarketcap.csv,TRON,2023,1,2,0,23,12,3
2023-01-01 00:00:00+00:00,2023-01-01 23:59:59.999000+00:00,2023-01-01 20:37:00+00:00,2023-01-01 09:09:00+00:00,2781,0.0544977752,0.0549360969,0.0544570731,0.0548196737,100273280.18,5041253171.65,2023-01-01 23:59:59.999000+00:00,TRON_01_01_2023-01_01_2024_historical_data_coinmarketcap.csv,TRON,2023,1,1,0,23,20,9
2024-12-31 00:00:00+00:00,2024-12-31 23:59:59.999000+00:00,2024-12-31 14:35:00+00:00,2024-12-31 01:17:00+00:00,2781,0.2529658604,0.2571423464,0.2510479546,0.2542083783,591505440.53,21911953418.4,2024-12-31 23:59:59.999000+00:00,TRON_01_01_2024-01_01_2025_historical_data_coinmarketcap.csv,TRON,2024,12,31,0,23,14,1
2024-12-30 00:00:00+00:00,2024-12-30 23:59:59.999000+00:00,2024-12-30 03:10:00+00:00,2024-12-30 16:52:00+00:00,2781,0.257286274,0.2591945998,0.2503487392,0.2529658604,903322164.38,21805342213.96,2024-12-30 23:59:59.999000+00:00,TRON_01_01_2024-01_01_2025_historical_data_coinmarketcap.csv,TRON,2024,12,30,0,23,3,16
2024-12-29 00:00:00+00:00,2024-12-29 23:59:59.999000+00:00,2024-12-29 08:46:00+00:00,2024-12-29 23:21:00+00:00,2781,0.2578981338,0.2627577161,0.2563149344,0.2572862091,780016563.52,22178565873.3,2024-12-29 23:59:59.999000+00:00,TRON_01_01_2024-01_01_2025_historical_data_coinmarketcap.csv,TRON,2024,12,29,0,23,8,23
2024-12-28 00:00:00+00:00,2024-12-28 23:59:59.999000+00:00,2024-12-28 00:57:00+00:00,2024-12-28 16:16:00+00:00,2781,0.2587919146,0.2626203172,0.2563270504,0.2578981338,616275034.61,22231463898.06,2024-12-28 23:59:59.999000+00:00,TRON_01_01_2024-01_01_2025_historical_data_coinmarketcap.csv,TRON,2024,12,28,0,23,0,16
2024-12-27 00:00:00+00:00,2024-12-27 23:59:59.999000+00:00,2024-12-27 12:29:00+00:00,2024-12-27 00:40:00+00:00,2781,0.2534081022,0.2649203929,0.2528386314,0.2587919146,1301028136.36,22310648775.67,2024-12-27 23:59:59.999000+00:00,TRON_01_01_2024-01_01_2025_historical_data_coinmarketcap.csv,TRON,2024,12,27,0,23,12,0
2024-12-26 00:00:00+00:00,2024-12-26 23:59:59.999000+00:00,2024-12-26 00:20:00+00:00,2024-12-26 08:41:00+00:00,2781,0.2577452868,0.2586632081,0.2496766908,0.2535724693,915626819.86,21859549178.69,2024-12-26 23:59:59.999000+00:00,TRON_01_01_2024-01_01_2025_historical_data_coinmarketcap.csv,TRON,2024,12,26,0,23,0,8
2024-12-25 00:00:00+00:00,2024-12-25 23:59:59.999000+00:00,2024-12-25 11:38:00+00:00,2024-12-25 00:44:00+00:00,2781,0.2563319796,0.2584957814,0.2554736562,0.2577452868,710269955.53,22219873966.87,2024-12-25 23:59:59.999000+00:00,TRON_01_01_2024-01_01_2025_historical_data_coinmarketcap.csv,TRON,2024,12,25,0,23,11,0
2024-12-24 00:00:00+00:00,2024-12-24 23:59:59.999000+00:00,2024-12-24 16:27:00+00:00,2024-12-24 02:22:00+00:00,2781,0.2521335735,0.2590121091,0.2502257759,0.2563319796,853884488.57,22098463980.03,2024-12-24 23:59:59.999000+00:00,TRON_01_01_2024-01_01_2025_historical_data_coinmarketcap.csv,TRON,2024,12,24,0,23,16,2
2024-12-23 00:00:00+00:00,2024-12-23 23:59:59.999000+00:00,2024-12-23 23:10:00+00:00,2024-12-23 01:22:00+00:00,2781,0.2438872517,0.2532765696,0.2415734754,0.2521335735,1283469984.37,21737256282.81,2024-12-23 23:59:59.999000+00:00,TRON_01_01_2024-01_01_2025_historical_data_coinmarketcap.csv,TRON,2024,12,23,0,23,23,1
2024-12-22 00:00:00+00:00,2024-12-22 23:59:59.999000+00:00,2024-12-22 13:46:00+00:00,2024-12-22 20:21:00+00:00,2781,0.2447753367,0.2499652902,0.2417766268,0.2438872517,1093041012.55,21027208092.42,2024-12-22 23:59:59.999000+00:00,TRON_01_01_2024-01_01_2025_historical_data_coinmarketcap.csv,TRON,2024,12,22,0,23,13,20
2024-12-21 00:00:00+00:00,2024-12-21 23:59:59.999000+00:00,2024-12-21 07:55:00+00:00,2024-12-21 19:40:00+00:00,2781,0.2485655245,0.2555412642,0.2421863043,0.2447753367,1294992803.98,21103960757.38,2024-12-21 23:59:59.999000+00:00,TRON_01_01_2024-01_01_2025_historical_data_coinmarketcap.csv,TRON,2024,12,21,0,23,7,19
2024-12-20 00:00:00+00:00,2024-12-20 23:59:59.999000+00:00,2024-12-20 03:19:00+00:00,2024-12-20 12:02:00+00:00,2781,0.2514855439,0.2540487994,0.2248454961,0.2485655245,2108768957.15,21431151281.09,2024-12-20 23:59:59.999000+00:00,TRON_01_01_2024-01_01_2025_historical_data_coinmarketcap.csv,TRON,2024,12,20,0,23,3,12
2024-12-19 00:00:00+00:00,2024-12-19 23:59:59.999000+00:00,2024-12-19 10:58:00+00:00,2024-12-19 20:17:00+00:00,2781,0.2579820237,0.2660473347,0.2444287619,0.2514855439,2034219897.67,21684163034.63,2024-12-19 23:59:59.999000+00:00,TRON_01_01_2024-01_01_2025_historical_data_coinmarketcap.csv,TRON,2024,12,19,0,23,10,20
2024-12-18 00:00:00+00:00,2024-12-18 23:59:59.999000+00:00,2024-12-18 01:19:00+00:00,2024-12-18 23:56:00+00:00,2781,0.2793076633,0.2811698045,0.2578170143,0.2579785133,1785826783.21,22245495489.82,2024-12-18 23:59:59.999000+00:00,TRON_01_01_2024-01_01_2025_historical_data_coinmarketcap.csv,TRON,2024,12,18,0,23,1,23
2024-12-17 00:00:00+00:00,2024-12-17 23:59:59.999000+00:00,2024-12-17 12:55:00+00:00,2024-12-17 23:16:00+00:00,2781,0.2967093151,0.2969840374,0.2781093537,0.2793044462,1828006295.48,24085510971.55,2024-12-17 23:59:59.999000+00:00,TRON_01_01_2024-01_01_2025_historical_data_coinmarketcap.csv,TRON,2024,12,17,0,23,12,23
2024-12-16 00:00:00+00:00,2024-12-16 23:59:59.999000+00:00,2024-12-16 21:10:00+00:00,2024-12-16 13:19:00+00:00,2781,0.2852961797,0.3044032334,0.276844903,0.2967093151,2009690176.84,25587394863.98,2024-12-16 23:59:59.999000+00:00,TRON_01_01_2024-01_01_2025_historical_data_coinmarketcap.csv,TRON,2024,12,16,0,23,21,13
2024-12-15 00:00:00+00:00,2024-12-15 23:59:59.999000+00:00,2024-12-15 14:29:00+00:00,2024-12-15 07:46:00+00:00,2781,0.2822444587,0.2863397291,0.2756915482,0.2852961797,816567663.82,24604553260.97,2024-12-15 23:59:59.999000+00:00,TRON_01_01_2024-01_01_2025_historical_data_coinmarketcap.csv,TRON,2024,12,15,0,23,14,7
2024-12-14 00:00:00+00:00,2024-12-14 23:59:59.999000+00:00,2024-12-14 09:23:00+00:00,2024-12-14 20:58:00+00:00,2781,0.2906586923,0.2969929367,0.2779956294,0.2822444587,1068522043.97,24341782033.54,2024-12-14 23:59:59.999000+00:00,TRON_01_01_2024-01_01_2025_historical_data_coinmarketcap.csv,TRON,2024,12,14,0,23,9,20
2024-12-13 00:00:00+00:00,2024-12-13 23:59:59.999000+00:00,2024-12-13 00:42:00+00:00,2024-12-13 16:07:00+00:00,2781,0.2972306404,0.3018813922,0.2847929146,0.2906586923,1454332521.97,25067922877.59,2024-12-13 23:59:59.999000+00:00,TRON_01_01_2024-01_01_2025_historical_data_coinmarketcap.csv,TRON,2024,12,13,0,23,0,16
2024-12-12 00:00:00+00:00,2024-12-12 23:59:59.999000+00:00,2024-12-12 18:56:00+00:00,2024-12-12 00:58:00+00:00,2781,0.2824804864,0.3094274149,0.2813074444,0.2972261187,2677027100.71,25635458971.22,2024-12-12 23:59:59.999000+00:00,TRON_01_01_2024-01_01_2025_historical_data_coinmarketcap.csv,TRON,2024,12,12,0,23,18,0
2024-12-11 00:00:00+00:00,2024-12-11 23:59:59.999000+00:00,2024-12-11 16:22:00+00:00,2024-12-11 02:05:00+00:00,2781,0.2699579466,0.2870627956,0.2620072357,0.2824820968,1651342023.53,24364763712.3,2024-12-11 23:59:59.999000+00:00,TRON_01_01_2024-01_01_2025_historical_data_coinmarketcap.csv,TRON,2024,12,11,0,23,16,2
2024-12-10 00:00:00+00:00,2024-12-10 23:59:59.999000+00:00,2024-12-10 10:14:00+00:00,2024-12-10 03:30:00+00:00,2781,0.2632996872,0.2792981976,0.2450662625,0.2699579466,2504928985.07,23285849707.96,2024-12-10 23:59:59.999000+00:00,TRON_01_01_2024-01_01_2025_historical_data_coinmarketcap.csv,TRON,2024,12,10,0,23,10,3
2024-12-09 00:00:00+00:00,2024-12-09 23:59:59.999000+00:00,2024-12-09 00:22:00+00:00,2024-12-09 22:25:00+00:00,2781,0.3188319416,0.3204848592,0.2493119568,0.2633001319,2277776840.75,22713158758.63,2024-12-09 23:59:59.999000+00:00,TRON_01_01_2024-01_01_2025_historical_data_coinmarketcap.csv,TRON,2024,12,9,0,23,0,22
2024-12-08 00:00:00+00:00,2024-12-08 23:59:59.999000+00:00,2024-12-08 03:34:00+00:00,2024-12-08 10:28:00+00:00,2781,0.3215354178,0.3231809107,0.309094737,0.3188233407,1170444145.72,27505368610.94,2024-12-08 23:59:59.999000+00:00,TRON_01_01_2024-01_01_2025_historical_data_coinmarketcap.csv,TRON,2024,12,8,0,23,3,10
2024-12-07 00:00:00+00:00,2024-12-07 23:59:59.999000+00:00,2024-12-07 05:28:00+00:00,2024-12-07 20:02:00+00:00,2781,0.3259796751,0.3351575009,0.3179279191,0.3193116302,1549520534.37,27547322063.24,2024-12-07 23:59:59.999000+00:00,TRON_01_01_2024-01_01_2025_historical_data_coinmarketcap.csv,TRON,2024,12,7,0,23,5,20
2024-12-06 00:00:00+00:00,2024-12-06 23:59:59.999000+00:00,2024-12-06 05:58:00+00:00,2024-12-06 12:59:00+00:00,2781,0.3221927886,0.3291228622,0.3104586363,0.3259847358,2148538341.98,28123320140.6,2024-12-06 23:59:59.999000+00:00,TRON_01_01_2024-01_01_2025_historical_data_coinmarketcap.csv,TRON,2024,12,6,0,23,5,12
2024-12-05 00:00:00+00:00,2024-12-05 23:59:59.999000+00:00,2024-12-05 12:17:00+00:00,2024-12-05 03:55:00+00:00,2781,0.3323908241,0.3449569405,0.3146592429,0.3192401021,5740350051.16,27544940509.45,2024-12-05 23:59:59.999000+00:00,TRON_01_01_2024-01_01_2025_historical_data_coinmarketcap.csv,TRON,2024,12,5,0,23,12,3
2024-12-04 00:00:00+00:00,2024-12-04 23:59:59.999000+00:00,2024-12-04 00:12:00+00:00,2024-12-04 17:16:00+00:00,2781,0.426074361,0.4363182051,0.3236110885,0.3323989053,9548981748.88,28680174988.7,2024-12-04 23:59:59.999000+00:00,TRON_01_01_2024-01_01_2025_historical_data_coinmarketcap.csv,TRON,2024,12,4,0,23,0,17
2024-12-03 00:00:00+00:00,2024-12-03 23:59:59.999000+00:00,2024-12-03 23:31:00+00:00,2024-12-03 00:00:00+00:00,2781,0.2203557117,0.4406747153,0.2203556636,0.4259922996,10927250059.14,36766337722.5,2024-12-03 23:59:59.999000+00:00,TRON_01_01_2024-01_01_2025_historical_data_coinmarketcap.csv,TRON,2024,12,3,0,23,23,0
2024-12-02 00:00:00+00:00,2024-12-02 23:59:59.999000+00:00,2024-12-02 23:59:00+00:00,2024-12-02 11:01:00+00:00,2781,0.207340201,0.2203494801,0.2038899086,0.2203448774,1833916030.76,19016273188.3,2024-12-02 23:59:59.999000+00:00,TRON_01_01_2024-01_01_2025_historical_data_coinmarketcap.csv,TRON,2024,12,2,0,23,23,11
2024-12-01 00:00:00+00:00,2024-12-01 23:59:59.999000+00:00,2024-12-01 12:17:00+00:00,2024-12-01 02:46:00+00:00,2781,0.2051654192,0.2097279781,0.2025410527,0.207340201,646018228.51,17894635598.37,2024-12-01 23:59:59.999000+00:00,TRON_01_01_2024-01_01_2025_historical_data_coinmarketcap.csv,TRON,2024,12,1,0,23,12,2
2024-11-30 00:00:00+00:00,2024-11-30 23:59:59.999000+00:00,2024-11-30 21:27:00+00:00,2024-11-30 00:46:00+00:00,2781,0.2044959305,0.2071866192,0.2027345756,0.2051668755,531481255.63,17707595664.31,2024-11-30 23:59:59.999000+00:00,TRON_01_01_2024-01_01_2025_historical_data_coinmarketcap.csv,TRON,2024,11,30,0,23,21,0
2024-11-29 00:00:00+00:00,2024-11-29 23:59:59.999000+00:00,2024-11-29 15:17:00+00:00,2024-11-29 08:01:00+00:00,2781,0.2033564249,0.2071423855,0.201116516,0.2044959305,595797501.05,17650585569.28,2024-11-29 23:59:59.999000+00:00,TRON_01_01_2024-01_01_2025_historical_data_coinmarketcap.csv,TRON,2024,11,29,0,23,15,8
2024-11-28 00:00:00+00:00,2024-11-28 23:59:59.999000+00:00,2024-11-28 23:34:00+00:00,2024-11-28 08:15:00+00:00,2781,0.2012546317,0.2035332171,0.1980311511,0.2033555623,756470137.18,17553506454.14,2024-11-28 23:59:59.999000+00:00,TRON_01_01_2024-01_01_2025_historical_data_coinmarketcap.csv,TRON,2024,11,28,0,23,23,8
2024-11-27 00:00:00+00:00,2024-11-27 23:59:59.999000+00:00,2024-11-27 15:54:00+00:00,2024-11-27 01:05:00+00:00,2781,0.1943675783,0.2022170445,0.1937684577,0.201254505,762314716.06,17373055603.8,2024-11-27 23:59:59.999000+00:00,TRON_01_01_2024-01_01_2025_historical_data_coinmarketcap.csv,TRON,2024,11,27,0,23,15,1
2024-11-26 00:00:00+00:00,2024-11-26 23:59:59.999000+00:00,2024-11-26 05:41:00+00:00,2024-11-26 11:43:00+00:00,2781,0.1960509043,0.2007958797,0.1867908589,0.1943675783,1328602563.29,16779615927.33,2024-11-26 23:59:59.999000+00:00,TRON_01_01_2024-01_01_2025_historical_data_coinmarketcap.csv,TRON,2024,11,26,0,23,5,11
2024-11-25 00:00:00+00:00,2024-11-25 23:59:59.999000+00:00,2024-11-25 09:40:00+00:00,2024-11-25 22:41:00+00:00,2781,0.2088323687,0.2121746224,0.1942665461,0.1960535968,1234045659.72,16926371783.15,2024-11-25 23:59:59.999000+00:00,TRON_01_01_2024-01_01_2025_historical_data_coinmarketcap.csv,TRON,2024,11,25,0,23,9,22
2024-11-24 00:00:00+00:00,2024-11-24 23:59:59.999000+00:00,2024-11-24 08:06:00+00:00,2024-11-24 16:04:00+00:00,2781,0.2121713498,0.2172587124,0.2016640892,0.2088326907,1275286058.01,18029307120.22,2024-11-24 23:59:59.999000+00:00,TRON_01_01_2024-01_01_2025_historical_data_coinmarketcap.csv,TRON,2024,11,24,0,23,8,16
2024-11-23 00:00:00+00:00,2024-11-23 23:59:59.999000+00:00,2024-11-23 14:17:00+00:00,2024-11-23 00:00:00+00:00,2781,0.2048008727,0.2244084461,0.2047965271,0.2121713498,1541450569.13,18319763914.25,2024-11-23 23:59:59.999000+00:00,TRON_01_01_2024-01_01_2025_historical_data_coinmarketcap.csv,TRON,2024,11,23,0,23,14,0
2024-11-22 00:00:00+00:00,2024-11-22 23:59:59.999000+00:00,2024-11-22 23:59:00+00:00,2024-11-22 13:47:00+00:00,2781,0.1986429077,0.2048009322,0.1972259387,0.2048009322,838523779.64,17683999351.42,2024-11-22 23:59:59.999000+00:00,TRON_01_01_2024-01_01_2025_historical_data_coinmarketcap.csv,TRON,2024,11,22,0,23,23,13
2024-11-21 00:00:00+00:00,2024-11-21 23:59:59.999000+00:00,2024-11-21 13:52:00+00:00,2024-11-21 02:47:00+00:00,2781,0.1948975708,0.2012708695,0.1933250215,0.1986437007,902777271.4,17153359001.07,2024-11-21 23:59:59.999000+00:00,TRON_01_01_2024-01_01_2025_historical_data_coinmarketcap.csv,TRON,2024,11,21,0,23,13,2
2024-11-20 00:00:00+00:00,2024-11-20 23:59:59.999000+00:00,2024-11-20 00:00:00+00:00,2024-11-20 19:30:00+00:00,2781,0.1998697313,0.1998701872,0.1935731174,0.1948972479,734618512.0,16831050379.67,2024-11-20 23:59:59.999000+00:00,TRON_01_01_2024-01_01_2025_historical_data_coinmarketcap.csv,TRON,2024,11,20,0,23,0,19
2024-11-19 00:00:00+00:00,2024-11-19 23:59:59.999000+00:00,2024-11-19 06:46:00+00:00,2024-11-19 22:34:00+00:00,2781,0.2021771234,0.2061822291,0.1989565731,0.1998697313,818431430.72,17261574117.91,2024-11-19 23:59:59.999000+00:00,TRON_01_01_2024-01_01_2025_historical_data_coinmarketcap.csv,TRON,2024,11,19,0,23,6,22
2024-11-18 00:00:00+00:00,2024-11-18 23:59:59.999000+00:00,2024-11-18 17:34:00+00:00,2024-11-18 00:01:00+00:00,2781,0.1994859629,0.2069739563,0.1994616618,0.2021771234,934709514.61,17462021646.04,2024-11-18 23:59:59.999000+00:00,TRON_01_01_2024-01_01_2025_historical_data_coinmarketcap.csv,TRON,2024,11,18,0,23,17,0
2024-11-17 00:00:00+00:00,2024-11-17 23:59:59.999000+00:00,2024-11-17 00:17:00+00:00,2024-11-17 02:17:00+00:00,2781,0.2000625113,0.2012811869,0.1929287567,0.1994882393,766910954.7,17230998588.84,2024-11-17 23:59:59.999000+00:00,TRON_01_01_2024-01_01_2025_historical_data_coinmarketcap.csv,TRON,2024,11,17,0,23,0,2
2024-11-16 00:00:00+00:00,2024-11-16 23:59:59.999000+00:00,2024-11-16 18:15:00+00:00,2024-11-16 05:05:00+00:00,2781,0.1909370621,0.2041250076,0.1887909875,0.2000625113,1101999412.16,17281019110.26,2024-11-16 23:59:59.999000+00:00,TRON_01_01_2024-01_01_2025_historical_data_coinmarketcap.csv,TRON,2024,11,16,0,23,18,5
2024-11-15 00:00:00+00:00,2024-11-15 23:59:59.999000+00:00,2024-11-15 22:15:00+00:00,2024-11-15 01:28:00+00:00,2781,0.1764213462,0.1898510945,0.1762288522,0.1893673982,1127834911.13,16357798913.71,2024-11-15 23:59:59.999000+00:00,TRON_01_01_2024-01_01_2025_historical_data_coinmarketcap.csv,TRON,2024,11,15,0,23,22,1
2024-11-14 00:00:00+00:00,2024-11-14 23:59:59.999000+00:00,2024-11-14 14:35:00+00:00,2024-11-14 23:43:00+00:00,2781,0.1771095858,0.1844289133,0.1760929897,0.1764213462,1021784490.15,15240634180.88,2024-11-14 23:59:59.999000+00:00,TRON_01_01_2024-01_01_2025_historical_data_coinmarketcap.csv,TRON,2024,11,14,0,23,14,23
2024-11-13 00:00:00+00:00,2024-11-13 23:59:59.999000+00:00,2024-11-13 00:46:00+00:00,2024-11-13 04:53:00+00:00,2781,0.188073106,0.1919478384,0.1746187064,0.1771095858,1390541137.66,15301192686.95,2024-11-13 23:59:59.999000+00:00,TRON_01_01_2024-01_01_2025_historical_data_coinmarketcap.csv,TRON,2024,11,13,0,23,0,4
2024-11-12 00:00:00+00:00,2024-11-12 23:59:59.999000+00:00,2024-11-12 20:59:00+00:00,2024-11-12 10:01:00+00:00,2781,0.1678418838,0.1898329844,0.165154166,0.1880787352,2072659419.62,16249642379.78,2024-11-12 23:59:59.999000+00:00,TRON_01_01_2024-01_01_2025_historical_data_coinmarketcap.csv,TRON,2024,11,12,0,23,20,10
2024-11-11 00:00:00+00:00,2024-11-11 23:59:59.999000+00:00,2024-11-11 23:56:00+00:00,2024-11-11 06:25:00+00:00,2781,0.1640750167,0.1678714965,0.1638126733,0.1678418838,754530864.88,14502916389.3,2024-11-11 23:59:59.999000+00:00,TRON_01_01_2024-01_01_2025_historical_data_coinmarketcap.csv,TRON,2024,11,11,0,23,23,6
2024-11-10 00:00:00+00:00,2024-11-10 23:59:59.999000+00:00,2024-11-10 18:15:00+00:00,2024-11-10 01:12:00+00:00,2781,0.1621307842,0.1668505912,0.1613815785,0.1640750167,670683920.53,14178405466.6,2024-11-10 23:59:59.999000+00:00,TRON_01_01_2024-01_01_2025_historical_data_coinmarketcap.csv,TRON,2024,11,10,0,23,18,1
2024-11-09 00:00:00+00:00,2024-11-09 23:59:59.999000+00:00,2024-11-09 23:59:00+00:00,2024-11-09 03:59:00+00:00,2781,0.1610610345,0.1621307842,0.1599923443,0.1621307842,283528689.59,14010651206.36,2024-11-09 23:59:59.999000+00:00,TRON_01_01_2024-01_01_2025_historical_data_coinmarketcap.csv,TRON,2024,11,9,0,23,23,3
2024-11-08 00:00:00+00:00,2024-11-08 23:59:59.999000+00:00,2024-11-08 13:04:00+00:00,2024-11-08 02:54:00+00:00,2781,0.1602976614,0.1619862859,0.1601156162,0.1610610345,307266130.36,13919184558.91,2024-11-08 23:59:59.999000+00:00,TRON_01_01_2024-01_01_2025_historical_data_coinmarketcap.csv,TRON,2024,11,8,0,23,13,2
2024-11-07 00:00:00+00:00,2024-11-07 23:59:59.999000+00:00,2024-11-07 03:52:00+00:00,2024-11-07 14:55:00+00:00,2781,0.1624749958,0.1629223458,0.1598409491,0.1602975848,449111130.79,13854139163.56,2024-11-07 23:59:59.999000+00:00,TRON_01_01_2024-01_01_2025_historical_data_coinmarketcap.csv,TRON,2024,11,7,0,23,3,14
2024-11-06 00:00:00+00:00,2024-11-06 23:59:59.999000+00:00,2024-11-06 12:46:00+00:00,2024-11-06 00:04:00+00:00,2781,0.1600820598,0.1640459702,0.160069934,0.1624749958,539826123.05,14043250612.14,2024-11-06 23:59:59.999000+00:00,TRON_01_01_2024-01_01_2025_historical_data_coinmarketcap.csv,TRON,2024,11,6,0,23,12,0
2024-11-05 00:00:00+00:00,2024-11-05 23:59:59.999000+00:00,2024-11-05 00:19:00+00:00,2024-11-05 22:25:00+00:00,2781,0.1628413397,0.1631006718,0.1599198679,0.1600820598,360315256.34,13837508464.97,2024-11-05 23:59:59.999000+00:00,TRON_01_01_2024-01_01_2025_historical_data_coinmarketcap.csv,TRON,2024,11,5,0,23,0,22
2024-11-04 00:00:00+00:00,2024-11-04 23:59:59.999000+00:00,2024-11-04 04:52:00+00:00,2024-11-04 22:32:00+00:00,2781,0.1651630423,0.1655974715,0.1626126953,0.1628413397,334207818.84,14077009005.78,2024-11-04 23:59:59.999000+00:00,TRON_01_01_2024-01_01_2025_historical_data_coinmarketcap.csv,TRON,2024,11,4,0,23,4,22
2024-11-03 00:00:00+00:00,2024-11-03 23:59:59.999000+00:00,2024-11-03 00:04:00+00:00,2024-11-03 15:08:00+00:00,2781,0.166031547,0.1661883892,0.1632197248,0.1651630423,310262026.89,14278601369.36,2024-11-03 23:59:59.999000+00:00,TRON_01_01_2024-01_01_2025_historical_data_coinmarketcap.csv,TRON,2024,11,3,0,23,0,15
2024-11-02 00:00:00+00:00,2024-11-02 23:59:59.999000+00:00,2024-11-02 02:34:00+00:00,2024-11-02 23:21:00+00:00,2781,0.1673129056,0.1676084169,0.1659264772,0.166031547,236754661.53,14354035793.3,2024-11-02 23:59:59.999000+00:00,TRON_01_01_2024-01_01_2025_historical_data_coinmarketcap.csv,TRON,2024,11,2,0,23,2,23
2024-11-01 00:00:00+00:00,2024-11-01 23:59:59.999000+00:00,2024-11-01 00:50:00+00:00,2024-11-01 16:08:00+00:00,2781,0.1681704316,0.1684850181,0.1663452452,0.1673129056,387638211.61,14465280338.11,2024-11-01 23:59:59.999000+00:00,TRON_01_01_2024-01_01_2025_historical_data_coinmarketcap.csv,TRON,2024,11,1,0,23,0,16
2024-10-31 00:00:00+00:00,2024-10-31 23:59:59.999000+00:00,2024-10-31 11:37:00+00:00,2024-10-31 20:58:00+00:00,2781,0.1692590336,0.1703401379,0.1676099501,0.1681702892,379762275.97,14540389388.72,2024-10-31 23:59:59.999000+00:00,TRON_01_01_2024-01_01_2025_historical_data_coinmarketcap.csv,TRON,2024,10,31,0,23,11,20
2024-10-30 00:00:00+00:00,2024-10-30 23:59:59.999000+00:00,2024-10-30 20:51:00+00:00,2024-10-30 00:09:00+00:00,2781,0.1662306815,0.1696940789,0.1659808629,0.1692590336,394070697.39,14635446404.1,2024-10-30 23:59:59.999000+00:00,TRON_01_01_2024-01_01_2025_historical_data_coinmarketcap.csv,TRON,2024,10,30,0,23,20,0
2024-10-29 00:00:00+00:00,2024-10-29 23:59:59.999000+00:00,2024-10-29 23:59:00+00:00,2024-10-29 00:13:00+00:00,2781,0.1639971307,0.1662386173,0.1639375529,0.1662308418,407987206.41,14374417476.1,2024-10-29 23:59:59.999000+00:00,TRON_01_01_2024-01_01_2025_historical_data_coinmarketcap.csv,TRON,2024,10,29,0,23,23,0
2024-10-28 00:00:00+00:00,2024-10-28 23:59:59.999000+00:00,2024-10-28 22:12:00+00:00,2024-10-28 06:33:00+00:00,2781,0.1638713072,0.1642564637,0.1630217841,0.1639971307,308378237.88,14182204951.89,2024-10-28 23:59:59.999000+00:00,TRON_01_01_2024-01_01_2025_historical_data_coinmarketcap.csv,TRON,2024,10,28,0,23,22,6
2024-10-27 00:00:00+00:00,2024-10-27 23:59:59.999000+00:00,2024-10-27 03:27:00+00:00,2024-10-27 23:50:00+00:00,2781,0.1649430614,0.1660302506,0.1638469965,0.1638713072,277038825.68,14172179945.23,2024-10-27 23:59:59.999000+00:00,TRON_01_01_2024-01_01_2025_historical_data_coinmarketcap.csv,TRON,2024,10,27,0,23,3,23
2024-10-26 00:00:00+00:00,2024-10-26 23:59:59.999000+00:00,2024-10-26 11:43:00+00:00,2024-10-26 00:08:00+00:00,2781,0.1622154941,0.1651256624,0.1621744691,0.1649430614,312412806.06,14265158874.03,2024-10-26 23:59:59.999000+00:00,TRON_01_01_2024-01_01_2025_historical_data_coinmarketcap.csv,TRON,2024,10,26,0,23,11,0
2024-10-25 00:00:00+00:00,2024-10-25 23:59:59.999000+00:00,2024-10-25 13:19:00+00:00,2024-10-25 23:52:00+00:00,2781,0.1645779068,0.1666484776,0.1619586566,0.1622154941,526759034.52,14029798225.36,2024-10-25 23:59:59.999000+00:00,TRON_01_01_2024-01_01_2025_historical_data_coinmarketcap.csv,TRON,2024,10,25,0,23,13,23
2024-10-24 00:00:00+00:00,2024-10-24 23:59:59.999000+00:00,2024-10-24 21:25:00+00:00,2024-10-24 00:02:00+00:00,2781,0.1602215948,0.1648862735,0.1601864085,0.1645779068,356686460.78,14235043854.03,2024-10-24 23:59:59.999000+00:00,TRON_01_01_2024-01_01_2025_historical_data_coinmarketcap.csv,TRON,2024,10,24,0,23,21,0
2024-10-23 00:00:00+00:00,2024-10-23 23:59:59.999000+00:00,2024-10-23 04:40:00+00:00,2024-10-23 18:21:00+00:00,2781,0.1600836527,0.1605034463,0.1591852894,0.1602606683,296720485.14,13862361698.32,2024-10-23 23:59:59.999000+00:00,TRON_01_01_2024-01_01_2025_historical_data_coinmarketcap.csv,TRON,2024,10,23,0,23,4,18
2024-10-22 00:00:00+00:00,2024-10-22 23:59:59.999000+00:00,2024-10-22 22:58:00+00:00,2024-10-22 00:45:00+00:00,2781,0.1582948045,0.1606138474,0.1576143519,0.1600839472,311155708.36,13848067690.85,2024-10-22 23:59:59.999000+00:00,TRON_01_01_2024-01_01_2025_historical_data_coinmarketcap.csv,TRON,2024,10,22,0,23,22,0
2024-10-21 00:00:00+00:00,2024-10-21 23:59:59.999000+00:00,2024-10-21 21:10:00+00:00,2024-10-21 02:35:00+00:00,2781,0.1567259864,0.1586712938,0.1557267969,0.1582948045,321997139.03,13694156323.79,2024-10-21 23:59:59.999000+00:00,TRON_01_01_2024-01_01_2025_historical_data_coinmarketcap.csv,TRON,2024,10,21,0,23,21,2
2024-10-20 00:00:00+00:00,2024-10-20 23:59:59.999000+00:00,2024-10-20 00:00:00+00:00,2024-10-20 02:51:00+00:00,2781,0.1569005337,0.1569005337,0.1561028026,0.1567261346,206835223.82,13559297318.55,2024-10-20 23:59:59.999000+00:00,TRON_01_01_2024-01_01_2025_historical_data_coinmarketcap.csv,TRON,2024,10,20,0,23,0,2
2024-10-19 00:00:00+00:00,2024-10-19 23:59:59.999000+00:00,2024-10-19 03:16:00+00:00,2024-10-19 22:31:00+00:00,2781,0.1584829705,0.1586348607,0.1567855567,0.1568999652,229214919.23,13574781002.8,2024-10-19 23:59:59.999000+00:00,TRON_01_01_2024-01_01_2025_historical_data_coinmarketcap.csv,TRON,2024,10,19,0,23,3,22
2024-10-18 00:00:00+00:00,2024-10-18 23:59:59.999000+00:00,2024-10-18 17:16:00+00:00,2024-10-18 23:54:00+00:00,2781,0.1593050067,0.1594694248,0.1584603611,0.1584829705,254900302.86,13712120357.32,2024-10-18 23:59:59.999000+00:00,TRON_01_01_2024-01_01_2025_historical_data_coinmarketcap.csv,TRON,2024,10,18,0,23,17,23
2024-10-17 00:00:00+00:00,2024-10-17 23:59:59.999000+00:00,2024-10-17 10:05:00+00:00,2024-10-17 23:55:00+00:00,2781,0.1599915482,0.1604503247,0.1592390877,0.1593041878,261359736.5,13784041452.08,2024-10-17 23:59:59.999000+00:00,TRON_01_01_2024-01_01_2025_historical_data_coinmarketcap.csv,TRON,2024,10,17,0,23,10,23
2024-10-16 00:00:00+00:00,2024-10-16 23:59:59.999000+00:00,2024-10-16 23:00:00+00:00,2024-10-16 00:33:00+00:00,2781,0.1587330556,0.160155555,0.1584483983,0.1599915482,320841165.77,13844261541.91,2024-10-16 23:59:59.999000+00:00,TRON_01_01_2024-01_01_2025_historical_data_coinmarketcap.csv,TRON,2024,10,16,0,23,23,0
2024-10-15 00:00:00+00:00,2024-10-15 23:59:59.999000+00:00,2024-10-15 00:24:00+00:00,2024-10-15 15:11:00+00:00,2781,0.1604368336,0.1605128514,0.1578522611,0.1587319803,379560521.91,13736348874.27,2024-10-15 23:59:59.999000+00:00,TRON_01_01_2024-01_01_2025_historical_data_coinmarketcap.csv,TRON,2024,10,15,0,23,0,15
2024-10-14 00:00:00+00:00,2024-10-14 23:59:59.999000+00:00,2024-10-14 04:04:00+00:00,2024-10-14 12:04:00+00:00,2781,0.16261529,0.1629187937,0.1596602743,0.1604368336,416441290.53,13884913964.64,2024-10-14 23:59:59.999000+00:00,TRON_01_01_2024-01_01_2025_historical_data_coinmarketcap.csv,TRON,2024,10,14,0,23,4,12
2024-10-13 00:00:00+00:00,2024-10-13 23:59:59.999000+00:00,2024-10-13 14:34:00+00:00,2024-10-13 01:26:00+00:00,2781,0.1625094055,0.1633387869,0.1618884511,0.16261529,252312735.19,14074487463.6,2024-10-13 23:59:59.999000+00:00,TRON_01_01_2024-01_01_2025_historical_data_coinmarketcap.csv,TRON,2024,10,13,0,23,14,1
2024-10-12 00:00:00+00:00,2024-10-12 23:59:59.999000+00:00,2024-10-12 12:16:00+00:00,2024-10-12 02:39:00+00:00,2781,0.1597403652,0.1639212535,0.1590595805,0.1625094055,324423790.28,14065596242.98,2024-10-12 23:59:59.999000+00:00,TRON_01_01_2024-01_01_2025_historical_data_coinmarketcap.csv,TRON,2024,10,12,0,23,12,2
2024-10-11 00:00:00+00:00,2024-10-11 23:59:59.999000+00:00,2024-10-11 19:50:00+00:00,2024-10-11 02:58:00+00:00,2781,0.1587280093,0.1615153853,0.1579931699,0.1597403652,326040955.88,13826321505.87,2024-10-11 23:59:59.999000+00:00,TRON_01_01_2024-01_01_2025_historical_data_coinmarketcap.csv,TRON,2024,10,11,0,23,19,2
2024-10-10 00:00:00+00:00,2024-10-10 23:59:59.999000+00:00,2024-10-10 00:17:00+00:00,2024-10-10 20:46:00+00:00,2781,0.1604515986,0.1605141923,0.1585965539,0.1587280093,318140499.6,13739499274.46,2024-10-10 23:59:59.999000+00:00,TRON_01_01_2024-01_01_2025_historical_data_coinmarketcap.csv,TRON,2024,10,10,0,23,0,20
2024-10-09 00:00:00+00:00,2024-10-09 23:59:59.999000+00:00,2024-10-09 15:27:00+00:00,2024-10-09 01:54:00+00:00,2781,0.1598664862,0.1618007708,0.1594915474,0.1604529965,322784574.87,13889615033.83,2024-10-09 23:59:59.999000+00:00,TRON_01_01_2024-01_01_2025_historical_data_coinmarketcap.csv,TRON,2024,10,9,0,23,15,1
2024-10-08 00:00:00+00:00,2024-10-08 23:59:59.999000+00:00,2024-10-08 21:01:00+00:00,2024-10-08 07:32:00+00:00,2781,0.1558532904,0.1603233191,0.1556181529,0.1598664862,373856249.42,13839811731.77,2024-10-08 23:59:59.999000+00:00,TRON_01_01_2024-01_01_2025_historical_data_coinmarketcap.csv,TRON,2024,10,8,0,23,21,7
2024-10-07 00:00:00+00:00,2024-10-07 23:59:59.999000+00:00,2024-10-07 22:28:00+00:00,2024-10-07 01:28:00+00:00,2781,0.1542740817,0.1566557955,0.1538771234,0.1558532904,310973002.31,13493320565.14,2024-10-07 23:59:59.999000+00:00,TRON_01_01_2024-01_01_2025_historical_data_coinmarketcap.csv,TRON,2024,10,7,0,23,22,1
2024-10-06 00:00:00+00:00,2024-10-06 23:59:59.999000+00:00,2024-10-06 16:10:00+00:00,2024-10-06 05:00:00+00:00,2781,0.1536019553,0.1547468669,0.1531792246,0.1542740817,194538467.0,13357490598.22,2024-10-06 23:59:59.999000+00:00,TRON_01_01_2024-01_01_2025_historical_data_coinmarketcap.csv,TRON,2024,10,6,0,23,16,5
2024-10-05 00:00:00+00:00,2024-10-05 23:59:59.999000+00:00,2024-10-05 00:11:00+00:00,2024-10-05 21:58:00+00:00,2781,0.1565109872,0.1565899129,0.1535434902,0.1536019553,200736304.99,13299611672.35,2024-10-05 23:59:59.999000+00:00,TRON_01_01_2024-01_01_2025_historical_data_coinmarketcap.csv,TRON,2024,10,5,0,23,0,21
2024-10-04 00:00:00+00:00,2024-10-04 23:59:59.999000+00:00,2024-10-04 00:12:00+00:00,2024-10-04 23:30:00+00:00,2781,0.1576172365,0.1578143218,0.1564641642,0.1565109872,290440811.43,13551922912.34,2024-10-04 23:59:59.999000+00:00,TRON_01_01_2024-01_01_2025_historical_data_coinmarketcap.csv,TRON,2024,10,4,0,23,0,23
2024-10-03 00:00:00+00:00,2024-10-03 23:59:59.999000+00:00,2024-10-03 22:38:00+00:00,2024-10-03 12:11:00+00:00,2781,0.1544573624,0.1576422319,0.1536752913,0.1576172365,415443928.0,13648517825.61,2024-10-03 23:59:59.999000+00:00,TRON_01_01_2024-01_01_2025_historical_data_coinmarketcap.csv,TRON,2024,10,3,0,23,22,12
2024-10-02 00:00:00+00:00,2024-10-02 23:59:59.999000+00:00,2024-10-02 18:02:00+00:00,2024-10-02 00:31:00+00:00,2781,0.1536139789,0.1552879911,0.1531403353,0.1544573624,374157746.21,13375663963.18,2024-10-02 23:59:59.999000+00:00,TRON_01_01_2024-01_01_2025_historical_data_coinmarketcap.csv,TRON,2024,10,2,0,23,18,0
2024-10-01 00:00:00+00:00,2024-10-01 23:59:59.999000+00:00,2024-10-01 12:46:00+00:00,2024-10-01 20:43:00+00:00,2781,0.1559146941,0.1569824691,0.1532061778,0.1536139789,453944740.3,13303612948.64,2024-10-01 23:59:59.999000+00:00,TRON_01_01_2024-01_01_2025_historical_data_coinmarketcap.csv,TRON,2024,10,1,0,23,12,20
2024-09-30 00:00:00+00:00,2024-09-30 23:59:59.999000+00:00,2024-09-30 21:19:00+00:00,2024-09-30 04:47:00+00:00,2781,0.1564738116,0.1567464928,0.1548668806,0.1559146941,356554429.85,13504057475.62,2024-09-30 23:59:59.999000+00:00,TRON_01_01_2024-01_01_2025_historical_data_coinmarketcap.csv,TRON,2024,9,30,0,23,21,4
2024-09-29 00:00:00+00:00,2024-09-29 23:59:59.999000+00:00,2024-09-29 20:07:00+00:00,2024-09-29 00:56:00+00:00,2781,0.15506795,0.1575478904,0.1547645363,0.1564738116,265085145.77,13553733671.29,2024-09-29 23:59:59.999000+00:00,TRON_01_01_2024-01_01_2025_historical_data_coinmarketcap.csv,TRON,2024,9,29,0,23,20,0
2024-09-28 00:00:00+00:00,2024-09-28 23:59:59.999000+00:00,2024-09-28 04:28:00+00:00,2024-09-28 09:11:00+00:00,2781,0.1551700898,0.155402854,0.1539862548,0.1550678511,237118460.61,13432426316.64,2024-09-28 23:59:59.999000+00:00,TRON_01_01_2024-01_01_2025_historical_data_coinmarketcap.csv,TRON,2024,9,28,0,23,4,9
2024-09-27 00:00:00+00:00,2024-09-27 23:59:59.999000+00:00,2024-09-27 18:12:00+00:00,2024-09-27 00:03:00+00:00,2781,0.1532010313,0.1554924882,0.1531832038,0.1551700898,352985159.15,13441802444.79,2024-09-27 23:59:59.999000+00:00,TRON_01_01_2024-01_01_2025_historical_data_coinmarketcap.csv,TRON,2024,9,27,0,23,18,0
2024-09-26 00:00:00+00:00,2024-09-26 23:59:59.999000+00:00,2024-09-26 22:42:00+00:00,2024-09-26 01:47:00+00:00,2781,0.1500388455,0.1535141627,0.1494797959,0.1532006533,307154160.49,13272190759.64,2024-09-26 23:59:59.999000+00:00,TRON_01_01_2024-01_01_2025_historical_data_coinmarketcap.csv,TRON,2024,9,26,0,23,22,1
2024-09-25 00:00:00+00:00,2024-09-25 23:59:59.999000+00:00,2024-09-25 00:01:00+00:00,2024-09-25 23:37:00+00:00,2781,0.1512656221,0.1512821291,0.1499171207,0.1500426678,241028874.28,12999504767.06,2024-09-25 23:59:59.999000+00:00,TRON_01_01_2024-01_01_2025_historical_data_coinmarketcap.csv,TRON,2024,9,25,0,23,0,23
2024-09-24 00:00:00+00:00,2024-09-24 23:59:59.999000+00:00,2024-09-24 12:26:00+00:00,2024-09-24 19:37:00+00:00,2781,0.1523630348,0.1525319588,0.1509095402,0.1512656221,263209284.06,13106748512.32,2024-09-24 23:59:59.999000+00:00,TRON_01_01_2024-01_01_2025_historical_data_coinmarketcap.csv,TRON,2024,9,24,0,23,12,19
2024-09-23 00:00:00+00:00,2024-09-23 23:59:59.999000+00:00,2024-09-23 11:54:00+00:00,2024-09-23 02:31:00+00:00,2781,0.1518628086,0.1528800163,0.1513781814,0.1523630348,273500622.53,13202982369.63,2024-09-23 23:59:59.999000+00:00,TRON_01_01_2024-01_01_2025_historical_data_coinmarketcap.csv,TRON,2024,9,23,0,23,11,2
2024-09-22 00:00:00+00:00,2024-09-22 23:59:59.999000+00:00,2024-09-22 01:50:00+00:00,2024-09-22 17:08:00+00:00,2781,0.1521177575,0.1521590535,0.1510248485,0.1518628086,215262734.57,13160821972.31,2024-09-22 23:59:59.999000+00:00,TRON_01_01_2024-01_01_2025_historical_data_coinmarketcap.csv,TRON,2024,9,22,0,23,1,17
2024-09-21 00:00:00+00:00,2024-09-21 23:59:59.999000+00:00,2024-09-21 17:37:00+00:00,2024-09-21 05:17:00+00:00,2781,0.152094104,0.1525478497,0.1515070683,0.1521177575,181815443.86,13183378069.38,2024-09-21 23:59:59.999000+00:00,TRON_01_01_2024-01_01_2025_historical_data_coinmarketcap.csv,TRON,2024,9,21,0,23,17,5
2024-09-20 00:00:00+00:00,2024-09-20 23:59:59.999000+00:00,2024-09-20 06:49:00+00:00,2024-09-20 00:00:00+00:00,2781,0.151534857,0.1527807752,0.151534595,0.1520941156,281155593.08,13181921064.25,2024-09-20 23:59:59.999000+00:00,TRON_01_01_2024-01_01_2025_historical_data_coinmarketcap.csv,TRON,2024,9,20,0,23,6,0
2024-09-19 00:00:00+00:00,2024-09-19 23:59:59.999000+00:00,2024-09-19 16:13:00+00:00,2024-09-19 00:00:00+00:00,2781,0.149495419,0.1516676455,0.1494766132,0.151534857,298556385.1,13134571639.02,2024-09-19 23:59:59.999000+00:00,TRON_01_01_2024-01_01_2025_historical_data_coinmarketcap.csv,TRON,2024,9,19,0,23,16,0
2024-09-18 00:00:00+00:00,2024-09-18 23:59:59.999000+00:00,2024-09-18 08:16:00+00:00,2024-09-18 20:16:00+00:00,2781,0.1500584551,0.1502881486,0.1490762063,0.149495419,268834863.39,12958354136.72,2024-09-18 23:59:59.999000+00:00,TRON_01_01_2024-01_01_2025_historical_data_coinmarketcap.csv,TRON,2024,9,18,0,23,8,20
2024-09-17 00:00:00+00:00,2024-09-17 23:59:59.999000+00:00,2024-09-17 15:46:00+00:00,2024-09-17 00:01:00+00:00,2781,0.1488693305,0.1513056843,0.1488666771,0.1500584551,271737666.05,13007896102.03,2024-09-17 23:59:59.999000+00:00,TRON_01_01_2024-01_01_2025_historical_data_coinmarketcap.csv,TRON,2024,9,17,0,23,15,0
2024-09-16 00:00:00+00:00,2024-09-16 23:59:59.999000+00:00,2024-09-16 13:33:00+00:00,2024-09-16 03:07:00+00:00,2781,0.1489581701,0.1496446664,0.1478758296,0.1488694214,303035458.55,12905482994.94,2024-09-16 23:59:59.999000+00:00,TRON_01_01_2024-01_01_2025_historical_data_coinmarketcap.csv,TRON,2024,9,16,0,23,13,3
2024-09-15 00:00:00+00:00,2024-09-15 23:59:59.999000+00:00,2024-09-15 16:04:00+00:00,2024-09-15 12:16:00+00:00,2781,0.147521337,0.1495310622,0.1471132637,0.1489581701,228318597.09,12913938602.37,2024-09-15 23:59:59.999000+00:00,TRON_01_01_2024-01_01_2025_historical_data_coinmarketcap.csv,TRON,2024,9,15,0,23,16,12
2024-09-14 00:00:00+00:00,2024-09-14 23:59:59.999000+00:00,2024-09-14 00:01:00+00:00,2024-09-14 18:13:00+00:00,2781,0.1490706938,0.149075351,0.1471845287,0.147521337,228565241.9,12789760792.79,2024-09-14 23:59:59.999000+00:00,TRON_01_01_2024-01_01_2025_historical_data_coinmarketcap.csv,TRON,2024,9,14,0,23,0,18
2024-09-13 00:00:00+00:00,2024-09-13 23:59:59.999000+00:00,2024-09-13 00:00:00+00:00,2024-09-13 18:18:00+00:00,2781,0.1519744666,0.1519745427,0.1487003421,0.1490706938,289665015.49,12924501045.72,2024-09-13 23:59:59.999000+00:00,TRON_01_01_2024-01_01_2025_historical_data_coinmarketcap.csv,TRON,2024,9,13,0,23,0,18
2024-09-12 00:00:00+00:00,2024-09-12 23:59:59.999000+00:00,2024-09-12 09:06:00+00:00,2024-09-12 21:32:00+00:00,2781,0.1533687876,0.1543592974,0.1519191972,0.1519744666,279070623.46,13176998835.03,2024-09-12 23:59:59.999000+00:00,TRON_01_01_2024-01_01_2025_historical_data_coinmarketcap.csv,TRON,2024,9,12,0,23,9,21
2024-09-11 00:00:00+00:00,2024-09-11 23:59:59.999000+00:00,2024-09-11 20:47:00+00:00,2024-09-11 05:33:00+00:00,2781,0.1530802048,0.1534324882,0.1518389442,0.1533687876,296807897.42,13298652764.2,2024-09-11 23:59:59.999000+00:00,TRON_01_01_2024-01_01_2025_historical_data_coinmarketcap.csv,TRON,2024,9,11,0,23,20,5
2024-09-10 00:00:00+00:00,2024-09-10 23:59:59.999000+00:00,2024-09-10 00:01:00+00:00,2024-09-10 17:03:00+00:00,2781,0.1545112815,0.1545783063,0.1521485095,0.1530802787,293043279.26,13274436621.26,2024-09-10 23:59:59.999000+00:00,TRON_01_01_2024-01_01_2025_historical_data_coinmarketcap.csv,TRON,2024,9,10,0,23,0,17
2024-09-09 00:00:00+00:00,2024-09-09 23:59:59.999000+00:00,2024-09-09 16:35:00+00:00,2024-09-09 00:03:00+00:00,2781,0.1531909239,0.1549551784,0.1531617527,0.1545112815,329043708.59,13399450009.75,2024-09-09 23:59:59.999000+00:00,TRON_01_01_2024-01_01_2025_historical_data_coinmarketcap.csv,TRON,2024,9,9,0,23,16,0
2024-09-08 00:00:00+00:00,2024-09-08 23:59:59.999000+00:00,2024-09-08 22:25:00+00:00,2024-09-08 08:33:00+00:00,2781,0.1515695487,0.1533634601,0.1511657969,0.1531909239,312836454.51,13285911946.16,2024-09-08 23:59:59.999000+00:00,TRON_01_01_2024-01_01_2025_historical_data_coinmarketcap.csv,TRON,2024,9,8,0,23,22,8
2024-09-07 00:00:00+00:00,2024-09-07 23:59:59.999000+00:00,2024-09-07 15:26:00+00:00,2024-09-07 00:00:00+00:00,2781,0.1478595014,0.1520790604,0.1478595014,0.1515695487,296586155.47,13145675824.25,2024-09-07 23:59:59.999000+00:00,TRON_01_01_2024-01_01_2025_historical_data_coinmarketcap.csv,TRON,2024,9,7,0,23,15,0
2024-09-06 00:00:00+00:00,2024-09-06 23:59:59.999000+00:00,2024-09-06 02:13:00+00:00,2024-09-06 21:05:00+00:00,2781,0.1498036457,0.1501247789,0.1466870234,0.1478595014,362675671.3,12824507256.7,2024-09-06 23:59:59.999000+00:00,TRON_01_01_2024-01_01_2025_historical_data_coinmarketcap.csv,TRON,2024,9,6,0,23,2,21
2024-09-05 00:00:00+00:00,2024-09-05 23:59:59.999000+00:00,2024-09-05 11:31:00+00:00,2024-09-05 04:04:00+00:00,2781,0.1499825918,0.1511836964,0.1491852044,0.1498036457,320570406.96,12994170155.77,2024-09-05 23:59:59.999000+00:00,TRON_01_01_2024-01_01_2025_historical_data_coinmarketcap.csv,TRON,2024,9,5,0,23,11,4
2024-09-04 00:00:00+00:00,2024-09-04 23:59:59.999000+00:00,2024-09-04 04:29:00+00:00,2024-09-04 01:13:00+00:00,2781,0.1503547457,0.1520195283,0.1488973589,0.1499837747,439739570.03,13010647386.31,2024-09-04 23:59:59.999000+00:00,TRON_01_01_2024-01_01_2025_historical_data_coinmarketcap.csv,TRON,2024,9,4,0,23,4,1
2024-09-03 00:00:00+00:00,2024-09-03 23:59:59.999000+00:00,2024-09-03 02:38:00+00:00,2024-09-03 23:59:00+00:00,2781,0.154153468,0.1544707038,0.1503547457,0.1503547457,346130569.63,13043907862.82,2024-09-03 23:59:59.999000+00:00,TRON_01_01_2024-01_01_2025_historical_data_coinmarketcap.csv,TRON,2024,9,3,0,23,2,23
2024-09-02 00:00:00+00:00,2024-09-02 23:59:59.999000+00:00,2024-09-02 10:30:00+00:00,2024-09-02 21:58:00+00:00,2781,0.1556665405,0.1568575292,0.1538118649,0.154153468,355890963.01,13374512587.09,2024-09-02 23:59:59.999000+00:00,TRON_01_01_2024-01_01_2025_historical_data_coinmarketcap.csv,TRON,2024,9,2,0,23,10,21
2024-09-01 00:00:00+00:00,2024-09-01 23:59:59.999000+00:00,2024-09-01 00:15:00+00:00,2024-09-01 23:01:00+00:00,2781,0.1576659423,0.1577587018,0.1551468455,0.1556665405,330931374.89,13507094960.65,2024-09-01 23:59:59.999000+00:00,TRON_01_01_2024-01_01_2025_historical_data_coinmarketcap.csv,TRON,2024,9,1,0,23,0,23
2024-08-31 00:00:00+00:00,2024-08-31 23:59:59.999000+00:00,2024-08-31 01:04:00+00:00,2024-08-31 14:22:00+00:00,2781,0.1599475994,0.1601791037,0.1568132678,0.1576659423,326335017.01,13681642797.76,2024-08-31 23:59:59.999000+00:00,TRON_01_01_2024-01_01_2025_historical_data_coinmarketcap.csv,TRON,2024,8,31,0,23,1,14
2024-08-30 00:00:00+00:00,2024-08-30 23:59:59.999000+00:00,2024-08-30 08:34:00+00:00,2024-08-30 22:00:00+00:00,2781,0.1600043214,0.1616415889,0.1591894398,0.1599475994,437714087.74,13880766940.28,2024-08-30 23:59:59.999000+00:00,TRON_01_01_2024-01_01_2025_historical_data_coinmarketcap.csv,TRON,2024,8,30,0,23,8,22
2024-08-29 00:00:00+00:00,2024-08-29 23:59:59.999000+00:00,2024-08-29 14:14:00+00:00,2024-08-29 00:10:00+00:00,2781,0.1582211505,0.1613397127,0.1582010493,0.1600043214,435969861.39,13887327879.17,2024-08-29 23:59:59.999000+00:00,TRON_01_01_2024-01_01_2025_historical_data_coinmarketcap.csv,TRON,2024,8,29,0,23,14,0
2024-08-28 00:00:00+00:00,2024-08-28 23:59:59.999000+00:00,2024-08-28 11:52:00+00:00,2024-08-28 01:40:00+00:00,2781,0.1579593354,0.1597759683,0.1573819529,0.1582211533,535922120.66,13734314259.58,2024-08-28 23:59:59.999000+00:00,TRON_01_01_2024-01_01_2025_historical_data_coinmarketcap.csv,TRON,2024,8,28,0,23,11,1
2024-08-27 00:00:00+00:00,2024-08-27 23:59:59.999000+00:00,2024-08-27 01:36:00+00:00,2024-08-27 22:16:00+00:00,2781,0.1616071143,0.1629228452,0.1567865438,0.1579593354,701159330.42,13713496857.59,2024-08-27 23:59:59.999000+00:00,TRON_01_01_2024-01_01_2025_historical_data_coinmarketcap.csv,TRON,2024,8,27,0,23,1,22
2024-08-26 00:00:00+00:00,2024-08-26 23:59:59.999000+00:00,2024-08-26 11:37:00+00:00,2024-08-26 23:58:00+00:00,2781,0.1665571197,0.1684874173,0.1615917968,0.1616071143,846196447.85,14032493963.38,2024-08-26 23:59:59.999000+00:00,TRON_01_01_2024-01_01_2025_historical_data_coinmarketcap.csv,TRON,2024,8,26,0,23,11,23
2024-08-25 00:00:00+00:00,2024-08-25 23:59:59.999000+00:00,2024-08-25 23:29:00+00:00,2024-08-25 01:51:00+00:00,2781,0.1589459326,0.167130272,0.1569158814,0.1665571197,952618329.58,14464923535.44,2024-08-25 23:59:59.999000+00:00,TRON_01_01_2024-01_01_2025_historical_data_coinmarketcap.csv,TRON,2024,8,25,0,23,23,1
2024-08-24 00:00:00+00:00,2024-08-24 23:59:59.999000+00:00,2024-08-24 06:07:00+00:00,2024-08-24 21:41:00+00:00,2781,0.1585730696,0.1629536398,0.1579346674,0.1589459326,720319295.58,13805347486.66,2024-08-24 23:59:59.999000+00:00,TRON_01_01_2024-01_01_2025_historical_data_coinmarketcap.csv,TRON,2024,8,24,0,23,6,21
2024-08-23 00:00:00+00:00,2024-08-23 23:59:59.999000+00:00,2024-08-23 15:28:00+00:00,2024-08-23 05:34:00+00:00,2781,0.1556512617,0.1589632611,0.1539108909,0.1585717253,730575125.76,13774642729.33,2024-08-23 23:59:59.999000+00:00,TRON_01_01_2024-01_01_2025_historical_data_coinmarketcap.csv,TRON,2024,8,23,0,23,15,5
2024-08-22 00:00:00+00:00,2024-08-22 23:59:59.999000+00:00,2024-08-22 12:13:00+00:00,2024-08-22 05:37:00+00:00,2781,0.1538682075,0.1596776847,0.1483404417,0.1556512617,1195024962.85,13522970197.04,2024-08-22 23:59:59.999000+00:00,TRON_01_01_2024-01_01_2025_historical_data_coinmarketcap.csv,TRON,2024,8,22,0,23,12,5
2024-08-21 00:00:00+00:00,2024-08-21 23:59:59.999000+00:00,2024-08-21 10:59:00+00:00,2024-08-21 23:07:00+00:00,2781,0.1617053234,0.1656201008,0.1533191945,0.1538682075,1552238680.75,13369912706.87,2024-08-21 23:59:59.999000+00:00,TRON_01_01_2024-01_01_2025_historical_data_coinmarketcap.csv,TRON,2024,8,21,0,23,10,23
2024-08-20 00:00:00+00:00,2024-08-20 23:59:59.999000+00:00,2024-08-20 23:58:00+00:00,2024-08-20 01:57:00+00:00,2781,0.1431844621,0.1618295199,0.1426893837,0.1617053234,1428595803.53,14056289264.29,2024-08-20 23:59:59.999000+00:00,TRON_01_01_2024-01_01_2025_historical_data_coinmarketcap.csv,TRON,2024,8,20,0,23,23,1
2024-08-19 00:00:00+00:00,2024-08-19 23:59:59.999000+00:00,2024-08-19 23:24:00+00:00,2024-08-19 01:34:00+00:00,2781,0.1352451943,0.1436101142,0.1341275196,0.1431844621,668428524.55,12449033459.08,2024-08-19 23:59:59.999000+00:00,TRON_01_01_2024-01_01_2025_historical_data_coinmarketcap.csv,TRON,2024,8,19,0,23,23,1
2024-08-18 00:00:00+00:00,2024-08-18 23:59:59.999000+00:00,2024-08-18 21:56:00+00:00,2024-08-18 05:34:00+00:00,2781,0.1348889043,0.1356750352,0.1332605084,0.1352451943,243873814.91,11759909698.94,2024-08-18 23:59:59.999000+00:00,TRON_01_01_2024-01_01_2025_historical_data_coinmarketcap.csv,TRON,2024,8,18,0,23,21,5
2024-08-17 00:00:00+00:00,2024-08-17 23:59:59.999000+00:00,2024-08-17 12:35:00+00:00,2024-08-17 00:22:00+00:00,2781,0.1341923497,0.1362399478,0.1335421427,0.1348889043,301391437.18,11729285391.75,2024-08-17 23:59:59.999000+00:00,TRON_01_01_2024-01_01_2025_historical_data_coinmarketcap.csv,TRON,2024,8,17,0,23,12,0
2024-08-16 00:00:00+00:00,2024-08-16 23:59:59.999000+00:00,2024-08-16 23:58:00+00:00,2024-08-16 01:18:00+00:00,2781,0.1302145486,0.1341982516,0.1294863473,0.1341923497,364725160.82,11669276709.32,2024-08-16 23:59:59.999000+00:00,TRON_01_01_2024-01_01_2025_historical_data_coinmarketcap.csv,TRON,2024,8,16,0,23,23,1
2024-08-15 00:00:00+00:00,2024-08-15 23:59:59.999000+00:00,2024-08-15 09:03:00+00:00,2024-08-15 20:59:00+00:00,2781,0.1305248344,0.1320831962,0.1298659587,0.1302145486,316539517.39,11324163899.97,2024-08-15 23:59:59.999000+00:00,TRON_01_01_2024-01_01_2025_historical_data_coinmarketcap.csv,TRON,2024,8,15,0,23,9,20
2024-08-14 00:00:00+00:00,2024-08-14 23:59:59.999000+00:00,2024-08-14 10:04:00+00:00,2024-08-14 01:31:00+00:00,2781,0.1288132187,0.1309210249,0.1286873858,0.1305248344,315801896.42,11351861340.79,2024-08-14 23:59:59.999000+00:00,TRON_01_01_2024-01_01_2025_historical_data_coinmarketcap.csv,TRON,2024,8,14,0,23,10,1
2024-08-13 00:00:00+00:00,2024-08-13 23:59:59.999000+00:00,2024-08-13 21:48:00+00:00,2024-08-13 02:26:00+00:00,2781,0.1267357427,0.1289886356,0.1257399976,0.1288132187,258900507.27,11203633111.84,2024-08-13 23:59:59.999000+00:00,TRON_01_01_2024-01_01_2025_historical_data_coinmarketcap.csv,TRON,2024,8,13,0,23,21,2
2024-08-12 00:00:00+00:00,2024-08-12 23:59:59.999000+00:00,2024-08-12 03:08:00+00:00,2024-08-12 14:09:00+00:00,2781,0.1277453167,0.1282330535,0.1262560894,0.1267357427,273794102.41,11023629599.65,2024-08-12 23:59:59.999000+00:00,TRON_01_01_2024-01_01_2025_historical_data_coinmarketcap.csv,TRON,2024,8,12,0,23,3,14
2024-08-11 00:00:00+00:00,2024-08-11 23:59:59.999000+00:00,2024-08-11 01:16:00+00:00,2024-08-11 23:07:00+00:00,2781,0.1291508599,0.129409393,0.1275434403,0.1277451601,196251190.83,11112098828.41,2024-08-11 23:59:59.999000+00:00,TRON_01_01_2024-01_01_2025_historical_data_coinmarketcap.csv,TRON,2024,8,11,0,23,1,23
2024-08-10 00:00:00+00:00,2024-08-10 23:59:59.999000+00:00,2024-08-10 19:37:00+00:00,2024-08-10 00:00:00+00:00,2781,0.128261961,0.1297448067,0.1282545645,0.1291495036,221791159.68,11234588794.56,2024-08-10 23:59:59.999000+00:00,TRON_01_01_2024-01_01_2025_historical_data_coinmarketcap.csv,TRON,2024,8,10,0,23,19,0
2024-08-09 00:00:00+00:00,2024-08-09 23:59:59.999000+00:00,2024-08-09 23:55:00+00:00,2024-08-09 05:07:00+00:00,2781,0.1271226081,0.1282771662,0.1263999793,0.128261961,265182216.67,11157560310.3,2024-08-09 23:59:59.999000+00:00,TRON_01_01_2024-01_01_2025_historical_data_coinmarketcap.csv,TRON,2024,8,9,0,23,23,5
2024-08-08 00:00:00+00:00,2024-08-08 23:59:59.999000+00:00,2024-08-08 23:39:00+00:00,2024-08-08 01:03:00+00:00,2781,0.1247932715,0.1271541696,0.1243729198,0.1271226081,307982261.63,11059082136.95,2024-08-08 23:59:59.999000+00:00,TRON_01_01_2024-01_01_2025_historical_data_coinmarketcap.csv,TRON,2024,8,8,0,23,23,1
2024-08-07 00:00:00+00:00,2024-08-07 23:59:59.999000+00:00,2024-08-07 23:45:00+00:00,2024-08-07 00:18:00+00:00,2781,0.1235355313,0.1249963506,0.1234383236,0.124792557,318013404.15,10857005872.06,2024-08-07 23:59:59.999000+00:00,TRON_01_01_2024-01_01_2025_historical_data_coinmarketcap.csv,TRON,2024,8,7,0,23,23,0
2024-08-06 00:00:00+00:00,2024-08-06 23:59:59.999000+00:00,2024-08-06 22:06:00+00:00,2024-08-06 00:04:00+00:00,2781,0.1215940049,0.123801325,0.1215112988,0.1235343814,388010106.02,10748284929.89,2024-08-06 23:59:59.999000+00:00,TRON_01_01_2024-01_01_2025_historical_data_coinmarketcap.csv,TRON,2024,8,6,0,23,22,0
2024-08-05 00:00:00+00:00,2024-08-05 23:59:59.999000+00:00,2024-08-05 00:04:00+00:00,2024-08-05 06:46:00+00:00,2781,0.1262749583,0.1265643858,0.1173643211,0.1215964167,931977257.4,10580287110.03,2024-08-05 23:59:59.999000+00:00,TRON_01_01_2024-01_01_2025_historical_data_coinmarketcap.csv,TRON,2024,8,5,0,23,0,6
2024-08-04 00:00:00+00:00,2024-08-04 23:59:59.999000+00:00,2024-08-04 10:09:00+00:00,2024-08-04 01:19:00+00:00,2781,0.1253064274,0.1285081731,0.1250416176,0.1262749583,405632493.82,10988669249.08,2024-08-04 23:59:59.999000+00:00,TRON_01_01_2024-01_01_2025_historical_data_coinmarketcap.csv,TRON,2024,8,4,0,23,10,1
2024-08-03 00:00:00+00:00,2024-08-03 23:59:59.999000+00:00,2024-08-03 23:07:00+00:00,2024-08-03 04:15:00+00:00,2781,0.1233749453,0.125355054,0.1229065766,0.1253064806,317620781.36,10904685555.26,2024-08-03 23:59:59.999000+00:00,TRON_01_01_2024-01_01_2025_historical_data_coinmarketcap.csv,TRON,2024,8,3,0,23,23,4
2024-08-02 00:00:00+00:00,2024-08-02 23:59:59.999000+00:00,2024-08-02 01:01:00+00:00,2024-08-02 16:30:00+00:00,2781,0.1281668105,0.1282908752,0.1229663587,0.1233749453,345981793.41,10736974254.6,2024-08-02 23:59:59.999000+00:00,TRON_01_01_2024-01_01_2025_historical_data_coinmarketcap.csv,TRON,2024,8,2,0,23,1,16
2024-08-01 00:00:00+00:00,2024-08-01 23:59:59.999000+00:00,2024-08-01 11:21:00+00:00,2024-08-01 16:38:00+00:00,2781,0.1287990223,0.1296962115,0.1270641421,0.1281668105,339233359.99,11154735721.21,2024-08-01 23:59:59.999000+00:00,TRON_01_01_2024-01_01_2025_historical_data_coinmarketcap.csv,TRON,2024,8,1,0,23,11,16
2024-07-31 00:00:00+00:00,2024-07-31 23:59:59.999000+00:00,2024-07-31 00:01:00+00:00,2024-07-31 21:49:00+00:00,2781,0.1329642295,0.1329997031,0.1286425513,0.1288025359,314937648.85,11210662306.74,2024-07-31 23:59:59.999000+00:00,TRON_01_01_2024-01_01_2025_historical_data_coinmarketcap.csv,TRON,2024,7,31,0,23,0,21
2024-07-30 00:00:00+00:00,2024-07-30 23:59:59.999000+00:00,2024-07-30 02:14:00+00:00,2024-07-30 20:12:00+00:00,2781,0.1376115755,0.1383849182,0.1325064863,0.1329642295,279008406.3,11574067507.03,2024-07-30 23:59:59.999000+00:00,TRON_01_01_2024-01_01_2025_historical_data_coinmarketcap.csv,TRON,2024,7,30,0,23,2,20
2024-07-29 00:00:00+00:00,2024-07-29 23:59:59.999000+00:00,2024-07-29 02:22:00+00:00,2024-07-29 15:57:00+00:00,2781,0.1386697441,0.1393791479,0.1350398807,0.1376128665,368741657.54,11979388114.18,2024-07-29 23:59:59.999000+00:00,TRON_01_01_2024-01_01_2025_historical_data_coinmarketcap.csv,TRON,2024,7,29,0,23,2,15
2024-07-28 00:00:00+00:00,2024-07-28 23:59:59.999000+00:00,2024-07-28 21:46:00+00:00,2024-07-28 05:43:00+00:00,2781,0.1372579329,0.1391759254,0.1368544759,0.1386698223,218590421.59,12072230489.14,2024-07-28 23:59:59.999000+00:00,TRON_01_01_2024-01_01_2025_historical_data_coinmarketcap.csv,TRON,2024,7,28,0,23,21,5
2024-07-27 00:00:00+00:00,2024-07-27 23:59:59.999000+00:00,2024-07-27 14:42:00+00:00,2024-07-27 20:26:00+00:00,2781,0.1375643474,0.1377025733,0.1367056495,0.1372579329,214453550.22,11949540319.06,2024-07-27 23:59:59.999000+00:00,TRON_01_01_2024-01_01_2025_historical_data_coinmarketcap.csv,TRON,2024,7,27,0,23,14,20
2024-07-26 00:00:00+00:00,2024-07-26 23:59:59.999000+00:00,2024-07-26 15:38:00+00:00,2024-07-26 00:00:00+00:00,2781,0.1354584822,0.1376999309,0.1354574162,0.1375643474,235886710.25,11976532573.94,2024-07-26 23:59:59.999000+00:00,TRON_01_01_2024-01_01_2025_historical_data_coinmarketcap.csv,TRON,2024,7,26,0,23,15,0
2024-07-25 00:00:00+00:00,2024-07-25 23:59:59.999000+00:00,2024-07-25 10:07:00+00:00,2024-07-25 01:39:00+00:00,2781,0.134370342,0.1363176609,0.1336367062,0.1354584822,308515817.94,11793779197.11,2024-07-25 23:59:59.999000+00:00,TRON_01_01_2024-01_01_2025_historical_data_coinmarketcap.csv,TRON,2024,7,25,0,23,10,1
2024-07-24 00:00:00+00:00,2024-07-24 23:59:59.999000+00:00,2024-07-24 14:13:00+00:00,2024-07-24 09:46:00+00:00,2781,0.1341167569,0.1348275207,0.1336435381,0.134370342,239802291.44,11699703212.95,2024-07-24 23:59:59.999000+00:00,TRON_01_01_2024-01_01_2025_historical_data_coinmarketcap.csv,TRON,2024,7,24,0,23,14,9
2024-07-23 00:00:00+00:00,2024-07-23 23:59:59.999000+00:00,2024-07-23 23:43:00+00:00,2024-07-23 05:58:00+00:00,2781,0.1323943852,0.1341476204,0.1312109251,0.1341147782,280472644.05,11678233649.76,2024-07-23 23:59:59.999000+00:00,TRON_01_01_2024-01_01_2025_historical_data_coinmarketcap.csv,TRON,2024,7,23,0,23,23,5
2024-07-22 00:00:00+00:00,2024-07-22 23:59:59.999000+00:00,2024-07-22 05:38:00+00:00,2024-07-22 23:57:00+00:00,2781,0.1343482907,0.1369696557,0.1323429486,0.1323943852,400209429.81,11528928391.21,2024-07-22 23:59:59.999000+00:00,TRON_01_01_2024-01_01_2025_historical_data_coinmarketcap.csv,TRON,2024,7,22,0,23,5,23
2024-07-21 00:00:00+00:00,2024-07-21 23:59:59.999000+00:00,2024-07-21 01:47:00+00:00,2024-07-21 18:13:00+00:00,2781,0.1347392199,0.1350145109,0.1337929113,0.1343474335,208989470.3,11699890828.39,2024-07-21 23:59:59.999000+00:00,TRON_01_01_2024-01_01_2025_historical_data_coinmarketcap.csv,TRON,2024,7,21,0,23,1,18
2024-07-20 00:00:00+00:00,2024-07-20 23:59:59.999000+00:00,2024-07-20 08:58:00+00:00,2024-07-20 13:19:00+00:00,2781,0.1347656823,0.1348472906,0.1338293823,0.1347392199,222964612.16,11734324246.19,2024-07-20 23:59:59.999000+00:00,TRON_01_01_2024-01_01_2025_historical_data_coinmarketcap.csv,TRON,2024,7,20,0,23,8,13
2024-07-19 00:00:00+00:00,2024-07-19 23:59:59.999000+00:00,2024-07-19 06:40:00+00:00,2024-07-19 00:56:00+00:00,2781,0.1344343894,0.1357577673,0.1341237027,0.1347650636,306159806.55,11737109065.69,2024-07-19 23:59:59.999000+00:00,TRON_01_01_2024-01_01_2025_historical_data_coinmarketcap.csv,TRON,2024,7,19,0,23,6,0
2024-07-18 00:00:00+00:00,2024-07-18 23:59:59.999000+00:00,2024-07-18 12:39:00+00:00,2024-07-18 16:08:00+00:00,2781,0.1335676996,0.1346925975,0.1333421782,0.1344458308,269807843.13,11710047096.98,2024-07-18 23:59:59.999000+00:00,TRON_01_01_2024-01_01_2025_historical_data_coinmarketcap.csv,TRON,2024,7,18,0,23,12,16
2024-07-17 00:00:00+00:00,2024-07-17 23:59:59.999000+00:00,2024-07-17 07:41:00+00:00,2024-07-17 23:51:00+00:00,2781,0.1340677577,0.1350620774,0.1335546873,0.13357024,290529371.47,11634539504.52,2024-07-17 23:59:59.999000+00:00,TRON_01_01_2024-01_01_2025_historical_data_coinmarketcap.csv,TRON,2024,7,17,0,23,7,23
2024-07-16 00:00:00+00:00,2024-07-16 23:59:59.999000+00:00,2024-07-16 00:00:00+00:00,2024-07-16 08:31:00+00:00,2781,0.1374354612,0.1374354612,0.1329230871,0.1340716491,423036639.87,11679012370.95,2024-07-16 23:59:59.999000+00:00,TRON_01_01_2024-01_01_2025_historical_data_coinmarketcap.csv,TRON,2024,7,16,0,23,0,8
2024-07-15 00:00:00+00:00,2024-07-15 23:59:59.999000+00:00,2024-07-15 07:17:00+00:00,2024-07-15 22:04:00+00:00,2781,0.1376900816,0.1389459482,0.1368060459,0.1374396339,340651376.61,11973283863.62,2024-07-15 23:59:59.999000+00:00,TRON_01_01_2024-01_01_2025_historical_data_coinmarketcap.csv,TRON,2024,7,15,0,23,7,22
2024-07-14 00:00:00+00:00,2024-07-14 23:59:59.999000+00:00,2024-07-14 01:16:00+00:00,2024-07-14 18:49:00+00:00,2781,0.1394700401,0.1401082842,0.1373948917,0.1376885283,289920334.68,11995964712.97,2024-07-14 23:59:59.999000+00:00,TRON_01_01_2024-01_01_2025_historical_data_coinmarketcap.csv,TRON,2024,7,14,0,23,1,18
2024-07-13 00:00:00+00:00,2024-07-13 23:59:59.999000+00:00,2024-07-13 18:58:00+00:00,2024-07-13 00:00:00+00:00,2781,0.137275972,0.1414895763,0.137275972,0.139460414,379445046.92,12150809231.26,2024-07-13 23:59:59.999000+00:00,TRON_01_01_2024-01_01_2025_historical_data_coinmarketcap.csv,TRON,2024,7,13,0,23,18,0
2024-07-12 00:00:00+00:00,2024-07-12 23:59:59.999000+00:00,2024-07-12 22:19:00+00:00,2024-07-12 01:27:00+00:00,2781,0.1343891118,0.1372858263,0.1340151768,0.1372771018,328033233.76,11961018394.32,2024-07-12 23:59:59.999000+00:00,TRON_01_01_2024-01_01_2025_historical_data_coinmarketcap.csv,TRON,2024,7,12,0,23,22,1
2024-07-11 00:00:00+00:00,2024-07-11 23:59:59.999000+00:00,2024-07-11 22:37:00+00:00,2024-07-11 00:00:00+00:00,2781,0.1314609067,0.13523549,0.1314609067,0.1343903707,374769339.71,11710227897.82,2024-07-11 23:59:59.999000+00:00,TRON_01_01_2024-01_01_2025_historical_data_coinmarketcap.csv,TRON,2024,7,11,0,23,22,0
2024-07-10 00:00:00+00:00,2024-07-10 23:59:59.999000+00:00,2024-07-10 22:46:00+00:00,2024-07-10 01:07:00+00:00,2781,0.1299414893,0.1317860668,0.1292129197,0.1314538572,284122578.91,11455110390.86,2024-07-10 23:59:59.999000+00:00,TRON_01_01_2024-01_01_2025_historical_data_coinmarketcap.csv,TRON,2024,7,10,0,23,22,1
2024-07-09 00:00:00+00:00,2024-07-09 23:59:59.999000+00:00,2024-07-09 22:46:00+00:00,2024-07-09 00:03:00+00:00,2781,0.1261711141,0.1299869161,0.1261232086,0.129939624,301114202.87,11323929463.29,2024-07-09 23:59:59.999000+00:00,TRON_01_01_2024-01_01_2025_historical_data_coinmarketcap.csv,TRON,2024,7,9,0,23,22,0
2024-07-08 00:00:00+00:00,2024-07-08 23:59:59.999000+00:00,2024-07-08 09:11:00+00:00,2024-07-08 01:19:00+00:00,2781,0.1246728385,0.1263322867,0.1230324491,0.1261834187,426126471.79,10997298991.92,2024-07-08 23:59:59.999000+00:00,TRON_01_01_2024-01_01_2025_historical_data_coinmarketcap.csv,TRON,2024,7,8,0,23,9,1
2024-07-07 00:00:00+00:00,2024-07-07 23:59:59.999000+00:00,2024-07-07 01:37:00+00:00,2024-07-07 23:52:00+00:00,2781,0.1299333545,0.1308929132,0.1245487252,0.1246668282,327743354.48,10865893069.89,2024-07-07 23:59:59.999000+00:00,TRON_01_01_2024-01_01_2025_historical_data_coinmarketcap.csv,TRON,2024,7,7,0,23,1,23
2024-07-06 00:00:00+00:00,2024-07-06 23:59:59.999000+00:00,2024-07-06 16:42:00+00:00,2024-07-06 00:12:00+00:00,2781,0.126877377,0.1303109078,0.126495077,0.1299287923,296147002.22,11324838998.99,2024-07-06 23:59:59.999000+00:00,TRON_01_01_2024-01_01_2025_historical_data_coinmarketcap.csv,TRON,2024,7,6,0,23,16,0
2024-07-05 00:00:00+00:00,2024-07-05 23:59:59.999000+00:00,2024-07-05 14:04:00+00:00,2024-07-05 09:04:00+00:00,2781,0.1271449593,0.1277515519,0.1212125121,0.1269012963,729512148.34,11061372711.86,2024-07-05 23:59:59.999000+00:00,TRON_01_01_2024-01_01_2025_historical_data_coinmarketcap.csv,TRON,2024,7,5,0,23,14,9
2024-07-04 00:00:00+00:00,2024-07-04 23:59:59.999000+00:00,2024-07-04 00:43:00+00:00,2024-07-04 13:31:00+00:00,2781,0.1285554725,0.1288485719,0.1256711208,0.1271955361,434893718.17,11088008088.36,2024-07-04 23:59:59.999000+00:00,TRON_01_01_2024-01_01_2025_historical_data_coinmarketcap.csv,TRON,2024,7,4,0,23,0,13
2024-07-03 00:00:00+00:00,2024-07-03 23:59:59.999000+00:00,2024-07-03 09:07:00+00:00,2024-07-03 13:09:00+00:00,2781,0.1289864877,0.1296898476,0.1283105932,0.1285583788,345065680.21,11207637818.33,2024-07-03 23:59:59.999000+00:00,TRON_01_01_2024-01_01_2025_historical_data_coinmarketcap.csv,TRON,2024,7,3,0,23,9,13
2024-07-02 00:00:00+00:00,2024-07-02 23:59:59.999000+00:00,2024-07-02 23:02:00+00:00,2024-07-02 01:42:00+00:00,2781,0.1276946843,0.1291268052,0.1276739908,0.1289831946,232650230.87,11245487454.82,2024-07-02 23:59:59.999000+00:00,TRON_01_01_2024-01_01_2025_historical_data_coinmarketcap.csv,TRON,2024,7,2,0,23,23,1
2024-07-01 00:00:00+00:00,2024-07-01 23:59:59.999000+00:00,2024-07-01 14:35:00+00:00,2024-07-01 01:04:00+00:00,2781,0.1245309665,0.128763475,0.1244864462,0.1276973987,269814845.3,11134210116.26,2024-07-01 23:59:59.999000+00:00,TRON_01_01_2024-01_01_2025_historical_data_coinmarketcap.csv,TRON,2024,7,1,0,23,14,1
2024-06-30 00:00:00+00:00,2024-06-30 23:59:59.999000+00:00,2024-06-30 07:10:00+00:00,2024-06-30 23:20:00+00:00,2781,0.1253331773,0.1256244651,0.124516622,0.1245265387,183931850.82,10858643911.36,2024-06-30 23:59:59.999000+00:00,TRON_01_01_2024-01_01_2025_historical_data_coinmarketcap.csv,TRON,2024,6,30,0,23,7,23
2024-06-29 00:00:00+00:00,2024-06-29 23:59:59.999000+00:00,2024-06-29 21:43:00+00:00,2024-06-29 00:22:00+00:00,2781,0.1229674541,0.126031117,0.1228520783,0.1253378496,233345038.29,10929869805.96,2024-06-29 23:59:59.999000+00:00,TRON_01_01_2024-01_01_2025_historical_data_coinmarketcap.csv,TRON,2024,6,29,0,23,21,0
2024-06-28 00:00:00+00:00,2024-06-28 23:59:59.999000+00:00,2024-06-28 21:31:00+00:00,2024-06-28 05:52:00+00:00,2781,0.1218610989,0.1235643387,0.1217264621,0.1229726823,242361450.09,10724107551.29,2024-06-28 23:59:59.999000+00:00,TRON_01_01_2024-01_01_2025_historical_data_coinmarketcap.csv,TRON,2024,6,28,0,23,21,5
2024-06-27 00:00:00+00:00,2024-06-27 23:59:59.999000+00:00,2024-06-27 07:33:00+00:00,2024-06-27 23:56:00+00:00,2781,0.1225007658,0.1233603377,0.1218481762,0.1218527332,225331986.31,10627174062.44,2024-06-27 23:59:59.999000+00:00,TRON_01_01_2024-01_01_2025_historical_data_coinmarketcap.csv,TRON,2024,6,27,0,23,7,23
2024-06-26 00:00:00+00:00,2024-06-26 23:59:59.999000+00:00,2024-06-26 13:50:00+00:00,2024-06-26 03:20:00+00:00,2781,0.1218620496,0.1248297494,0.1218416499,0.1224970696,296817760.64,10684111631.18,2024-06-26 23:59:59.999000+00:00,TRON_01_01_2024-01_01_2025_historical_data_coinmarketcap.csv,TRON,2024,6,26,0,23,13,3
2024-06-25 00:00:00+00:00,2024-06-25 23:59:59.999000+00:00,2024-06-25 23:10:00+00:00,2024-06-25 00:00:00+00:00,2781,0.1190216326,0.1221653607,0.1190216326,0.1218642677,247861070.92,10629750858.92,2024-06-25 23:59:59.999000+00:00,TRON_01_01_2024-01_01_2025_historical_data_coinmarketcap.csv,TRON,2024,6,25,0,23,23,0
2024-06-24 00:00:00+00:00,2024-06-24 23:59:59.999000+00:00,2024-06-24 12:32:00+00:00,2024-06-24 09:47:00+00:00,2781,0.1191638643,0.1197317314,0.1178125833,0.1190239734,322524404.81,10382848197.1,2024-06-24 23:59:59.999000+00:00,TRON_01_01_2024-01_01_2025_historical_data_coinmarketcap.csv,TRON,2024,6,24,0,23,12,9
2024-06-23 00:00:00+00:00,2024-06-23 23:59:59.999000+00:00,2024-06-23 12:09:00+00:00,2024-06-23 20:43:00+00:00,2781,0.1196030575,0.1204187953,0.1191228351,0.1191596783,169799735.76,10395470719.01,2024-06-23 23:59:59.999000+00:00,TRON_01_01_2024-01_01_2025_historical_data_coinmarketcap.csv,TRON,2024,6,23,0,23,12,20
2024-06-22 00:00:00+00:00,2024-06-22 23:59:59.999000+00:00,2024-06-22 13:51:00+00:00,2024-06-22 03:42:00+00:00,2781,0.118263019,0.1199151007,0.1179117378,0.1196028919,191626516.72,10434476684.63,2024-06-22 23:59:59.999000+00:00,TRON_01_01_2024-01_01_2025_historical_data_coinmarketcap.csv,TRON,2024,6,22,0,23,13,3
2024-06-21 00:00:00+00:00,2024-06-21 23:59:59.999000+00:00,2024-06-21 15:34:00+00:00,2024-06-21 09:01:00+00:00,2781,0.1167058651,0.118641836,0.1163217741,0.1182653482,270172642.99,10318205748.06,2024-06-21 23:59:59.999000+00:00,TRON_01_01_2024-01_01_2025_historical_data_coinmarketcap.csv,TRON,2024,6,21,0,23,15,9
2024-06-20 00:00:00+00:00,2024-06-20 23:59:59.999000+00:00,2024-06-20 12:48:00+00:00,2024-06-20 00:34:00+00:00,2781,0.1157896836,0.1170326241,0.1156890336,0.1167069672,216922871.44,10182934814.74,2024-06-20 23:59:59.999000+00:00,TRON_01_01_2024-01_01_2025_historical_data_coinmarketcap.csv,TRON,2024,6,20,0,23,12,0
2024-06-19 00:00:00+00:00,2024-06-19 23:59:59.999000+00:00,2024-06-19 08:06:00+00:00,2024-06-19 00:40:00+00:00,2781,0.11539049,0.1170949876,0.1151992306,0.1157896836,245411854.21,10103652261.55,2024-06-19 23:59:59.999000+00:00,TRON_01_01_2024-01_01_2025_historical_data_coinmarketcap.csv,TRON,2024,6,19,0,23,8,0
2024-06-18 00:00:00+00:00,2024-06-18 23:59:59.999000+00:00,2024-06-18 00:08:00+00:00,2024-06-18 01:47:00+00:00,2781,0.1167939515,0.116794865,0.1137118956,0.1153865611,347521884.29,10069208928.93,2024-06-18 23:59:59.999000+00:00,TRON_01_01_2024-01_01_2025_historical_data_coinmarketcap.csv,TRON,2024,6,18,0,23,0,1
2024-06-17 00:00:00+00:00,2024-06-17 23:59:59.999000+00:00,2024-06-17 01:17:00+00:00,2024-06-17 10:11:00+00:00,2781,0.11725041,0.1180149666,0.1165087022,0.1168047504,322739695.93,10193860722.31,2024-06-17 23:59:59.999000+00:00,TRON_01_01_2024-01_01_2025_historical_data_coinmarketcap.csv,TRON,2024,6,17,0,23,1,10
2024-06-16 00:00:00+00:00,2024-06-16 23:59:59.999000+00:00,2024-06-16 23:58:00+00:00,2024-06-16 04:53:00+00:00,2781,0.1152516378,0.1172452971,0.11498426,0.1172451408,194131714.6,10233078825.98,2024-06-16 23:59:59.999000+00:00,TRON_01_01_2024-01_01_2025_historical_data_coinmarketcap.csv,TRON,2024,6,16,0,23,23,4
2024-06-15 00:00:00+00:00,2024-06-15 23:59:59.999000+00:00,2024-06-15 01:06:00+00:00,2024-06-15 15:55:00+00:00,2781,0.1164086192,0.1165590177,0.1148725525,0.1152472388,181547682.25,10059092282.84,2024-06-15 23:59:59.999000+00:00,TRON_01_01_2024-01_01_2025_historical_data_coinmarketcap.csv,TRON,2024,6,15,0,23,1,15
2024-06-14 00:00:00+00:00,2024-06-14 23:59:59.999000+00:00,2024-06-14 00:09:00+00:00,2024-06-14 09:58:00+00:00,2781,0.1168777161,0.1169871941,0.1156856882,0.1164122223,293614650.07,10161304642.57,2024-06-14 23:59:59.999000+00:00,TRON_01_01_2024-01_01_2025_historical_data_coinmarketcap.csv,TRON,2024,6,14,0,23,0,9
2024-06-13 00:00:00+00:00,2024-06-13 23:59:59.999000+00:00,2024-06-13 06:17:00+00:00,2024-06-13 07:13:00+00:00,2781,0.116456754,0.1171109054,0.116007922,0.1168746729,281970352.6,10202452332.24,2024-06-13 23:59:59.999000+00:00,TRON_01_01_2024-01_01_2025_historical_data_coinmarketcap.csv,TRON,2024,6,13,0,23,6,7
2024-06-12 00:00:00+00:00,2024-06-12 23:59:59.999000+00:00,2024-06-12 17:55:00+00:00,2024-06-12 19:52:00+00:00,2781,0.1165421367,0.1178334159,0.1160235166,0.1164500774,361648487.72,10166083630.14,2024-06-12 23:59:59.999000+00:00,TRON_01_01_2024-01_01_2025_historical_data_coinmarketcap.csv,TRON,2024,6,12,0,23,17,19
2024-06-11 00:00:00+00:00,2024-06-11 23:59:59.999000+00:00,2024-06-11 01:51:00+00:00,2024-06-11 04:34:00+00:00,2781,0.1176046055,0.117919392,0.11616347,0.1165338653,370239897.64,10174173504.07,2024-06-11 23:59:59.999000+00:00,TRON_01_01_2024-01_01_2025_historical_data_coinmarketcap.csv,TRON,2024,6,11,0,23,1,4
2024-06-10 00:00:00+00:00,2024-06-10 23:59:59.999000+00:00,2024-06-10 20:32:00+00:00,2024-06-10 13:34:00+00:00,2781,0.1168787765,0.1177796045,0.1160371814,0.1176076583,357397025.72,10268833670.82,2024-06-10 23:59:59.999000+00:00,TRON_01_01_2024-01_01_2025_historical_data_coinmarketcap.csv,TRON,2024,6,10,0,23,20,13
2024-06-09 00:00:00+00:00,2024-06-09 23:59:59.999000+00:00,2024-06-09 23:52:00+00:00,2024-06-09 02:38:00+00:00,2781,0.1147641143,0.1169336811,0.1138884408,0.1168816327,314074669.27,10206195076.31,2024-06-09 23:59:59.999000+00:00,TRON_01_01_2024-01_01_2025_historical_data_coinmarketcap.csv,TRON,2024,6,9,0,23,23,2
2024-06-08 00:00:00+00:00,2024-06-08 23:59:59.999000+00:00,2024-06-08 22:06:00+00:00,2024-06-08 03:43:00+00:00,2781,0.1127018008,0.1150983453,0.1123143804,0.1147560901,337196248.98,10020993396.76,2024-06-08 23:59:59.999000+00:00,TRON_01_01_2024-01_01_2025_historical_data_coinmarketcap.csv,TRON,2024,6,8,0,23,22,3
2024-06-07 00:00:00+00:00,2024-06-07 23:59:59.999000+00:00,2024-06-07 15:13:00+00:00,2024-06-07 18:07:00+00:00,2781,0.1147469467,0.11509622,0.1118091272,0.112710711,397404841.9,9842913923.62,2024-06-07 23:59:59.999000+00:00,TRON_01_01_2024-01_01_2025_historical_data_coinmarketcap.csv,TRON,2024,6,7,0,23,15,18
2024-06-06 00:00:00+00:00,2024-06-06 23:59:59.999000+00:00,2024-06-06 11:01:00+00:00,2024-06-06 05:32:00+00:00,2781,0.11463625,0.1151924509,0.1140079225,0.1147480139,249335076.55,10021598137.13,2024-06-06 23:59:59.999000+00:00,TRON_01_01_2024-01_01_2025_historical_data_coinmarketcap.csv,TRON,2024,6,6,0,23,11,5
2024-06-05 00:00:00+00:00,2024-06-05 23:59:59.999000+00:00,2024-06-05 05:02:00+00:00,2024-06-05 06:40:00+00:00,2781,0.1144730752,0.1147763764,0.1137981358,0.11463625,239489524.94,10012719469.17,2024-06-05 23:59:59.999000+00:00,TRON_01_01_2024-01_01_2025_historical_data_coinmarketcap.csv,TRON,2024,6,5,0,23,5,6
2024-06-04 00:00:00+00:00,2024-06-04 23:59:59.999000+00:00,2024-06-04 23:46:00+00:00,2024-06-04 05:52:00+00:00,2781,0.1134336017,0.1145724214,0.1131360707,0.1144730752,280842437.18,9999314136.08,2024-06-04 23:59:59.999000+00:00,TRON_01_01_2024-01_01_2025_historical_data_coinmarketcap.csv,TRON,2024,6,4,0,23,23,5
2024-06-03 00:00:00+00:00,2024-06-03 23:59:59.999000+00:00,2024-06-03 01:38:00+00:00,2024-06-03 06:19:00+00:00,2781,0.1147220526,0.1150687198,0.1129291967,0.1134336017,283130643.08,9909254535.09,2024-06-03 23:59:59.999000+00:00,TRON_01_01_2024-01_01_2025_historical_data_coinmarketcap.csv,TRON,2024,6,3,0,23,1,6
2024-06-02 00:00:00+00:00,2024-06-02 23:59:59.999000+00:00,2024-06-02 22:22:00+00:00,2024-06-02 00:04:00+00:00,2781,0.1124783418,0.1152173046,0.1124623787,0.1147220526,242662521.23,10022665438.04,2024-06-02 23:59:59.999000+00:00,TRON_01_01_2024-01_01_2025_historical_data_coinmarketcap.csv,TRON,2024,6,2,0,23,22,0
2024-06-01 00:00:00+00:00,2024-06-01 23:59:59.999000+00:00,2024-06-01 22:13:00+00:00,2024-06-01 04:46:00+00:00,2781,0.1120733533,0.1128105392,0.111007442,0.1124783132,194791816.97,9827100675.69,2024-06-01 23:59:59.999000+00:00,TRON_01_01_2024-01_01_2025_historical_data_coinmarketcap.csv,TRON,2024,6,1,0,23,22,4
2024-05-31 00:00:00+00:00,2024-05-31 23:59:59.999000+00:00,2024-05-31 05:13:00+00:00,2024-05-31 05:35:00+00:00,2781,0.1120130265,0.1124527558,0.111119981,0.1120733533,272401227.51,9792379273.95,2024-05-31 23:59:59.999000+00:00,TRON_01_01_2024-01_01_2025_historical_data_coinmarketcap.csv,TRON,2024,5,31,0,23,5,5
2024-05-30 00:00:00+00:00,2024-05-30 23:59:59.999000+00:00,2024-05-30 17:57:00+00:00,2024-05-30 08:20:00+00:00,2781,0.1119484786,0.1121621618,0.1107357238,0.1120130265,262083184.42,9787977490.7,2024-05-30 23:59:59.999000+00:00,TRON_01_01_2024-01_01_2025_historical_data_coinmarketcap.csv,TRON,2024,5,30,0,23,17,8
2024-05-29 00:00:00+00:00,2024-05-29 23:59:59.999000+00:00,2024-05-29 19:33:00+00:00,2024-05-29 08:10:00+00:00,2781,0.1111016762,0.1123574013,0.1109731057,0.1119483541,276957864.14,9783027157.47,2024-05-29 23:59:59.999000+00:00,TRON_01_01_2024-01_01_2025_historical_data_coinmarketcap.csv,TRON,2024,5,29,0,23,19,8
2024-05-28 00:00:00+00:00,2024-05-28 23:59:59.999000+00:00,2024-05-28 00:13:00+00:00,2024-05-28 06:19:00+00:00,2781,0.1124658143,0.1124994748,0.1103709364,0.1111016762,329425569.85,9709670986.89,2024-05-28 23:59:59.999000+00:00,TRON_01_01_2024-01_01_2025_historical_data_coinmarketcap.csv,TRON,2024,5,28,0,23,0,6
2024-05-27 00:00:00+00:00,2024-05-27 23:59:59.999000+00:00,2024-05-27 04:35:00+00:00,2024-05-27 10:07:00+00:00,2781,0.1130893912,0.1131996597,0.1109061032,0.1124658143,353855999.72,9829547158.58,2024-05-27 23:59:59.999000+00:00,TRON_01_01_2024-01_01_2025_historical_data_coinmarketcap.csv,TRON,2024,5,27,0,23,4,10
2024-05-26 00:00:00+00:00,2024-05-26 23:59:59.999000+00:00,2024-05-26 05:57:00+00:00,2024-05-26 21:34:00+00:00,2781,0.1137826133,0.1140850327,0.1127737803,0.1130893912,207137713.55,9884691624.32,2024-05-26 23:59:59.999000+00:00,TRON_01_01_2024-01_01_2025_historical_data_coinmarketcap.csv,TRON,2024,5,26,0,23,5,21
2024-05-25 00:00:00+00:00,2024-05-25 23:59:59.999000+00:00,2024-05-25 03:08:00+00:00,2024-05-25 18:17:00+00:00,2781,0.1154561518,0.1160207983,0.1132129603,0.1137826133,281110846.22,9945581263.37,2024-05-25 23:59:59.999000+00:00,TRON_01_01_2024-01_01_2025_historical_data_coinmarketcap.csv,TRON,2024,5,25,0,23,3,18
2024-05-24 00:00:00+00:00,2024-05-24 23:59:59.999000+00:00,2024-05-24 02:05:00+00:00,2024-05-24 08:32:00+00:00,2781,0.1152250021,0.1156540068,0.1133393545,0.1154561518,341018841.28,10092245754.53,2024-05-24 23:59:59.999000+00:00,TRON_01_01_2024-01_01_2025_historical_data_coinmarketcap.csv,TRON,2024,5,24,0,23,2,8
2024-05-23 00:00:00+00:00,2024-05-23 23:59:59.999000+00:00,2024-05-23 00:00:00+00:00,2024-05-23 20:13:00+00:00,2781,0.1200957896,0.1200960348,0.1137840769,0.1152250021,391144665.7,10072656117.14,2024-05-23 23:59:59.999000+00:00,TRON_01_01_2024-01_01_2025_historical_data_coinmarketcap.csv,TRON,2024,5,23,0,23,0,20
2024-05-22 00:00:00+00:00,2024-05-22 23:59:59.999000+00:00,2024-05-22 02:14:00+00:00,2024-05-22 23:43:00+00:00,2781,0.1236427105,0.1238361493,0.1200253424,0.1200957896,299226969.57,10499118815.87,2024-05-22 23:59:59.999000+00:00,TRON_01_01_2024-01_01_2025_historical_data_coinmarketcap.csv,TRON,2024,5,22,0,23,2,23
2024-05-21 00:00:00+00:00,2024-05-21 23:59:59.999000+00:00,2024-05-21 00:22:00+00:00,2024-05-21 04:20:00+00:00,2781,0.1244470571,0.1245679599,0.1228618085,0.1236427011,357307829.2,10809894763.52,2024-05-21 23:59:59.999000+00:00,TRON_01_01_2024-01_01_2025_historical_data_coinmarketcap.csv,TRON,2024,5,21,0,23,0,4
2024-05-20 00:00:00+00:00,2024-05-20 23:59:59.999000+00:00,2024-05-20 23:59:00+00:00,2024-05-20 01:38:00+00:00,2781,0.121196413,0.1244471533,0.1210132848,0.1244471533,322250099.26,10881019897.13,2024-05-20 23:59:59.999000+00:00,TRON_01_01_2024-01_01_2025_historical_data_coinmarketcap.csv,TRON,2024,5,20,0,23,23,1
2024-05-19 00:00:00+00:00,2024-05-19 23:59:59.999000+00:00,2024-05-19 00:55:00+00:00,2024-05-19 13:34:00+00:00,2781,0.123070848,0.1231646093,0.1206102417,0.121196413,225340742.41,10597571387.8,2024-05-19 23:59:59.999000+00:00,TRON_01_01_2024-01_01_2025_historical_data_coinmarketcap.csv,TRON,2024,5,19,0,23,0,13
2024-05-18 00:00:00+00:00,2024-05-18 23:59:59.999000+00:00,2024-05-18 10:22:00+00:00,2024-05-18 23:51:00+00:00,2781,0.1244108153,0.1246047534,0.1230385355,0.1230707255,216719510.02,10761829384.82,2024-05-18 23:59:59.999000+00:00,TRON_01_01_2024-01_01_2025_historical_data_coinmarketcap.csv,TRON,2024,5,18,0,23,10,23
2024-05-17 00:00:00+00:00,2024-05-17 23:59:59.999000+00:00,2024-05-17 16:19:00+00:00,2024-05-17 06:37:00+00:00,2781,0.1250226683,0.1251649035,0.1240055881,0.1244108153,283983850.66,10879466953.09,2024-05-17 23:59:59.999000+00:00,TRON_01_01_2024-01_01_2025_historical_data_coinmarketcap.csv,TRON,2024,5,17,0,23,16,6
2024-05-16 00:00:00+00:00,2024-05-16 23:59:59.999000+00:00,2024-05-16 03:52:00+00:00,2024-05-16 04:12:00+00:00,2781,0.1264074728,0.1266966738,0.1244003669,0.1250226683,352992920.51,10933766656.72,2024-05-16 23:59:59.999000+00:00,TRON_01_01_2024-01_01_2025_historical_data_coinmarketcap.csv,TRON,2024,5,16,0,23,3,4
2024-05-15 00:00:00+00:00,2024-05-15 23:59:59.999000+00:00,2024-05-15 20:01:00+00:00,2024-05-15 05:54:00+00:00,2781,0.1253878728,0.1265461518,0.1252709281,0.1264067051,257993650.28,11055724520.41,2024-05-15 23:59:59.999000+00:00,TRON_01_01_2024-01_01_2025_historical_data_coinmarketcap.csv,TRON,2024,5,15,0,23,20,5
2024-05-14 00:00:00+00:00,2024-05-14 23:59:59.999000+00:00,2024-05-14 05:44:00+00:00,2024-05-14 14:23:00+00:00,2781,0.1256615758,0.1257777976,0.1247446453,0.1253878728,258085082.15,10967484300.72,2024-05-14 23:59:59.999000+00:00,TRON_01_01_2024-01_01_2025_historical_data_coinmarketcap.csv,TRON,2024,5,14,0,23,5,14
2024-05-13 00:00:00+00:00,2024-05-13 23:59:59.999000+00:00,2024-05-13 00:49:00+00:00,2024-05-13 23:49:00+00:00,2781,0.1273170255,0.1274557066,0.1256135208,0.125661715,270909400.09,10992204753.22,2024-05-13 23:59:59.999000+00:00,TRON_01_01_2024-01_01_2025_historical_data_coinmarketcap.csv,TRON,2024,5,13,0,23,0,23
2024-05-12 00:00:00+00:00,2024-05-12 23:59:59.999000+00:00,2024-05-12 23:55:00+00:00,2024-05-12 11:47:00+00:00,2781,0.1263915398,0.1273333731,0.1263780388,0.1273170255,161252977.51,11137783673.07,2024-05-12 23:59:59.999000+00:00,TRON_01_01_2024-01_01_2025_historical_data_coinmarketcap.csv,TRON,2024,5,12,0,23,23,11
2024-05-11 00:00:00+00:00,2024-05-11 23:59:59.999000+00:00,2024-05-11 00:59:00+00:00,2024-05-11 15:36:00+00:00,2781,0.1273658677,0.1276301766,0.12597443,0.1263915577,208898092.46,11057170053.61,2024-05-11 23:59:59.999000+00:00,TRON_01_01_2024-01_01_2025_historical_data_coinmarketcap.csv,TRON,2024,5,11,0,23,0,15
2024-05-10 00:00:00+00:00,2024-05-10 23:59:59.999000+00:00,2024-05-10 23:57:00+00:00,2024-05-10 13:09:00+00:00,2781,0.1261949031,0.1274389436,0.1243058012,0.1273658677,356388484.31,11142904105.07,2024-05-10 23:59:59.999000+00:00,TRON_01_01_2024-01_01_2025_historical_data_coinmarketcap.csv,TRON,2024,5,10,0,23,23,13
2024-05-09 00:00:00+00:00,2024-05-09 23:59:59.999000+00:00,2024-05-09 15:10:00+00:00,2024-05-09 00:01:00+00:00,2781,0.1228782917,0.1269933456,0.1228729786,0.1261933918,387865258.14,11041593070.52,2024-05-09 23:59:59.999000+00:00,TRON_01_01_2024-01_01_2025_historical_data_coinmarketcap.csv,TRON,2024,5,9,0,23,15,0
2024-05-08 00:00:00+00:00,2024-05-08 23:59:59.999000+00:00,2024-05-08 18:45:00+00:00,2024-05-08 02:44:00+00:00,2781,0.120623256,0.1236925946,0.1204539379,0.1228782917,393827836.14,10752041605.09,2024-05-08 23:59:59.999000+00:00,TRON_01_01_2024-01_01_2025_historical_data_coinmarketcap.csv,TRON,2024,5,8,0,23,18,2
2024-05-07 00:00:00+00:00,2024-05-07 23:59:59.999000+00:00,2024-05-07 22:50:00+00:00,2024-05-07 03:31:00+00:00,2781,0.1186743012,0.1213759017,0.1182867738,0.120623256,304468296.47,10555400251.68,2024-05-07 23:59:59.999000+00:00,TRON_01_01_2024-01_01_2025_historical_data_coinmarketcap.csv,TRON,2024,5,7,0,23,22,3
2024-05-06 00:00:00+00:00,2024-05-06 23:59:59.999000+00:00,2024-05-06 08:31:00+00:00,2024-05-06 15:17:00+00:00,2781,0.1211109503,0.1220110953,0.1184530234,0.1186743012,297737881.99,10385590621.55,2024-05-06 23:59:59.999000+00:00,TRON_01_01_2024-01_01_2025_historical_data_coinmarketcap.csv,TRON,2024,5,6,0,23,8,15
2024-05-05 00:00:00+00:00,2024-05-05 23:59:59.999000+00:00,2024-05-05 00:16:00+00:00,2024-05-05 22:58:00+00:00,2781,0.1223220324,0.1223489439,0.1207652428,0.1211113435,196753191.33,10599560419.62,2024-05-05 23:59:59.999000+00:00,TRON_01_01_2024-01_01_2025_historical_data_coinmarketcap.csv,TRON,2024,5,5,0,23,0,22
2024-05-04 00:00:00+00:00,2024-05-04 23:59:59.999000+00:00,2024-05-04 11:14:00+00:00,2024-05-04 23:58:00+00:00,2781,0.1227654606,0.1235632499,0.1223213528,0.1223220324,224837129.69,10705914504.48,2024-05-04 23:59:59.999000+00:00,TRON_01_01_2024-01_01_2025_historical_data_coinmarketcap.csv,TRON,2024,5,4,0,23,11,23
2024-05-03 00:00:00+00:00,2024-05-03 23:59:59.999000+00:00,2024-05-03 20:52:00+00:00,2024-05-03 07:52:00+00:00,2781,0.1222923044,0.1239222288,0.1219090804,0.122765775,275034834.41,10745162019.21,2024-05-03 23:59:59.999000+00:00,TRON_01_01_2024-01_01_2025_historical_data_coinmarketcap.csv,TRON,2024,5,3,0,23,20,7
2024-05-02 00:00:00+00:00,2024-05-02 23:59:59.999000+00:00,2024-05-02 18:14:00+00:00,2024-05-02 01:43:00+00:00,2781,0.1203304885,0.1233519827,0.1201038098,0.1222923044,352230933.98,10704437733.87,2024-05-02 23:59:59.999000+00:00,TRON_01_01_2024-01_01_2025_historical_data_coinmarketcap.csv,TRON,2024,5,2,0,23,18,1
2024-05-01 00:00:00+00:00,2024-05-01 23:59:59.999000+00:00,2024-05-01 19:00:00+00:00,2024-05-01 08:40:00+00:00,2781,0.1194668677,0.1209200682,0.1170590223,0.1203304885,482118833.93,10533385620.41,2024-05-01 23:59:59.999000+00:00,TRON_01_01_2024-01_01_2025_historical_data_coinmarketcap.csv,TRON,2024,5,1,0,23,19,8
2024-04-30 00:00:00+00:00,2024-04-30 23:59:59.999000+00:00,2024-04-30 07:43:00+00:00,2024-04-30 19:19:00+00:00,2781,0.1190356178,0.1207497131,0.1177910018,0.1194668677,496122483.4,10458537584.36,2024-04-30 23:59:59.999000+00:00,TRON_01_01_2024-01_01_2025_historical_data_coinmarketcap.csv,TRON,2024,4,30,0,23,7,19
2024-04-29 00:00:00+00:00,2024-04-29 23:59:59.999000+00:00,2024-04-29 00:12:00+00:00,2024-04-29 13:58:00+00:00,2781,0.1213436144,0.121379036,0.1177820043,0.1190361063,322824228.19,10421639030.73,2024-04-29 23:59:59.999000+00:00,TRON_01_01_2024-01_01_2025_historical_data_coinmarketcap.csv,TRON,2024,4,29,0,23,0,13
2024-04-28 00:00:00+00:00,2024-04-28 23:59:59.999000+00:00,2024-04-28 23:34:00+00:00,2024-04-28 00:26:00+00:00,2781,0.1197757221,0.1214651084,0.1197285112,0.1213436144,240768591.91,10624362092.6,2024-04-28 23:59:59.999000+00:00,TRON_01_01_2024-01_01_2025_historical_data_coinmarketcap.csv,TRON,2024,4,28,0,23,23,0
2024-04-27 00:00:00+00:00,2024-04-27 23:59:59.999000+00:00,2024-04-27 07:46:00+00:00,2024-04-27 03:06:00+00:00,2781,0.1200552149,0.1205742403,0.1186038585,0.1197757221,287980304.5,10487486672.32,2024-04-27 23:59:59.999000+00:00,TRON_01_01_2024-01_01_2025_historical_data_coinmarketcap.csv,TRON,2024,4,27,0,23,7,3
2024-04-26 00:00:00+00:00,2024-04-26 23:59:59.999000+00:00,2024-04-26 20:01:00+00:00,2024-04-26 07:16:00+00:00,2781,0.1172282469,0.1205681325,0.1165590786,0.1200552149,351468147.13,10512429026.27,2024-04-26 23:59:59.999000+00:00,TRON_01_01_2024-01_01_2025_historical_data_coinmarketcap.csv,TRON,2024,4,26,0,23,20,7
2024-04-25 00:00:00+00:00,2024-04-25 23:59:59.999000+00:00,2024-04-25 21:19:00+00:00,2024-04-25 00:02:00+00:00,2781,0.1132259273,0.1174365728,0.113217861,0.1172282469,359612034.88,10265575776.8,2024-04-25 23:59:59.999000+00:00,TRON_01_01_2024-01_01_2025_historical_data_coinmarketcap.csv,TRON,2024,4,25,0,23,21,0
2024-04-24 00:00:00+00:00,2024-04-24 23:59:59.999000+00:00,2024-04-24 12:32:00+00:00,2024-04-24 01:11:00+00:00,2781,0.1132733018,0.1140396877,0.1125692129,0.1132240682,321459433.29,9915747712.03,2024-04-24 23:59:59.999000+00:00,TRON_01_01_2024-01_01_2025_historical_data_coinmarketcap.csv,TRON,2024,4,24,0,23,12,1
2024-04-23 00:00:00+00:00,2024-04-23 23:59:59.999000+00:00,2024-04-23 21:31:00+00:00,2024-04-23 03:40:00+00:00,2781,0.1122899595,0.1136714113,0.1114130037,0.1132731718,270459502.35,9920584379.4,2024-04-23 23:59:59.999000+00:00,TRON_01_01_2024-01_01_2025_historical_data_coinmarketcap.csv,TRON,2024,4,23,0,23,21,3
2024-04-22 00:00:00+00:00,2024-04-22 23:59:59.999000+00:00,2024-04-22 23:26:00+00:00,2024-04-22 02:34:00+00:00,2781,0.1113473031,0.1124723388,0.1105493255,0.1122899595,277496701.38,9835192412.15,2024-04-22 23:59:59.999000+00:00,TRON_01_01_2024-01_01_2025_historical_data_coinmarketcap.csv,TRON,2024,4,22,0,23,23,2
2024-04-21 00:00:00+00:00,2024-04-21 23:59:59.999000+00:00,2024-04-21 03:13:00+00:00,2024-04-21 16:47:00+00:00,2781,0.1111203079,0.111499332,0.1103634368,0.1113473031,202407396.44,9753379839.57,2024-04-21 23:59:59.999000+00:00,TRON_01_01_2024-01_01_2025_historical_data_coinmarketcap.csv,TRON,2024,4,21,0,23,3,16
2024-04-20 00:00:00+00:00,2024-04-20 23:59:59.999000+00:00,2024-04-20 18:07:00+00:00,2024-04-20 10:27:00+00:00,2781,0.109947695,0.1111918683,0.1091182989,0.1111203079,276359683.33,9733956140.88,2024-04-20 23:59:59.999000+00:00,TRON_01_01_2024-01_01_2025_historical_data_coinmarketcap.csv,TRON,2024,4,20,0,23,18,10
2024-04-19 00:00:00+00:00,2024-04-19 23:59:59.999000+00:00,2024-04-19 22:18:00+00:00,2024-04-19 02:25:00+00:00,2781,0.1093292892,0.1106463023,0.1055667612,0.109947695,462227373.27,9631804996.66,2024-04-19 23:59:59.999000+00:00,TRON_01_01_2024-01_01_2025_historical_data_coinmarketcap.csv,TRON,2024,4,19,0,23,22,2
2024-04-18 00:00:00+00:00,2024-04-18 23:59:59.999000+00:00,2024-04-18 03:29:00+00:00,2024-04-18 13:55:00+00:00,2781,0.1097381314,0.1101553941,0.1076929642,0.1093292892,356937639.89,9578468067.37,2024-04-18 23:59:59.999000+00:00,TRON_01_01_2024-01_01_2025_historical_data_coinmarketcap.csv,TRON,2024,4,18,0,23,3,13
2024-04-17 00:00:00+00:00,2024-04-17 23:59:59.999000+00:00,2024-04-17 05:08:00+00:00,2024-04-17 16:08:00+00:00,2781,0.1118250819,0.1130331621,0.109188183,0.1097366074,372091717.29,9615120532.75,2024-04-17 23:59:59.999000+00:00,TRON_01_01_2024-01_01_2025_historical_data_coinmarketcap.csv,TRON,2024,4,17,0,23,5,16
2024-04-16 00:00:00+00:00,2024-04-16 23:59:59.999000+00:00,2024-04-16 23:41:00+00:00,2024-04-16 16:22:00+00:00,2781,0.1115299957,0.1121009563,0.1090580788,0.1118247174,425035281.73,9798804422.49,2024-04-16 23:59:59.999000+00:00,TRON_01_01_2024-01_01_2025_historical_data_coinmarketcap.csv,TRON,2024,4,16,0,23,23,16
2024-04-15 00:00:00+00:00,2024-04-15 23:59:59.999000+00:00,2024-04-15 08:46:00+00:00,2024-04-15 19:08:00+00:00,2781,0.1125917793,0.1154133803,0.1102238838,0.1115299957,497080993.93,9773736491.76,2024-04-15 23:59:59.999000+00:00,TRON_01_01_2024-01_01_2025_historical_data_coinmarketcap.csv,TRON,2024,4,15,0,23,8,19
2024-04-14 00:00:00+00:00,2024-04-14 23:59:59.999000+00:00,2024-04-14 23:46:00+00:00,2024-04-14 03:16:00+00:00,2781,0.1103031981,0.1127123322,0.1090341715,0.1125917793,439868653.17,9867673415.21,2024-04-14 23:59:59.999000+00:00,TRON_01_01_2024-01_01_2025_historical_data_coinmarketcap.csv,TRON,2024,4,14,0,23,23,3
2024-04-13 00:00:00+00:00,2024-04-13 23:59:59.999000+00:00,2024-04-13 00:35:00+00:00,2024-04-13 21:50:00+00:00,2781,0.1148816563,0.115324378,0.1078676431,0.1103031981,584646396.72,9667556709.48,2024-04-13 23:59:59.999000+00:00,TRON_01_01_2024-01_01_2025_historical_data_coinmarketcap.csv,TRON,2024,4,13,0,23,0,21
2024-04-12 00:00:00+00:00,2024-04-12 23:59:59.999000+00:00,2024-04-12 02:14:00+00:00,2024-04-12 19:53:00+00:00,2781,0.1204028039,0.1222466596,0.1135436643,0.1148795132,528820520.88,10069446378.4,2024-04-12 23:59:59.999000+00:00,TRON_01_01_2024-01_01_2025_historical_data_coinmarketcap.csv,TRON,2024,4,12,0,23,2,19
2024-04-11 00:00:00+00:00,2024-04-11 23:59:59.999000+00:00,2024-04-11 23:16:00+00:00,2024-04-11 00:10:00+00:00,2781,0.1192055599,0.1204924007,0.1189750072,0.1204028039,276293638.26,10554246126.2,2024-04-11 23:59:59.999000+00:00,TRON_01_01_2024-01_01_2025_historical_data_coinmarketcap.csv,TRON,2024,4,11,0,23,23,0
2024-04-10 00:00:00+00:00,2024-04-10 23:59:59.999000+00:00,2024-04-10 07:46:00+00:00,2024-04-10 13:33:00+00:00,2781,0.1210779029,0.1239040993,0.1179421843,0.1192055599,411323271.4,10450033362.56,2024-04-10 23:59:59.999000+00:00,TRON_01_01_2024-01_01_2025_historical_data_coinmarketcap.csv,TRON,2024,4,10,0,23,7,13
2024-04-09 00:00:00+00:00,2024-04-09 23:59:59.999000+00:00,2024-04-09 00:04:00+00:00,2024-04-09 17:13:00+00:00,2781,0.1230148852,0.1230954634,0.1204175358,0.1210777747,297865516.23,10614935837.23,2024-04-09 23:59:59.999000+00:00,TRON_01_01_2024-01_01_2025_historical_data_coinmarketcap.csv,TRON,2024,4,9,0,23,0,17
2024-04-08 00:00:00+00:00,2024-04-08 23:59:59.999000+00:00,2024-04-08 13:34:00+00:00,2024-04-08 00:01:00+00:00,2781,0.1205442598,0.1234126921,0.1205195606,0.1230148852,307149715.04,10785605702.42,2024-04-08 23:59:59.999000+00:00,TRON_01_01_2024-01_01_2025_historical_data_coinmarketcap.csv,TRON,2024,4,8,0,23,13,0
2024-04-07 00:00:00+00:00,2024-04-07 23:59:59.999000+00:00,2024-04-07 15:20:00+00:00,2024-04-07 00:06:00+00:00,2781,0.119653022,0.1209490251,0.1196282035,0.1205442598,184551684.51,10569871350.8,2024-04-07 23:59:59.999000+00:00,TRON_01_01_2024-01_01_2025_historical_data_coinmarketcap.csv,TRON,2024,4,7,0,23,15,0
2024-04-06 00:00:00+00:00,2024-04-06 23:59:59.999000+00:00,2024-04-06 23:16:00+00:00,2024-04-06 02:41:00+00:00,2781,0.1179655319,0.1198988604,0.1178202908,0.119653022,189209397.11,10492250531.65,2024-04-06 23:59:59.999000+00:00,TRON_01_01_2024-01_01_2025_historical_data_coinmarketcap.csv,TRON,2024,4,6,0,23,23,2
2024-04-05 00:00:00+00:00,2024-04-05 23:59:59.999000+00:00,2024-04-05 01:00:00+00:00,2024-04-05 12:08:00+00:00,2781,0.119176364,0.1194459966,0.1174158186,0.1179655319,289741310.86,10344851460.79,2024-04-05 23:59:59.999000+00:00,TRON_01_01_2024-01_01_2025_historical_data_coinmarketcap.csv,TRON,2024,4,5,0,23,1,12
2024-04-04 00:00:00+00:00,2024-04-04 23:59:59.999000+00:00,2024-04-04 18:07:00+00:00,2024-04-04 04:34:00+00:00,2781,0.1172606526,0.1195093598,0.1169419877,0.1191756605,289517255.18,10451912789.96,2024-04-04 23:59:59.999000+00:00,TRON_01_01_2024-01_01_2025_historical_data_coinmarketcap.csv,TRON,2024,4,4,0,23,18,4
2024-04-03 00:00:00+00:00,2024-04-03 23:59:59.999000+00:00,2024-04-03 10:27:00+00:00,2024-04-03 00:41:00+00:00,2781,0.1166832133,0.1184823487,0.115871489,0.1172611614,334945423.6,10284784146.11,2024-04-03 23:59:59.999000+00:00,TRON_01_01_2024-01_01_2025_historical_data_coinmarketcap.csv,TRON,2024,4,3,0,23,10,0
2024-04-02 00:00:00+00:00,2024-04-02 23:59:59.999000+00:00,2024-04-02 00:04:00+00:00,2024-04-02 16:26:00+00:00,2781,0.1205875017,0.1206154074,0.1159413232,0.1166832133,396269581.22,10235047811.31,2024-04-02 23:59:59.999000+00:00,TRON_01_01_2024-01_01_2025_historical_data_coinmarketcap.csv,TRON,2024,4,2,0,23,0,16
2024-04-01 00:00:00+00:00,2024-04-01 23:59:59.999000+00:00,2024-04-01 04:12:00+00:00,2024-04-01 17:31:00+00:00,2781,0.1229874787,0.1232283765,0.1199702721,0.1205912831,309064933.72,10578641788.75,2024-04-01 23:59:59.999000+00:00,TRON_01_01_2024-01_01_2025_historical_data_coinmarketcap.csv,TRON,2024,4,1,0,23,4,17
2024-03-31 00:00:00+00:00,2024-03-31 23:59:59.999000+00:00,2024-03-31 16:16:00+00:00,2024-03-31 09:19:00+00:00,2781,0.1225982997,0.1233331824,0.1221593529,0.1229874787,204426057.75,10790233535.21,2024-03-31 23:59:59.999000+00:00,TRON_01_01_2024-01_01_2025_historical_data_coinmarketcap.csv,TRON,2024,3,31,0,23,16,9
2024-03-30 00:00:00+00:00,2024-03-30 23:59:59.999000+00:00,2024-03-30 22:55:00+00:00,2024-03-30 00:01:00+00:00,2781,0.1199840117,0.1229811975,0.1199758631,0.1225991802,236560784.9,10756642375.92,2024-03-30 23:59:59.999000+00:00,TRON_01_01_2024-01_01_2025_historical_data_coinmarketcap.csv,TRON,2024,3,30,0,23,22,0
2024-03-29 00:00:00+00:00,2024-03-29 23:59:59.999000+00:00,2024-03-29 14:34:00+00:00,2024-03-29 08:04:00+00:00,2781,0.1203991534,0.1210158772,0.1195921915,0.1199846509,263559648.98,10527852744.49,2024-03-29 23:59:59.999000+00:00,TRON_01_01_2024-01_01_2025_historical_data_coinmarketcap.csv,TRON,2024,3,29,0,23,14,8
2024-03-28 00:00:00+00:00,2024-03-28 23:59:59.999000+00:00,2024-03-28 15:03:00+00:00,2024-03-28 03:50:00+00:00,2781,0.1194848468,0.1206481811,0.1190603045,0.1203991534,255729566.03,10565093325.71,2024-03-28 23:59:59.999000+00:00,TRON_01_01_2024-01_01_2025_historical_data_coinmarketcap.csv,TRON,2024,3,28,0,23,15,3
2024-03-27 00:00:00+00:00,2024-03-27 23:59:59.999000+00:00,2024-03-27 03:26:00+00:00,2024-03-27 19:01:00+00:00,2781,0.120778477,0.1214637434,0.1189685557,0.1194853198,327217154.84,10485774887.57,2024-03-27 23:59:59.999000+00:00,TRON_01_01_2024-01_01_2025_historical_data_coinmarketcap.csv,TRON,2024,3,27,0,23,3,19
2024-03-26 00:00:00+00:00,2024-03-26 23:59:59.999000+00:00,2024-03-26 13:11:00+00:00,2024-03-26 00:09:00+00:00,2781,0.1204687111,0.1223438482,0.1203687963,0.1207777784,351646469.65,10600309896.88,2024-03-26 23:59:59.999000+00:00,TRON_01_01_2024-01_01_2025_historical_data_coinmarketcap.csv,TRON,2024,3,26,0,23,13,0
2024-03-25 00:00:00+00:00,2024-03-25 23:59:59.999000+00:00,2024-03-25 20:33:00+00:00,2024-03-25 08:08:00+00:00,2781,0.1201843936,0.1210634099,0.1173763497,0.1204691545,384619969.32,10574274186.8,2024-03-25 23:59:59.999000+00:00,TRON_01_01_2024-01_01_2025_historical_data_coinmarketcap.csv,TRON,2024,3,25,0,23,20,8
2024-03-24 00:00:00+00:00,2024-03-24 23:59:59.999000+00:00,2024-03-24 09:03:00+00:00,2024-03-24 09:58:00+00:00,2781,0.1183296032,0.1205362816,0.1167631494,0.1201875577,322960294.76,10550435150.49,2024-03-24 23:59:59.999000+00:00,TRON_01_01_2024-01_01_2025_historical_data_coinmarketcap.csv,TRON,2024,3,24,0,23,9,9
2024-03-23 00:00:00+00:00,2024-03-23 23:59:59.999000+00:00,2024-03-23 22:40:00+00:00,2024-03-23 03:40:00+00:00,2781,0.1172266316,0.1197149031,0.1162132862,0.1183296032,323639415.61,10388107874.91,2024-03-23 23:59:59.999000+00:00,TRON_01_01_2024-01_01_2025_historical_data_coinmarketcap.csv,TRON,2024,3,23,0,23,22,3
2024-03-22 00:00:00+00:00,2024-03-22 23:59:59.999000+00:00,2024-03-22 06:11:00+00:00,2024-03-22 22:25:00+00:00,2781,0.1211260136,0.1215269569,0.1153493523,0.1172280789,427328734.52,10291935919.26,2024-03-22 23:59:59.999000+00:00,TRON_01_01_2024-01_01_2025_historical_data_coinmarketcap.csv,TRON,2024,3,22,0,23,6,22
2024-03-21 00:00:00+00:00,2024-03-21 23:59:59.999000+00:00,2024-03-21 12:19:00+00:00,2024-03-21 18:46:00+00:00,2781,0.1209220286,0.121929591,0.1204313195,0.1211260136,409297522.05,10635257196.98,2024-03-21 23:59:59.999000+00:00,TRON_01_01_2024-01_01_2025_historical_data_coinmarketcap.csv,TRON,2024,3,21,0,23,12,18
2024-03-20 00:00:00+00:00,2024-03-20 23:59:59.999000+00:00,2024-03-20 23:43:00+00:00,2024-03-20 05:28:00+00:00,2781,0.1123823274,0.1212183962,0.1106436634,0.1209220286,680147410.38,10618406822.22,2024-03-20 23:59:59.999000+00:00,TRON_01_01_2024-01_01_2025_historical_data_coinmarketcap.csv,TRON,2024,3,20,0,23,23,5
2024-03-19 00:00:00+00:00,2024-03-19 23:59:59.999000+00:00,2024-03-19 00:22:00+00:00,2024-03-19 23:26:00+00:00,2781,0.1240958504,0.1243372206,0.1104869681,0.1123823274,706956687.39,9869554480.79,2024-03-19 23:59:59.999000+00:00,TRON_01_01_2024-01_01_2025_historical_data_coinmarketcap.csv,TRON,2024,3,19,0,23,0,23
2024-03-18 00:00:00+00:00,2024-03-18 23:59:59.999000+00:00,2024-03-18 08:01:00+00:00,2024-03-18 19:07:00+00:00,2781,0.1261980709,0.1266415469,0.1230161484,0.1240958504,350277414.69,10899451034.59,2024-03-18 23:59:59.999000+00:00,TRON_01_01_2024-01_01_2025_historical_data_coinmarketcap.csv,TRON,2024,3,18,0,23,8,19
2024-03-17 00:00:00+00:00,2024-03-17 23:59:59.999000+00:00,2024-03-17 22:46:00+00:00,2024-03-17 07:41:00+00:00,2781,0.1252021655,0.1265018463,0.1242388706,0.1261980709,330839521.94,11085187152.72,2024-03-17 23:59:59.999000+00:00,TRON_01_01_2024-01_01_2025_historical_data_coinmarketcap.csv,TRON,2024,3,17,0,23,22,7
2024-03-16 00:00:00+00:00,2024-03-16 23:59:59.999000+00:00,2024-03-16 10:21:00+00:00,2024-03-16 23:19:00+00:00,2781,0.1263712458,0.1273736858,0.1248216931,0.1252021094,370216041.06,10998410589.4,2024-03-16 23:59:59.999000+00:00,TRON_01_01_2024-01_01_2025_historical_data_coinmarketcap.csv,TRON,2024,3,16,0,23,10,23
2024-03-15 00:00:00+00:00,2024-03-15 23:59:59.999000+00:00,2024-03-15 00:44:00+00:00,2024-03-15 11:31:00+00:00,2781,0.1291118588,0.1293254582,0.125243429,0.1263709396,587485000.11,11101838228.26,2024-03-15 23:59:59.999000+00:00,TRON_01_01_2024-01_01_2025_historical_data_coinmarketcap.csv,TRON,2024,3,15,0,23,0,11
2024-03-14 00:00:00+00:00,2024-03-14 23:59:59.999000+00:00,2024-03-14 00:11:00+00:00,2024-03-14 19:46:00+00:00,2781,0.1319939582,0.1320639337,0.127867635,0.1291118588,470720225.74,11343813733.7,2024-03-14 23:59:59.999000+00:00,TRON_01_01_2024-01_01_2025_historical_data_coinmarketcap.csv,TRON,2024,3,14,0,23,0,19
2024-03-13 00:00:00+00:00,2024-03-13 23:59:59.999000+00:00,2024-03-13 09:10:00+00:00,2024-03-13 13:59:00+00:00,2781,0.1314538148,0.1323671005,0.1312296315,0.1319933305,372850235.44,11598155981.94,2024-03-13 23:59:59.999000+00:00,TRON_01_01_2024-01_01_2025_historical_data_coinmarketcap.csv,TRON,2024,3,13,0,23,9,13
2024-03-12 00:00:00+00:00,2024-03-12 23:59:59.999000+00:00,2024-03-12 02:16:00+00:00,2024-03-12 17:32:00+00:00,2781,0.1337551846,0.1340982309,0.1306686688,0.1314538148,438184277.23,11551818177.58,2024-03-12 23:59:59.999000+00:00,TRON_01_01_2024-01_01_2025_historical_data_coinmarketcap.csv,TRON,2024,3,12,0,23,2,17
2024-03-11 00:00:00+00:00,2024-03-11 23:59:59.999000+00:00,2024-03-11 00:11:00+00:00,2024-03-11 14:48:00+00:00,2781,0.1338808265,0.1343412288,0.1320299879,0.1337551846,470911164.84,11755305187.67,2024-03-11 23:59:59.999000+00:00,TRON_01_01_2024-01_01_2025_historical_data_coinmarketcap.csv,TRON,2024,3,11,0,23,0,14
2024-03-10 00:00:00+00:00,2024-03-10 23:59:59.999000+00:00,2024-03-10 07:23:00+00:00,2024-03-10 23:03:00+00:00,2781,0.1360835592,0.1363166736,0.1336794303,0.1338793639,325824638.68,11767608822.38,2024-03-10 23:59:59.999000+00:00,TRON_01_01_2024-01_01_2025_historical_data_coinmarketcap.csv,TRON,2024,3,10,0,23,7,23
2024-03-09 00:00:00+00:00,2024-03-09 23:59:59.999000+00:00,2024-03-09 07:02:00+00:00,2024-03-09 10:29:00+00:00,2781,0.136947842,0.1373727563,0.1359175574,0.1360833998,315886705.67,11961889338.57,2024-03-09 23:59:59.999000+00:00,TRON_01_01_2024-01_01_2025_historical_data_coinmarketcap.csv,TRON,2024,3,9,0,23,7,10
2024-03-08 00:00:00+00:00,2024-03-08 23:59:59.999000+00:00,2024-03-08 13:16:00+00:00,2024-03-08 16:16:00+00:00,2781,0.1373215919,0.137801118,0.1361818518,0.136947842,366795844.84,12038700567.51,2024-03-08 23:59:59.999000+00:00,TRON_01_01_2024-01_01_2025_historical_data_coinmarketcap.csv,TRON,2024,3,8,0,23,13,16
2024-03-07 00:00:00+00:00,2024-03-07 23:59:59.999000+00:00,2024-03-07 00:57:00+00:00,2024-03-07 13:37:00+00:00,2781,0.1377632709,0.1380885934,0.1367635904,0.1373224662,370515127.89,12072658407.77,2024-03-07 23:59:59.999000+00:00,TRON_01_01_2024-01_01_2025_historical_data_coinmarketcap.csv,TRON,2024,3,7,0,23,0,13
2024-03-06 00:00:00+00:00,2024-03-06 23:59:59.999000+00:00,2024-03-06 08:22:00+00:00,2024-03-06 03:01:00+00:00,2781,0.1360816259,0.1382523062,0.1355631388,0.1377632709,528421791.22,12112690742.51,2024-03-06 23:59:59.999000+00:00,TRON_01_01_2024-01_01_2025_historical_data_coinmarketcap.csv,TRON,2024,3,6,0,23,8,3
2024-03-05 00:00:00+00:00,2024-03-05 23:59:59.999000+00:00,2024-03-05 01:56:00+00:00,2024-03-05 19:58:00+00:00,2781,0.1404140034,0.1405722057,0.1350580806,0.1360822345,712988514.96,11966120391.79,2024-03-05 23:59:59.999000+00:00,TRON_01_01_2024-01_01_2025_historical_data_coinmarketcap.csv,TRON,2024,3,5,0,23,1,19
2024-03-04 00:00:00+00:00,2024-03-04 23:59:59.999000+00:00,2024-03-04 12:40:00+00:00,2024-03-04 04:13:00+00:00,2781,0.1406928907,0.1412792812,0.1396680491,0.1404177869,489746585.38,12349039742.89,2024-03-04 23:59:59.999000+00:00,TRON_01_01_2024-01_01_2025_historical_data_coinmarketcap.csv,TRON,2024,3,4,0,23,12,4
2024-03-03 00:00:00+00:00,2024-03-03 23:59:59.999000+00:00,2024-03-03 05:52:00+00:00,2024-03-03 08:11:00+00:00,2781,0.1412805414,0.1413042866,0.1400107071,0.1406887783,312512282.36,12374304467.05,2024-03-03 23:59:59.999000+00:00,TRON_01_01_2024-01_01_2025_historical_data_coinmarketcap.csv,TRON,2024,3,3,0,23,5,8
2024-03-02 00:00:00+00:00,2024-03-02 23:59:59.999000+00:00,2024-03-02 00:28:00+00:00,2024-03-02 09:57:00+00:00,2781,0.141606602,0.1417922172,0.1403170378,0.1412814405,305096357.58,12427288957.71,2024-03-02 23:59:59.999000+00:00,TRON_01_01_2024-01_01_2025_historical_data_coinmarketcap.csv,TRON,2024,3,2,0,23,0,9
2024-03-01 00:00:00+00:00,2024-03-01 23:59:59.999000+00:00,2024-03-01 23:49:00+00:00,2024-03-01 16:44:00+00:00,2781,0.1405820979,0.1416261259,0.140444729,0.1415994684,327944051.56,12456638435.18,2024-03-01 23:59:59.999000+00:00,TRON_01_01_2024-01_01_2025_historical_data_coinmarketcap.csv,TRON,2024,3,1,0,23,23,16
2024-02-29 00:00:00+00:00,2024-02-29 23:59:59.999000+00:00,2024-02-29 08:34:00+00:00,2024-02-29 22:44:00+00:00,2781,0.1422294726,0.1436712697,0.1403928222,0.1405782334,449732034.25,12367538457.13,2024-02-29 23:59:59.999000+00:00,TRON_01_01_2024-01_01_2025_historical_data_coinmarketcap.csv,TRON,2024,2,29,0,23,8,22
2024-02-28 00:00:00+00:00,2024-02-28 23:59:59.999000+00:00,2024-02-28 17:17:00+00:00,2024-02-28 17:34:00+00:00,2781,0.1428828422,0.1441262662,0.1410394676,0.1422344225,535931021.03,12514576272.37,2024-02-28 23:59:59.999000+00:00,TRON_01_01_2024-01_01_2025_historical_data_coinmarketcap.csv,TRON,2024,2,28,0,23,17,17
2024-02-27 00:00:00+00:00,2024-02-27 23:59:59.999000+00:00,2024-02-27 21:22:00+00:00,2024-02-27 00:48:00+00:00,2781,0.1399188639,0.143754847,0.1397999247,0.1428852397,433238586.14,12573040264.39,2024-02-27 23:59:59.999000+00:00,TRON_01_01_2024-01_01_2025_historical_data_coinmarketcap.csv,TRON,2024,2,27,0,23,21,0
2024-02-26 00:00:00+00:00,2024-02-26 23:59:59.999000+00:00,2024-02-26 20:14:00+00:00,2024-02-26 01:53:00+00:00,2781,0.1376172899,0.1400760308,0.1374047266,0.1399202601,300182189.32,12313187773.62,2024-02-26 23:59:59.999000+00:00,TRON_01_01_2024-01_01_2025_historical_data_coinmarketcap.csv,TRON,2024,2,26,0,23,20,1
2024-02-25 00:00:00+00:00,2024-02-25 23:59:59.999000+00:00,2024-02-25 19:29:00+00:00,2024-02-25 10:59:00+00:00,2781,0.1374482848,0.1379348818,0.1372509769,0.1376175289,190733974.86,12111553195.27,2024-02-25 23:59:59.999000+00:00,TRON_01_01_2024-01_01_2025_historical_data_coinmarketcap.csv,TRON,2024,2,25,0,23,19,10
2024-02-24 00:00:00+00:00,2024-02-24 23:59:59.999000+00:00,2024-02-24 00:57:00+00:00,2024-02-24 15:41:00+00:00,2781,0.1381891059,0.1382989237,0.1370099739,0.1374480683,211694409.92,12097133863.43,2024-02-24 23:59:59.999000+00:00,TRON_01_01_2024-01_01_2025_historical_data_coinmarketcap.csv,TRON,2024,2,24,0,23,0,15
2024-02-23 00:00:00+00:00,2024-02-23 23:59:59.999000+00:00,2024-02-23 14:30:00+00:00,2024-02-23 16:08:00+00:00,2781,0.1389293452,0.1392389528,0.1376787772,0.1381885376,268932312.39,12162814488.71,2024-02-23 23:59:59.999000+00:00,TRON_01_01_2024-01_01_2025_historical_data_coinmarketcap.csv,TRON,2024,2,23,0,23,14,16
2024-02-22 00:00:00+00:00,2024-02-22 23:59:59.999000+00:00,2024-02-22 10:31:00+00:00,2024-02-22 22:33:00+00:00,2781,0.1397361565,0.1401197667,0.1386529857,0.1389298468,317088279.82,12228827131.94,2024-02-22 23:59:59.999000+00:00,TRON_01_01_2024-01_01_2025_historical_data_coinmarketcap.csv,TRON,2024,2,22,0,23,10,22
2024-02-21 00:00:00+00:00,2024-02-21 23:59:59.999000+00:00,2024-02-21 06:06:00+00:00,2024-02-21 12:08:00+00:00,2781,0.1392741018,0.1404163926,0.1386561327,0.1397319636,432026952.21,12300288629.33,2024-02-21 23:59:59.999000+00:00,TRON_01_01_2024-01_01_2025_historical_data_coinmarketcap.csv,TRON,2024,2,21,0,23,6,12
2024-02-20 00:00:00+00:00,2024-02-20 23:59:59.999000+00:00,2024-02-20 22:43:00+00:00,2024-02-20 01:29:00+00:00,2781,0.1363682704,0.1399747871,0.1359831338,0.139274537,398791346.26,12261035063.66,2024-02-20 23:59:59.999000+00:00,TRON_01_01_2024-01_01_2025_historical_data_coinmarketcap.csv,TRON,2024,2,20,0,23,22,1
2024-02-19 00:00:00+00:00,2024-02-19 23:59:59.999000+00:00,2024-02-19 22:22:00+00:00,2024-02-19 00:05:00+00:00,2781,0.1351907208,0.1367661933,0.1351562108,0.1363682064,276812945.23,12006062909.66,2024-02-19 23:59:59.999000+00:00,TRON_01_01_2024-01_01_2025_historical_data_coinmarketcap.csv,TRON,2024,2,19,0,23,22,0
2024-02-18 00:00:00+00:00,2024-02-18 23:59:59.999000+00:00,2024-02-18 00:32:00+00:00,2024-02-18 04:20:00+00:00,2781,0.1358985093,0.1360624448,0.1348070045,0.1351860417,234406233.06,11902962584.7,2024-02-18 23:59:59.999000+00:00,TRON_01_01_2024-01_01_2025_historical_data_coinmarketcap.csv,TRON,2024,2,18,0,23,0,4
2024-02-17 00:00:00+00:00,2024-02-17 23:59:59.999000+00:00,2024-02-17 12:46:00+00:00,2024-02-17 01:41:00+00:00,2781,0.1329304409,0.1393768175,0.1326705128,0.1358907173,455688874.59,11965465827.47,2024-02-17 23:59:59.999000+00:00,TRON_01_01_2024-01_01_2025_historical_data_coinmarketcap.csv,TRON,2024,2,17,0,23,12,1
2024-02-16 00:00:00+00:00,2024-02-16 23:59:59.999000+00:00,2024-02-16 23:50:00+00:00,2024-02-16 15:34:00+00:00,2781,0.1311702539,0.1329513347,0.1308720837,0.1329234618,296219328.85,11704716427.29,2024-02-16 23:59:59.999000+00:00,TRON_01_01_2024-01_01_2025_historical_data_coinmarketcap.csv,TRON,2024,2,16,0,23,23,15
2024-02-15 00:00:00+00:00,2024-02-15 23:59:59.999000+00:00,2024-02-15 09:35:00+00:00,2024-02-15 00:02:00+00:00,2781,0.1296847913,0.1318471164,0.1296784224,0.1311689769,388631450.73,11550945921.42,2024-02-15 23:59:59.999000+00:00,TRON_01_01_2024-01_01_2025_historical_data_coinmarketcap.csv,TRON,2024,2,15,0,23,9,0
2024-02-14 00:00:00+00:00,2024-02-14 23:59:59.999000+00:00,2024-02-14 21:59:00+00:00,2024-02-14 01:47:00+00:00,2781,0.1269423262,0.1297626007,0.1266391727,0.1296836249,305312705.92,11420872285.8,2024-02-14 23:59:59.999000+00:00,TRON_01_01_2024-01_01_2025_historical_data_coinmarketcap.csv,TRON,2024,2,14,0,23,21,1
2024-02-13 00:00:00+00:00,2024-02-13 23:59:59.999000+00:00,2024-02-13 22:58:00+00:00,2024-02-13 14:25:00+00:00,2781,0.1250624111,0.1270679769,0.1247602206,0.1269423531,269282902.88,11180070596.86,2024-02-13 23:59:59.999000+00:00,TRON_01_01_2024-01_01_2025_historical_data_coinmarketcap.csv,TRON,2024,2,13,0,23,22,14
2024-02-12 00:00:00+00:00,2024-02-12 23:59:59.999000+00:00,2024-02-12 16:02:00+00:00,2024-02-12 02:50:00+00:00,2781,0.124275264,0.12576003,0.1236526431,0.125057725,272926450.87,11014699919.95,2024-02-12 23:59:59.999000+00:00,TRON_01_01_2024-01_01_2025_historical_data_coinmarketcap.csv,TRON,2024,2,12,0,23,16,2
2024-02-11 00:00:00+00:00,2024-02-11 23:59:59.999000+00:00,2024-02-11 07:22:00+00:00,2024-02-11 21:11:00+00:00,2781,0.1244077922,0.1249124762,0.1241025725,0.1242778769,178880486.29,10946602988.09,2024-02-11 23:59:59.999000+00:00,TRON_01_01_2024-01_01_2025_historical_data_coinmarketcap.csv,TRON,2024,2,11,0,23,7,21
2024-02-10 00:00:00+00:00,2024-02-10 23:59:59.999000+00:00,2024-02-10 21:30:00+00:00,2024-02-10 11:01:00+00:00,2781,0.123777242,0.1245867576,0.1231077691,0.1244099564,184159083.01,10958426165.92,2024-02-10 23:59:59.999000+00:00,TRON_01_01_2024-01_01_2025_historical_data_coinmarketcap.csv,TRON,2024,2,10,0,23,21,11
2024-02-09 00:00:00+00:00,2024-02-09 23:59:59.999000+00:00,2024-02-09 23:25:00+00:00,2024-02-09 00:07:00+00:00,2781,0.1219217063,0.1238968604,0.1218458301,0.1237763677,276136935.15,10902853619.2,2024-02-09 23:59:59.999000+00:00,TRON_01_01_2024-01_01_2025_historical_data_coinmarketcap.csv,TRON,2024,2,9,0,23,23,0
2024-02-08 00:00:00+00:00,2024-02-08 23:59:59.999000+00:00,2024-02-08 06:20:00+00:00,2024-02-08 08:14:00+00:00,2781,0.1235321049,0.1266470639,0.1212155671,0.121923663,316971277.35,10740221458.8,2024-02-08 23:59:59.999000+00:00,TRON_01_01_2024-01_01_2025_historical_data_coinmarketcap.csv,TRON,2024,2,8,0,23,6,8
2024-02-07 00:00:00+00:00,2024-02-07 23:59:59.999000+00:00,2024-02-07 15:31:00+00:00,2024-02-07 00:00:00+00:00,2781,0.1209129861,0.126154045,0.1209129861,0.1235154242,302925715.39,10881071775.91,2024-02-07 23:59:59.999000+00:00,TRON_01_01_2024-01_01_2025_historical_data_coinmarketcap.csv,TRON,2024,2,7,0,23,15,0
2024-02-06 00:00:00+00:00,2024-02-06 23:59:59.999000+00:00,2024-02-06 08:58:00+00:00,2024-02-06 00:07:00+00:00,2781,0.1188979229,0.1260932348,0.1188533272,0.120896589,327307296.58,10651040115.87,2024-02-06 23:59:59.999000+00:00,TRON_01_01_2024-01_01_2025_historical_data_coinmarketcap.csv,TRON,2024,2,6,0,23,8,0
2024-02-05 00:00:00+00:00,2024-02-05 23:59:59.999000+00:00,2024-02-05 06:13:00+00:00,2024-02-05 18:46:00+00:00,2781,0.1183863731,0.1197590607,0.1177927377,0.1189040083,242736395.93,10476222414.04,2024-02-05 23:59:59.999000+00:00,TRON_01_01_2024-01_01_2025_historical_data_coinmarketcap.csv,TRON,2024,2,5,0,23,6,18
2024-02-04 00:00:00+00:00,2024-02-04 23:59:59.999000+00:00,2024-02-04 22:16:00+00:00,2024-02-04 07:01:00+00:00,2781,0.1172171799,0.118895698,0.1169719863,0.1183879461,185096146.44,10431592563.95,2024-02-04 23:59:59.999000+00:00,TRON_01_01_2024-01_01_2025_historical_data_coinmarketcap.csv,TRON,2024,2,4,0,23,22,7
2024-02-03 00:00:00+00:00,2024-02-03 23:59:59.999000+00:00,2024-02-03 23:14:00+00:00,2024-02-03 07:14:00+00:00,2781,0.1162724339,0.1173426136,0.1160448943,0.1172165379,157226912.49,10328749041.21,2024-02-03 23:59:59.999000+00:00,TRON_01_01_2024-01_01_2025_historical_data_coinmarketcap.csv,TRON,2024,2,3,0,23,23,7
2024-02-02 00:00:00+00:00,2024-02-02 23:59:59.999000+00:00,2024-02-02 06:52:00+00:00,2024-02-02 00:00:00+00:00,2781,0.1155728603,0.1178843942,0.1155728603,0.1162798967,265930418.32,10246693885.05,2024-02-02 23:59:59.999000+00:00,TRON_01_01_2024-01_01_2025_historical_data_coinmarketcap.csv,TRON,2024,2,2,0,23,6,0
2024-02-01 00:00:00+00:00,2024-02-01 23:59:59.999000+00:00,2024-02-01 22:41:00+00:00,2024-02-01 01:57:00+00:00,2781,0.1122386567,0.1157821303,0.11174986,0.1155674073,276079935.41,10184641593.51,2024-02-01 23:59:59.999000+00:00,TRON_01_01_2024-01_01_2025_historical_data_coinmarketcap.csv,TRON,2024,2,1,0,23,22,1
2024-01-31 00:00:00+00:00,2024-01-31 23:59:59.999000+00:00,2024-01-31 08:42:00+00:00,2024-01-31 02:23:00+00:00,2781,0.1120462261,0.1134545605,0.1114657129,0.1122398926,304178038.8,9892135620.56,2024-01-31 23:59:59.999000+00:00,TRON_01_01_2024-01_01_2025_historical_data_coinmarketcap.csv,TRON,2024,1,31,0,23,8,2
2024-01-30 00:00:00+00:00,2024-01-30 23:59:59.999000+00:00,2024-01-30 00:02:00+00:00,2024-01-30 06:41:00+00:00,2781,0.1130491487,0.1130831861,0.1118074524,0.1120466225,220714015.01,9875905932.15,2024-01-30 23:59:59.999000+00:00,TRON_01_01_2024-01_01_2025_historical_data_coinmarketcap.csv,TRON,2024,1,30,0,23,0,6
2024-01-29 00:00:00+00:00,2024-01-29 23:59:59.999000+00:00,2024-01-29 16:04:00+00:00,2024-01-29 00:12:00+00:00,2781,0.1122031874,0.1142508684,0.1120742021,0.1130458842,262767223.61,9964674665.86,2024-01-29 23:59:59.999000+00:00,TRON_01_01_2024-01_01_2025_historical_data_coinmarketcap.csv,TRON,2024,1,29,0,23,16,0
2024-01-28 00:00:00+00:00,2024-01-28 23:59:59.999000+00:00,2024-01-28 05:23:00+00:00,2024-01-28 12:24:00+00:00,2781,0.1124593077,0.1134577304,0.1116633575,0.1122055823,206277151.7,9891341343.75,2024-01-28 23:59:59.999000+00:00,TRON_01_01_2024-01_01_2025_historical_data_coinmarketcap.csv,TRON,2024,1,28,0,23,5,12
2024-01-27 00:00:00+00:00,2024-01-27 23:59:59.999000+00:00,2024-01-27 01:05:00+00:00,2024-01-27 23:25:00+00:00,2781,0.1145109856,0.1163261404,0.1122075328,0.1124661864,231608311.36,9914663825.96,2024-01-27 23:59:59.999000+00:00,TRON_01_01_2024-01_01_2025_historical_data_coinmarketcap.csv,TRON,2024,1,27,0,23,1,23
2024-01-26 00:00:00+00:00,2024-01-26 23:59:59.999000+00:00,2024-01-26 16:33:00+00:00,2024-01-26 00:01:00+00:00,2781,0.1120760774,0.1151804608,0.1120710737,0.114522297,280239978.44,10096360259.27,2024-01-26 23:59:59.999000+00:00,TRON_01_01_2024-01_01_2025_historical_data_coinmarketcap.csv,TRON,2024,1,26,0,23,16,0
2024-01-25 00:00:00+00:00,2024-01-25 23:59:59.999000+00:00,2024-01-25 23:03:00+00:00,2024-01-25 00:52:00+00:00,2781,0.1087209025,0.1123665718,0.1086786248,0.1120781297,264212762.89,9881543815.15,2024-01-25 23:59:59.999000+00:00,TRON_01_01_2024-01_01_2025_historical_data_coinmarketcap.csv,TRON,2024,1,25,0,23,23,0
2024-01-24 00:00:00+00:00,2024-01-24 23:59:59.999000+00:00,2024-01-24 23:53:00+00:00,2024-01-24 03:36:00+00:00,2781,0.1071579464,0.1087635639,0.1068784381,0.1087189327,217739892.44,9586051886.76,2024-01-24 23:59:59.999000+00:00,TRON_01_01_2024-01_01_2025_historical_data_coinmarketcap.csv,TRON,2024,1,24,0,23,23,3
2024-01-23 00:00:00+00:00,2024-01-23 23:59:59.999000+00:00,2024-01-23 06:01:00+00:00,2024-01-23 14:25:00+00:00,2781,0.109167739,0.1098012496,0.1061076527,0.1071584238,310839292.26,9449097059.19,2024-01-23 23:59:59.999000+00:00,TRON_01_01_2024-01_01_2025_historical_data_coinmarketcap.csv,TRON,2024,1,23,0,23,6,14
2024-01-22 00:00:00+00:00,2024-01-22 23:59:59.999000+00:00,2024-01-22 20:49:00+00:00,2024-01-22 10:31:00+00:00,2781,0.1088818976,0.1097123568,0.1080181445,0.1091695484,264631698.36,9627189297.65,2024-01-22 23:59:59.999000+00:00,TRON_01_01_2024-01_01_2025_historical_data_coinmarketcap.csv,TRON,2024,1,22,0,23,20,10
2024-01-21 00:00:00+00:00,2024-01-21 23:59:59.999000+00:00,2024-01-21 03:28:00+00:00,2024-01-21 23:59:00+00:00,2781,0.1099039202,0.1114632329,0.108869663,0.108869663,184387378.44,9601507423.12,2024-01-21 23:59:59.999000+00:00,TRON_01_01_2024-01_01_2025_historical_data_coinmarketcap.csv,TRON,2024,1,21,0,23,3,23
2024-01-20 00:00:00+00:00,2024-01-20 23:59:59.999000+00:00,2024-01-20 07:58:00+00:00,2024-01-20 11:10:00+00:00,2781,0.1103597587,0.1106418886,0.1097638127,0.1099011575,177047400.44,9692873803.31,2024-01-20 23:59:59.999000+00:00,TRON_01_01_2024-01_01_2025_historical_data_coinmarketcap.csv,TRON,2024,1,20,0,23,7,11
2024-01-19 00:00:00+00:00,2024-01-19 23:59:59.999000+00:00,2024-01-19 23:53:00+00:00,2024-01-19 03:34:00+00:00,2781,0.1079815196,0.1103662781,0.1069275601,0.1103576874,282699968.19,9733634321.65,2024-01-19 23:59:59.999000+00:00,TRON_01_01_2024-01_01_2025_historical_data_coinmarketcap.csv,TRON,2024,1,19,0,23,23,3
2024-01-18 00:00:00+00:00,2024-01-18 23:59:59.999000+00:00,2024-01-18 09:47:00+00:00,2024-01-18 20:03:00+00:00,2781,0.108307755,0.1097094706,0.107037124,0.1079798688,266078534.06,9524662934.81,2024-01-18 23:59:59.999000+00:00,TRON_01_01_2024-01_01_2025_historical_data_coinmarketcap.csv,TRON,2024,1,18,0,23,9,20
2024-01-17 00:00:00+00:00,2024-01-17 23:59:59.999000+00:00,2024-01-17 11:50:00+00:00,2024-01-17 08:10:00+00:00,2781,0.1080650246,0.1091925102,0.1075044572,0.1083049604,219179246.47,9554092216.83,2024-01-17 23:59:59.999000+00:00,TRON_01_01_2024-01_01_2025_historical_data_coinmarketcap.csv,TRON,2024,1,17,0,23,11,8
2024-01-16 00:00:00+00:00,2024-01-16 23:59:59.999000+00:00,2024-01-16 08:48:00+00:00,2024-01-16 14:49:00+00:00,2781,0.1087096376,0.1103925869,0.1075421439,0.1080721517,274895783.43,9534322006.09,2024-01-16 23:59:59.999000+00:00,TRON_01_01_2024-01_01_2025_historical_data_coinmarketcap.csv,TRON,2024,1,16,0,23,8,14
2024-01-15 00:00:00+00:00,2024-01-15 23:59:59.999000+00:00,2024-01-15 12:38:00+00:00,2024-01-15 22:18:00+00:00,2781,0.1111406399,0.114309127,0.1078919804,0.1087318066,334592687.74,9593278070.16,2024-01-15 23:59:59.999000+00:00,TRON_01_01_2024-01_01_2025_historical_data_coinmarketcap.csv,TRON,2024,1,15,0,23,12,22
2024-01-14 00:00:00+00:00,2024-01-14 23:59:59.999000+00:00,2024-01-14 02:50:00+00:00,2024-01-14 23:57:00+00:00,2781,0.1141495353,0.1175137502,0.1111324029,0.111154549,363975277.37,9808109455.85,2024-01-14 23:59:59.999000+00:00,TRON_01_01_2024-01_01_2025_historical_data_coinmarketcap.csv,TRON,2024,1,14,0,23,2,23
2024-01-13 00:00:00+00:00,2024-01-13 23:59:59.999000+00:00,2024-01-13 15:04:00+00:00,2024-01-13 01:35:00+00:00,2781,0.1069097133,0.1159606572,0.1062563893,0.1141492964,615120221.02,10072616099.34,2024-01-13 23:59:59.999000+00:00,TRON_01_01_2024-01_01_2025_historical_data_coinmarketcap.csv,TRON,2024,1,13,0,23,15,1
2024-01-12 00:00:00+00:00,2024-01-12 23:59:59.999000+00:00,2024-01-12 14:31:00+00:00,2024-01-12 22:43:00+00:00,2781,0.1062175381,0.1080068297,0.1058277373,0.1069230857,342062902.23,9435486074.28,2024-01-12 23:59:59.999000+00:00,TRON_01_01_2024-01_01_2025_historical_data_coinmarketcap.csv,TRON,2024,1,12,0,23,14,22
2024-01-11 00:00:00+00:00,2024-01-11 23:59:59.999000+00:00,2024-01-11 14:11:00+00:00,2024-01-11 06:38:00+00:00,2781,0.1052942287,0.1075449173,0.1048106554,0.1062270371,338623354.74,9374818296.03,2024-01-11 23:59:59.999000+00:00,TRON_01_01_2024-01_01_2025_historical_data_coinmarketcap.csv,TRON,2024,1,11,0,23,14,6
2024-01-10 00:00:00+00:00,2024-01-10 23:59:59.999000+00:00,2024-01-10 23:23:00+00:00,2024-01-10 00:00:00+00:00,2781,0.1027649457,0.1057860173,0.1027649457,0.105290662,314121920.73,9293045322.63,2024-01-10 23:59:59.999000+00:00,TRON_01_01_2024-01_01_2025_historical_data_coinmarketcap.csv,TRON,2024,1,10,0,23,23,0
2024-01-09 00:00:00+00:00,2024-01-09 23:59:59.999000+00:00,2024-01-09 05:00:00+00:00,2024-01-09 17:11:00+00:00,2781,0.1042934953,0.1045213644,0.1016905501,0.1027678726,267455369.61,9071167644.67,2024-01-09 23:59:59.999000+00:00,TRON_01_01_2024-01_01_2025_historical_data_coinmarketcap.csv,TRON,2024,1,9,0,23,5,17
2024-01-08 00:00:00+00:00,2024-01-08 23:59:59.999000+00:00,2024-01-08 20:01:00+00:00,2024-01-08 03:28:00+00:00,2781,0.1029064251,0.1043202992,0.1013555134,0.1042847104,279910401.82,9205827845.05,2024-01-08 23:59:59.999000+00:00,TRON_01_01_2024-01_01_2025_historical_data_coinmarketcap.csv,TRON,2024,1,8,0,23,20,3
2024-01-07 00:00:00+00:00,2024-01-07 23:59:59.999000+00:00,2024-01-07 07:35:00+00:00,2024-01-07 23:44:00+00:00,2781,0.1039128154,0.104179188,0.1027592061,0.102898006,168263085.92,9084136731.2,2024-01-07 23:59:59.999000+00:00,TRON_01_01_2024-01_01_2025_historical_data_coinmarketcap.csv,TRON,2024,1,7,0,23,7,23
2024-01-06 00:00:00+00:00,2024-01-06 23:59:59.999000+00:00,2024-01-06 00:01:00+00:00,2024-01-06 07:08:00+00:00,2781,0.1044610635,0.1044836705,0.10202566,0.103916823,207408616.16,9174435995.5,2024-01-06 23:59:59.999000+00:00,TRON_01_01_2024-01_01_2025_historical_data_coinmarketcap.csv,TRON,2024,1,6,0,23,0,7
2024-01-05 00:00:00+00:00,2024-01-05 23:59:59.999000+00:00,2024-01-05 00:28:00+00:00,2024-01-05 17:10:00+00:00,2781,0.1070805443,0.1072235182,0.1035303855,0.1044597863,273609126.26,9222812097.27,2024-01-05 23:59:59.999000+00:00,TRON_01_01_2024-01_01_2025_historical_data_coinmarketcap.csv,TRON,2024,1,5,0,23,0,17
2024-01-04 00:00:00+00:00,2024-01-04 23:59:59.999000+00:00,2024-01-04 06:46:00+00:00,2024-01-04 10:28:00+00:00,2781,0.1068209306,0.1086721847,0.1066733142,0.1070851015,279585285.88,9455273521.26,2024-01-04 23:59:59.999000+00:00,TRON_01_01_2024-01_01_2025_historical_data_coinmarketcap.csv,TRON,2024,1,4,0,23,6,10
2024-01-03 00:00:00+00:00,2024-01-03 23:59:59.999000+00:00,2024-01-03 10:18:00+00:00,2024-01-03 14:29:00+00:00,2781,0.1083716003,0.1099423495,0.1038353872,0.1068255251,414418342.68,9433005413.93,2024-01-03 23:59:59.999000+00:00,TRON_01_01_2024-01_01_2025_historical_data_coinmarketcap.csv,TRON,2024,1,3,0,23,10,14
2024-01-02 00:00:00+00:00,2024-01-02 23:59:59.999000+00:00,2024-01-02 11:22:00+00:00,2024-01-02 00:17:00+00:00,2781,0.1078171827,0.1105518947,0.1077064282,0.1083639521,284111603.43,9569615786.49,2024-01-02 23:59:59.999000+00:00,TRON_01_01_2024-01_01_2025_historical_data_coinmarketcap.csv,TRON,2024,1,2,0,23,11,0
2024-01-01 00:00:00+00:00,2024-01-01 23:59:59.999000+00:00,2024-01-01 00:59:00+00:00,2024-01-01 06:16:00+00:00,2781,0.107686615,0.1082812317,0.1062565459,0.1078121878,196859913.01,9521523025.38,2024-01-01 23:59:59.999000+00:00,TRON_01_01_2024-01_01_2025_historical_data_coinmarketcap.csv,TRON,2024,1,1,0,23,0,6
