timeOpen,open_t-2,close_t-2,volume_t-1,low_t-2,MA9-2,BB20_MA-2,BB20_upper-2,BB20_lower-2,BB50_MA-2,BB50_upper-2,BB50_lower-2,stoch_rsi-2,MACD-2,MACD_signal-2,MACD_hist-2,RSI-2,ATR-1,OBV-2
2025-01-02,0.253187734057024,0.254463970569797,1009340536.90915,0.251106727548447,0.2538258523134105,0.2538258523134105,0.2556307232985699,0.25202098132825107,0.2538258523134105,0.2556307232985699,0.25202098132825107,0.99999999999,0.00010180804090492712,2.0361608180985425e-05,8.14464327239417e-05,99.99984328948076,0.0062643093927593485,1424870507.07422
2025-01-03,0.254463970569797,0.255707257778038,2059179609.08889,0.252691509745303,0.2544529874682863,0.2544529874682863,0.25697258300453985,0.2519333919320328,0.2544529874682863,0.25697258300453985,0.2519333919320328,0.99999999999,0.0002795915762781598,7.22076018004203e-05,0.0002073839744777395,99.99988093001852,0.007457028694612261,2434211043.98337
2025-01-04,0.255707257778038,0.265021697823603,1936762044.93059,0.255558429071949,0.2570951650571155,0.2570951650571155,0.26786223892541655,0.24632809118881446,0.2570951650571155,0.26786223892541655,0.24632809118881446,0.99999999999,0.0011587266965013554,0.00028951142074060734,0.000869215275760748,99.99996619899531,0.00804889199867861,4493390653.07226
2025-01-05,0.265021697823603,0.270095326506786,1789445647.50213,0.260824095169871,0.2596951973470496,0.2596951973470496,0.27459992035481084,0.24479047433928833,0.2596951973470496,0.27459992035481084,0.24479047433928833,0.99999999999,0.00223903682300991,0.0006794165011944679,0.0015596203218154422,99.9999704274956,0.00798887126974617,6430152698.00285
2025-01-06,0.270095326506786,0.269660360758317,1159989882.37559,0.266428456939353,0.2613560579155942,0.2613560579155942,0.27697411164280294,0.24573800418838546,0.2613560579155942,0.27697411164280294,0.24573800418838546,0.9749191213210293,0.0030252194342369476,0.001148577087802964,0.0018766423464339837,97.49188330227784,0.008051280900000004,4640707050.500719
2025-01-07,0.269660360758317,0.262644333922066,1923244256.34973,0.261234980414087,0.26154009734509015,0.26154009734509015,0.27583058519004167,0.24724960950013863,0.26154009734509015,0.27583058519004167,0.24724960950013863,0.69411226337132,0.003047015983910606,0.0015282648670244924,0.0015187511168861135,69.41120581118815,0.008308410724041378,3480717168.1251287
2025-01-08,0.262644333922066,0.268513416065801,2658316290.67757,0.259592229817594,0.26241176218517903,0.26241176218517903,0.2765311681116356,0.24829235625872248,0.26241176218517903,0.2765311681116356,0.24829235625872248,0.7535042372467293,0.0034975581128256494,0.001922123516184724,0.0015754345966409254,75.35040144241907,0.009501928289894003,5403961424.474859
2025-01-09,0.268513416065801,0.252839824490704,3035991185.78371,0.252603050315964,0.2613482135524596,0.2613482135524596,0.27601650608231076,0.24667992102260838,0.2613482135524596,0.27601650608231076,0.24667992102260838,0.49621028881625806,0.0025603737507106095,0.002049773563089901,0.0005106001876207084,49.621014207941066,0.009579144775004305,2745645133.7972894
2025-01-10,0.252839824490704,0.250701771776292,2902134217.00064,0.244802038511872,0.2610719955212671,0.2602835693748428,0.27566508297940606,0.24490205577027957,0.2602835693748428,0.27566508297940606,0.24490205577027957,0.47412579181007497,0.0016263775382091006,0.001965094358113741,-0.00033871681990464047,47.41256516039456,0.010023270739910823,-290346051.98642063
2025-01-11,0.250701771776292,0.240402142736167,2034395596.10858,0.237099573248867,0.25950957020641935,0.258476166953145,0.2773617916265528,0.23959054227973728,0.258476166953145,0.2773617916265528,0.23959054227973728,0.39041979226930645,5.4457077484748595e-05,0.0015829669019879426,-0.001528509824503194,39.04196768163004,0.009779022432333003,-3192480268.9870605
2025-01-12,0.240402142736167,0.244662235918531,1015163719.5219,0.237862747512246,0.258282345555363,0.2573250060335938,0.27701893385955273,0.2376310782076349,0.2573250060335938,0.27701893385955273,0.2376310782076349,0.43190396072233617,-0.0008378886373384686,0.0010987957941226603,-0.001936684431461129,43.19038330018374,0.009344376806267235,-1158084672.8784804
2025-01-13,0.244662235918531,0.240959974529043,1066734022.42171,0.240566744096956,0.25560882074485636,0.25606615745632066,0.27699303682916815,0.2351392780834732,0.25606615745632066,0.27699303682916815,0.2351392780834732,0.4077864608423794,-0.0018228083978304443,0.0005144749557320394,-0.002337283353562484,40.77863402537882,0.009350203474303648,-2173248392.4003806
2025-01-14,0.240959974529043,0.233680618806324,3596403871.414,0.23175578804303,0.25156274211147167,0.25446719040989235,0.2778642411306052,0.2310701396891795,0.25446719040989235,0.2778642411306052,0.2310701396891795,0.36744402681929006,-0.0031543857789703422,-0.0002192971912084369,-0.0029350885877619053,36.74439181605635,0.01012853111872793,-3239982414.8220906
2025-01-15,0.233680618806324,0.222969854686344,1954382416.78984,0.217048352222001,0.24637490810347465,0.25236736802832244,0.280168009285364,0.2245667267712809,0.25236736802832244,0.280168009285364,0.2245667267712809,0.0,-0.00501611692443199,-0.0011786611378531476,-0.003837455786578843,32.07534635668692,0.01013678908993043,-6836386286.236091
2025-01-16,0.222969854686344,0.2210609893847,2549753656.38697,0.220507973819424,0.24175453648821177,0.25041071936309606,0.28149725900048583,0.21932417972570628,0.25041071936309606,0.28149725900048583,0.21932417972570628,0.0,-0.00656984862172616,-0.0022568986346277503,-0.00431294998709841,30.333608587886033,0.011158301960890002,-8790768703.02593
2025-01-17,0.2210609893847,0.238129065551858,2792751676.19664,0.220636906420776,0.23837849754221813,0.24968826913890557,0.280371589879338,0.21900494839847312,0.24968826913890557,0.280371589879338,0.21900494839847312,0.15707173033870891,-0.0063507337772491235,-0.003075665663152025,-0.0032750681140970984,41.27622458859318,0.010927663823120359,-6241015046.63896
2025-01-18,0.238129065551858,0.23716711088317,2046232162.5322,0.233160715091992,0.2366370849191588,0.2489926492358092,0.2793394064957118,0.21864589197590656,0.2489926492358092,0.2793394064957118,0.21864589197590656,0.06592797001662869,-0.006183426692870447,-0.0036972178690957095,-0.002486208823774738,34.926570402481346,0.011067077841759504,-9033766722.8356
2025-01-19,0.23716711088317,0.248908351385263,4416858703.27248,0.237163308489664,0.23643781598682223,0.24898821250683303,0.2784799848281454,0.21949644018552067,0.24898821250683303,0.2784799848281454,0.21949644018552067,0.13360679703306133,-0.0050452560688413195,-0.003966825509044832,-0.0010784305597964878,39.30641056687596,0.012450294831674721,-6987534560.3034
2025-01-20,0.248908351385263,0.242082109811343,4882937978.55009,0.238637480595433,0.23662447899517514,0.24864290737205855,0.2775137646420797,0.21977205010203738,0.24864290737205855,0.2775137646420797,0.21977205010203738,0.14640263641233395,-0.0046405746391729175,-0.004101575335070449,-0.0005389993041024681,36.92418574476399,0.013249450767000721,-11404393263.57588
2025-01-21,0.242082109811343,0.228658775472711,6410597661.81268,0.226741995320687,0.23484631672341733,0.2474164594428429,0.27753159634446306,0.21730132254122275,0.2476912820435182,0.27715175902315786,0.2182308050638785,0.09942110132499021,-0.0053414397952019355,-0.004349548227096747,-0.0009918915681051887,34.80922771170208,0.01457014441396508,-16287331242.125969
2025-01-22,0.228658775472711,0.238276854241169,2978742917.88129,0.223966187866875,0.23454819224698686,0.24660710362641153,0.2767947302961578,0.21641947695666527,0.24726335350704778,0.2762927352332325,0.21823397178086304,0.34165271920796964,-0.00506242541688387,-0.004492123665054171,-0.0005703017518296988,36.923203164786564,0.013982486142679293,-9876733580.31329
2025-01-23,0.238276854241169,0.245094930352037,2885076795.15232,0.235329362987336,0.23581644908539945,0.24607648725511147,0.2759621768653595,0.2161907976448634,0.24716907423943862,0.2755454372888184,0.2187927111900588,0.9391091819881745,-0.004242240839079564,-0.00444214709985925,0.00019990626077968573,46.37261352484518,0.014217478185249934,-6897990662.431999
2025-01-24,0.245094930352037,0.253938828029889,3130473773.91066,0.245057748281552,0.23925744612357114,0.24552234376542575,0.2743201415809439,0.2167245459499076,0.24745114731404072,0.2753410516449396,0.2195612429831418,0.9999999999525906,-0.0028458053483890744,-0.004122878749565215,0.001277073401176141,51.426488870291486,0.013936784667603147,-4012913867.2796793
2025-01-25,0.253938828029889,0.252992097036054,2034424168.15059,0.244438322910373,0.24280534697372158,0.24466718229188916,0.2713291094760018,0.21800525510777652,0.24767278530292125,0.2750652810194872,0.22028028958635532,0.999999999961109,-0.0017948238284287987,-0.0036572677653379324,0.0018624439369091337,56.04651959588881,0.014220215174183221,-7143387641.190339
2025-01-26,0.252992097036054,0.254329766340159,1128478246.40034,0.250650600378397,0.24460542483908831,0.2439006525709812,0.2683246805155941,0.21947662462636827,0.24792882303512268,0.2748945906309307,0.2209630554393147,0.9506300830334092,-0.0008442427634210159,-0.003094662764954549,0.0022504200015335332,54.77707531540501,0.014250451208109577,-5108963473.039749
2025-01-27,0.254329766340159,0.254192043484419,1166717667.28909,0.253732227535997,0.2464970840170049,0.2434780380490989,0.26680431641129865,0.22015175968689918,0.2481607941628744,0.2747125692209641,0.22160901910478473,0.9999999999621836,-0.00010085095723838533,-0.0024959004034113166,0.0023950494461729313,56.77718749825224,0.014195089735503003,-6237441719.440089
2025-01-28,0.254192043484419,0.246125836271805,3028533114.30096,0.246125836271805,0.24618791567106513,0.24235865905939907,0.2625666720200452,0.22215064609875293,0.2480881170953362,0.2741549033713516,0.2220213308193208,0.9828322984633104,-0.00016073030602473115,-0.0020288663839339994,0.0018681360779092683,56.323212028940006,0.013769646516274646,-7404159386.729179
2025-01-29,0.246125836271805,0.246476052544583,1427142922.71113,0.23272723577834,0.24667613153031398,0.24204047046209304,0.2617478092649384,0.22233313165924765,0.24803252866255163,0.27363660543225005,0.2224284518928532,0.9999999999697107,-0.00017787516088046962,-0.0016586681393232936,0.001480792978442824,63.34845589535253,0.014034241640826145,-4375626272.428219
2025-01-30,0.246476052544583,0.239833378500298,1597574139.18077,0.238422159699987,0.24791775408893477,0.24149705079829334,0.2607938911648597,0.222200210431727,0.24775922365714317,0.2730954902226105,0.2224229570916759,0.8867494922653104,-0.0007191805958713104,-0.0014707706306328972,0.0007515900347615867,60.1163738140847,0.01330732417805193,-5802769195.139349
2025-01-31,0.239833378500298,0.240157529368801,1392801069.54038,0.236101026646047,0.24812671799200497,0.24148482012992506,0.2607848922914543,0.22218474796839582,0.24751400771235793,0.2725736382619372,0.2224543771627787,0.5790138419489997,-0.0011092263164437233,-0.0013984617677950625,0.0002892354513513392,51.33383586915571,0.013739447947745575,-4205195055.958579
2025-02-01,0.240157529368801,0.252266207274601,1628012361.94456,0.239132073935739,0.24892352653895658,0.24186501869772853,0.2617202423216551,0.22200979507380197,0.24766251394867803,0.27237183253569436,0.2229531953616617,0.8356918105459652,-0.00043624251738172415,-0.0012060179177123948,0.0007697754003306706,58.659226984917055,0.013348182783730147,-2812393986.418199
2025-02-02,0.252266207274601,0.254129837697194,1535650941.00667,0.251475079688054,0.24894474983532378,0.2425235118561361,0.26311235126945653,0.22193467244281567,0.24785849345620883,0.27228267360509906,0.22343431330731864,0.6506083477039163,0.00024466109129114844,-0.0009158821159116862,0.0011605432072028347,53.37708780566255,0.012346524808647216,-1184381624.473639
2025-02-03,0.254129837697194,0.244251032426051,3689489484.04863,0.243892689762484,0.2479735204342123,0.24305203253712246,0.26322354633604234,0.2228805187382026,0.24775239166120416,0.27183546914640977,0.22366931417599858,0.5795626024256043,-1.2708423159341065e-05,-0.0007352473773612172,0.0007225389542018762,51.34949706961625,0.012646351195793215,-2720032565.480309
2025-02-04,0.244251032426051,0.225396200483272,6120432604.53491,0.222425254271714,0.2447586797834471,0.24317334982696887,0.26285966638416014,0.2234870332697776,0.2471136433418347,0.27201456448945205,0.22221272219421737,0.42290343867892055,-0.0017182955376295883,-0.0009318570094148915,-0.0007864385282146968,48.09853341292535,0.012501315947094858,-6409522049.528939
2025-02-05,0.225396200483272,0.22894502325972,3991307776.66557,0.20367292411342,0.2419534553140361,0.24356755152071985,0.26163903779123404,0.22549606525020566,0.24660895945066486,0.2718877575116188,0.22133016138971093,0.0,-0.0027519030492770546,-0.0012958662173873242,-0.0014560368318897305,44.14726798228183,0.012689304797177715,-289089444.99402905
2025-02-06,0.22894502325972,0.224536851112556,1829407531.52366,0.216170928393734,0.23955467918523066,0.24288794079875475,0.26275381441921336,0.22302206717829617,0.2460124159820673,0.2719726746463083,0.2200521573178263,0.0,-0.003881997845933849,-0.0018130925430966292,-0.00206890530283722,36.70450010569244,0.012116228765452713,-4280397221.659599
2025-02-07,0.224536851112556,0.222463838395771,2448035603.76903,0.22170197166482,0.23688665539091824,0.24215277717438477,0.2639083968611969,0.22039715748757263,0.24539271657190162,0.2721152300803316,0.21867020306347165,0.0,-0.004888528996266822,-0.0024281798337306678,-0.0024603491625361544,27.690383965811904,0.01216478668091843,-6109804753.183259
2025-02-08,0.222463838395771,0.231650131004555,2026855522.18163,0.221533042531447,0.23597740566916897,0.2412898661553494,0.26328500283269235,0.2192947294780064,0.24504034258299529,0.2717736725866633,0.21830701257932728,0.24579196142801468,-0.0048886023789179445,-0.0029202643427681235,-0.001968338036149821,36.45485140636072,0.011892056764177142,-3661769149.414229
2025-02-09,0.231650131004555,0.230054400041624,1306068240.69816,0.227527337732655,0.2348548357439271,0.2406884806668635,0.26324301544990936,0.21813394588381763,0.244665694019461,0.27147621219330864,0.21785517584561334,0.19499161420258956,-0.004960244081697013,-0.0033282602905539017,-0.0016319837911431111,34.64340897090007,0.011964395242811074,-5688624671.595859
2025-02-10,0.230054400041624,0.231373659568679,1308530619.77198,0.228696393164024,0.23253344155438022,0.24082422487166183,0.2631049316157604,0.2185435181275633,0.2443414980572468,0.27113833897601336,0.21754465713848026,0.22680186771529445,-0.004854606546597057,-0.0036335295417625328,-0.001221077004834524,35.77770127878483,0.011841460671153287,-4382556430.897698
2025-02-11,0.231373659568679,0.232254281616921,2146745173.21076,0.230980248205504,0.23010282421212766,0.24052309624044943,0.2631094603290952,0.21793673215180365,0.24405370718962,0.27078329989412697,0.217324114485113,0.3593319212346012,-0.004646269892210592,-0.0038360776118521447,-0.0008101922803584469,40.50346746013467,0.012201005080404361,-3074025811.125718
2025-02-12,0.232254281616921,0.246522251608504,1630495218.0608,0.22806441056401,0.2303551818990669,0.2405944623032728,0.26325056216146525,0.21793836244508036,0.24411111519936146,0.27053131137099806,0.21769091902772483,0.6888355213513011,-0.0032919085836936313,-0.0037272438062204423,0.000435335222526811,50.02655758896773,0.01212116342516322,-927280637.914958
2025-02-13,0.246522251608504,0.241022421034702,2054068329.60771,0.240335354410613,0.23209142862700358,0.23994864195351343,0.261722305244518,0.21817497866250882,0.24404091760471014,0.27016869708848695,0.21791313812093333,0.7427608375464737,-0.0026320175919259114,-0.0035081985633615364,0.0008761809714356249,50.69282774527047,0.012276190279360008,-2557775855.975758
2025-02-14,0.241022421034702,0.243553773198339,1699083242.12538,0.236140791780778,0.23371462306462787,0.2394767257616277,0.26045465960816766,0.21849879191508775,0.24403009217345742,0.2698596669934855,0.21820051735342935,0.7826872577176145,-0.001883083250941081,-0.0031831755008774453,0.0013000922499363642,51.92930278390529,0.01201317220377215,-503707526.3680482
2025-02-15,0.243553773198339,0.234564647400364,1669677340.85799,0.234261352182085,0.2348288226521621,0.23848846981463798,0.25835292004108956,0.2186240195881864,0.24382432163491194,0.26951735263867144,0.21813129063115244,0.46266545650729957,-0.0019919329534160424,-0.002944926991385165,0.0009529940379691226,39.57473452450687,0.011974479322175931,-2202790768.493428
2025-02-16,0.234564647400364,0.231911867519041,1129334994.68766,0.230669738290828,0.23587860366585878,0.23737446101636905,0.2559905942459144,0.2187583277868237,0.24357086516436147,0.26921961375454584,0.21792211657417707,0.38553456665664143,-0.002266131737017174,-0.002809167940511567,0.000543036203494393,37.035325028956585,0.011586441682353074,-3872468109.3514185
2025-02-17,0.231911867519041,0.237887146227534,1217272862.14289,0.230776953569622,0.23657160535730093,0.2369625265141555,0.25512231120206225,0.21880274182624876,0.2434524543531776,0.2688798681840264,0.2180250405223288,0.7598893993246649,-0.0019784745709329477,-0.0026430292665958434,0.0006645546956628957,46.109281427532096,0.010475352684963002,-2743133114.6637583
2025-02-18,0.237887146227534,0.242762869974173,2054783608.87105,0.235948113711931,0.23798365757202855,0.23677686738563503,0.2545999268138345,0.21895380795743555,0.24343838120258565,0.26860030343963953,0.2182764589655318,0.9999999999715231,-0.001341608804942107,-0.002382745174265096,0.001041136369322989,62.80651484712528,0.009225018117371572,-1525860252.5208683
2025-02-19,0.242762869974173,0.239099682352444,1870946526.57843,0.238751399665473,0.23884210454800245,0.2367401825782423,0.2545397577874519,0.21894060736903267,0.24335160722558283,0.26828566849504776,0.21841754595611793,0.8481926130183716,-0.0011195710059140884,-0.002130110340594895,0.0010105393346808065,57.475626777976416,0.008885828814283358,-3580643861.391918
2025-02-20,0.239099682352444,0.239371723787531,1327067855.57183,0.232656882296883,0.239632931455848,0.23670089229917882,0.25447215262390205,0.2189296319744556,0.243075287020193,0.2678702638450217,0.21828031019536426,0.9664766744726153,-0.0009111498123562656,-0.001886318234947169,0.0009751684225909035,61.62930536129524,0.008833025641742714,-1709697334.8134882
2025-02-21,0.239371723787531,0.242662928774237,1380707978.32972,0.239370024599787,0.2392041178075961,0.23622072837416058,0.2526926486278669,0.2197488081204543,0.24283926618428175,0.2674154631675123,0.2182630692010512,0.9999999999676316,-0.00047492711404970023,-0.0016040400107676753,0.001129112896717975,65.53765208456187,0.0087512992212075,-382629479.2416582
2025-02-22,0.242662928774237,0.246713066449779,1991072197.20006,0.238054206153293,0.23983641174260464,0.23584988981178986,0.250896430115465,0.22080334950811475,0.2426593823577166,0.26698149637990864,0.2183372683355246,0.90429429942312,0.00019534298682116757,-0.001244163411249907,0.0014395063980710745,62.58089690448071,0.009311774769751644,998078499.0880618
2025-02-23,0.246713066449779,0.237965390605095,1226361738.08482,0.235682897234157,0.23921548034335535,0.23553560772074206,0.2500980898942071,0.220973125547277,0.2421182562133464,0.26559902316549916,0.2186374892611936,0.6762304559113399,2.043695303499682e-05,-0.0009912433383929263,0.001011680291427923,55.902286380750716,0.009270103814684785,-992993698.1119981
2025-02-24,0.237965390605095,0.239406653394535,1207171515.52948,0.234860166004734,0.23975348100937433,0.2362361303663052,0.25007486881992624,0.22239739191268415,0.2415044827511014,0.26356154055737,0.2194474249448328,0.6647560913284125,-1.8580583582006316e-06,-0.0007933662823859811,0.0007915082240277805,55.98242055686957,0.009346627071663,233368039.97282195
2025-02-25,0.239406653394535,0.246039897127488,2572916722.84413,0.23816800014332,0.24132326207697957,0.23709087405969362,0.2511435389403784,0.22303820917900885,0.24103207347848482,0.26158852046315645,0.2204756264938132,0.7866378640693136,0.0005098431627899025,-0.0005327243933508044,0.001042567556140707,59.45633470576957,0.008649185058734426,1440539555.502302
2025-02-26,0.246039897127488,0.24024676153153,5195078257.80571,0.239891340565372,0.24158544155520134,0.2378763695806423,0.25067467269999927,0.2250780664612853,0.2405841220306741,0.2601715939079546,0.22099665015339365,0.283962743610656,0.00044280802454985113,-0.00033761790977067336,0.0007804259343205245,45.128924019238454,0.009328998432547067,-1132377167.341828
2025-02-27,0.24024676153153,0.230887015785473,3034878863.36606,0.225414566650385,0.24026590220090135,0.23829752845012742,0.24940268255056275,0.22719237434969208,0.23983159402506754,0.25786924037685505,0.22179394767328003,0.1944499884307839,-0.00036140501249803947,-0.00034237533031614663,-1.902968218189284e-05,42.5776021953639,0.009262694468712423,-6327455425.147538
2025-02-28,0.230887015785473,0.227167711480494,1712472284.77762,0.223021472982476,0.23894012765957356,0.23807340747392436,0.24990086397686145,0.22624595097098726,0.23931815176486335,0.25730589842400825,0.22133040510571844,0.0410492228205273,-0.0012840645158529729,-0.0005307131674235119,-0.0007533513484294609,38.20532340320672,0.008835655216586994,-9362334288.513597
2025-03-01,0.227167711480494,0.228584953572331,3523954047.22157,0.225633951013839,0.23774159763566244,0.23799993515045967,0.2500532357982988,0.22594663450262054,0.23887581540078412,0.2568086373940753,0.22094299340749296,0.2853771678247516,-0.0018792563300631393,-0.0008004217999514375,-0.0010788345301117018,45.16923840078539,0.009536473517408425,-7649862003.735977
2025-03-02,0.228584953572331,0.233422101316785,1430317444.30088,0.217300274119283,0.2367148390292789,0.23810235723786502,0.24995166543221664,0.2262530490435134,0.23873621457239647,0.25672911268268506,0.22074331646210787,0.4746441541674849,-0.0019382893407264845,-0.001027995308106447,-0.0009102940326200376,51.17845343207087,0.009498032231881854,-4125907956.514407
2025-03-03,0.233422101316785,0.234073818472784,1929919235.70488,0.230328051194347,0.23531047814294612,0.23819333408065818,0.24988041734784677,0.2265062508134696,0.2385244462234815,0.2564818711586527,0.22056702128831038,0.31279563725622983,-0.0019104626746339892,-0.0012044887814119554,-0.0007059738932220338,46.75475657110073,0.009964776641640142,-2695590512.213527
2025-03-04,0.234073818472784,0.244419649169607,2905595724.47624,0.232307582475707,0.23602761798344746,0.23808820395871327,0.24949427513246114,0.2266821327849654,0.23859363971629283,0.25661591354026125,0.2205713658923244,0.47871999511134544,-0.0010415810695484917,-0.0011719072390392628,0.00013032616949077108,51.289855656405464,0.010616341513699359,-765671276.5086472
2025-03-05,0.244419649169607,0.231270927390648,3379723668.23921,0.227606085161803,0.23512364842745997,0.23760062927651063,0.24930828517690626,0.225892973376115,0.23854544588797932,0.2566341097029107,0.22045678207304797,0.2372298014760262,-0.0013978643861699835,-0.001217098668465407,-0.0001807657177045766,44.68936631039933,0.011154680797947502,-3671267000.984887
2025-03-06,0.231270927390648,0.242758818103884,1747858288.33872,0.226933213092727,0.23475908409150398,0.23756088152178784,0.249188562862673,0.22593320018090268,0.23894122515633007,0.256497010168694,0.2213854401439662,0.5044887877414879,-0.0007446607239352809,-0.0011226110795593818,0.00037795035562410086,51.99417676631997,0.011123465503905859,-291543332.745677
2025-03-07,0.242758818103884,0.243957519617684,1772339358.01754,0.24087430211151,0.2351713905455211,0.23803052513265383,0.2499047996796203,0.22615625058568736,0.23939915576098975,0.2562308406599616,0.2225674708620179,0.5159314936895124,-0.0001287823980188063,-0.0009238453432512668,0.0007950629452324605,50.78144944977344,0.010949457319877287,1456314955.593043
2025-03-08,0.243957519617684,0.2402798935434,2384545150.69581,0.239391112756246,0.2362150436297352,0.23844892643387178,0.25000075814423767,0.2268970947235059,0.2394421723208206,0.2562716019648963,0.2226127426767449,0.37145757530719203,6.183908101012325e-05,-0.0007267084583989889,0.0007885475394091121,46.099172534853906,0.010692723511110358,-316024402.4244969
2025-03-09,0.2402798935434,0.243759409004659,1924434136.57882,0.235415005308251,0.23805856557686467,0.23874253957272806,0.25053035067246954,0.22695472847298662,0.2395740182832504,0.2564339631143599,0.22271407345214086,0.7316217846967862,0.0004880498597114591,-0.0004837567947768993,0.0009718066544883584,53.75302621973095,0.010861090849144642,2068520748.271313
2025-03-10,0.243759409004659,0.244198998391007,1850604299.22939,0.24369279872234,0.23979345944560645,0.23881434599356974,0.25072215937755776,0.22690653260958168,0.23947983122336527,0.2561787849186807,0.2227808775280499,0.7030106449987522,0.0008514808213119229,-0.00021670927155913487,0.0010681900928710577,53.14501056660021,0.011158685710418429,3992954884.850133
2025-03-11,0.244198998391007,0.232383411460762,3032694690.31163,0.232212851881204,0.2396780494616039,0.23847853244898568,0.250726421035535,0.22623064386243638,0.23928585725635365,0.2560864414115348,0.22248527310117247,0.21889105096027794,0.0001839627503946173,-0.00013657486716838445,0.00032053761756300174,41.60857641295267,0.011248504850256429,2142350585.620743
2025-03-12,0.232383411460762,0.229368573390953,3083795678.32882,0.227585344945162,0.23915524445251155,0.23797837492915672,0.25087261348600587,0.2250841363723076,0.2393000532147185,0.2560651481935951,0.22253495823584188,0.3134949215885237,-0.0005816178378062198,-0.00022558346129595154,-0.00035603437651026825,43.07944927886815,0.010595905359628859,-890344104.6908867
2025-03-13,0.229368573390953,0.224523318243854,2593780624.46816,0.222867988748133,0.23694454101631676,0.2370713944026376,0.2510817877250551,0.22306100108022014,0.2390249824947722,0.2563020990895994,0.22174786589994502,0.4823513755493429,-0.0015613196455634137,-0.000492730698149444,-0.0010685889474139698,45.704779243871926,0.010399005087330073,-3974139783.0197067
2025-03-14,0.224523318243854,0.22304632070384,2222131679.51365,0.22036999796546,0.2360306958288937,0.23588805711534064,0.2504563567644448,0.2213197574662365,0.23858401030180826,0.25634744517217495,0.22082057543144157,0.4547616293970534,-0.002428922636080133,-0.0008799690857355819,-0.0015489535503445512,47.13140619566865,0.010401267973506715,-6567920407.487867
2025-03-15,0.22304632070384,0.225232897482293,1859418789.50208,0.222346474866392,0.23408337131538356,0.23525143245920055,0.2505328572204546,0.21997000769794647,0.23800989169085635,0.25560247246104983,0.22041731092066286,0.5008894210561752,-0.002906560761581828,-0.0012852874209048311,-0.0016212733406769967,47.69160284621651,0.009626704790618215,-4345788727.974217
2025-03-16,0.225232897482293,0.222608409155173,1731840518.38503,0.220933917095731,0.2317112479306601,0.23441152024723247,0.25055365442266786,0.21826938607179708,0.23740221793323874,0.25498151308271005,0.21982292278376742,0.05850482941409556,-0.003457016358806908,-0.0017196332084852466,-0.0017373831503216615,42.319085377284786,0.009451540833970143,-6205207517.476297
2025-03-17,0.222608409155173,0.221700198820874,2067057120.32711,0.220521338312882,0.229646837405935,0.23319453533190174,0.24931538063170852,0.21707369003209495,0.23674962658285303,0.25418605351397017,0.2193131996517359,0.0,-0.0039213386185278365,-0.0021599742904937647,-0.0017613643280340718,41.24298570954437,0.009160408674133785,-7937048035.861327
2025-03-18,0.221700198820874,0.212073783190503,2098575447.98114,0.211105195205717,0.22612621231547322,0.2317858864148504,0.2500880536366731,0.21348371919302772,0.2359072613769747,0.25396281157408224,0.21785171117986715,0.0,-0.005008355440748707,-0.0027296505205447537,-0.0022787049202039537,26.872814131304636,0.008540778875008499,-10004105156.188437
2025-03-19,0.212073783190503,0.220674105466995,2902545777.85244,0.211325984114359,0.22351233532391632,0.23127524089892648,0.2502408764393066,0.2123096053585464,0.2353982267608785,0.2537111738756555,0.21708527964610147,0.5589019311014893,-0.005116865926805603,-0.0032070936017969238,-0.001909772325008679,41.8962165765026,0.008739682236100428,-7905529708.207296
2025-03-20,0.220674105466995,0.237143435252099,3839992584.18168,0.220219321853671,0.2240412268562871,0.23177402708750675,0.2508094012391665,0.212738652935847,0.23521157441502882,0.25325188068425974,0.21717126814579787,0.7119328945113899,-0.0038297767130606175,-0.003331630224049663,-0.0004981464890109547,46.00972132920997,0.009465167267158214,-5002983930.3548565
2025-03-21,0.237143435252099,0.230931491663539,2362277521.09326,0.228929754903445,0.22421488444213,0.23189135399206715,0.2508728149873576,0.2129098929967767,0.23503353667829366,0.2530633716568714,0.21700370169971586,0.5389301959240166,-0.003273268963338599,-0.0033199579719074505,4.668900856885129e-05,41.35937209913828,0.00950388330780107,-8842976514.536537
2025-03-22,0.230931491663539,0.233779086248037,1789941597.84464,0.228576267286584,0.22524330310926144,0.23190920323862976,0.25089739522587207,0.21292101125138746,0.23490596781587836,0.2528779932060419,0.21693394242571484,0.6981697313814046,-0.002572797865353249,-0.00317052595059661,0.000597728085243361,45.63976458525459,0.009188571005572427,-6480698993.443277
2025-03-23,0.233779086248037,0.233533544454018,1363638936.43506,0.230542838657049,0.22640855019261455,0.2318821895376914,0.2508589489885071,0.21290543008687574,0.23453131455946669,0.2517931875213049,0.21726944159762848,0.6073889017952302,-0.0020142634688437022,-0.002939273454246029,0.0009250099854023267,42.83025467249477,0.009051037155698929,-8270640591.287917
2025-03-24,0.233533544454018,0.237119806163652,1587806196.92326,0.232882648111259,0.22772931782387668,0.23151719738739368,0.24974463763242924,0.21328975714235812,0.23419111392879585,0.250521807500417,0.21786042035717468,0.8825416729730405,-0.0012676271703102315,-0.0026049441974588697,0.0013373170271486381,45.24626275391776,0.008969968509135503,-6907001654.852858
2025-03-25,0.237119806163652,0.230087630345884,1974013656.81794,0.229822247897306,0.22856034240062229,0.23145803253515548,0.24969651699654816,0.2132195480737628,0.23390784588719252,0.25001614289156693,0.2177995488828181,0.9999999999534445,-0.0012291811079727655,-0.002329791579561649,0.0011006104715888835,48.352520053184485,0.008563850856330931,-8494807851.776117
2025-03-26,0.230087630345884,0.228218601872937,1283574441.04295,0.225257298398501,0.22928460940640713,0.23073102172360818,0.24821645181192062,0.21324559163529574,0.23396429391498583,0.24997030341817572,0.21795828441179593,0.9999999999551331,-0.0013341480756873525,-0.00213066287878679,0.0007965148030994375,49.16096388165179,0.008115531000474501,-10468821508.594057
2025-03-27,0.228218601872937,0.227341507822867,1478191316.33962,0.226010934691832,0.23098102325444753,0.22990022113386735,0.24628384727363223,0.21351659499410247,0.23393222360624877,0.2499856368999229,0.21787881031257464,0.9999999999604895,-0.0014711508028119324,-0.0019987604635918186,0.0005276096607798862,52.18253447138145,0.008037585620743287,-11752395949.637007
2025-03-28,0.227341507822867,0.231487004623092,1598848125.65749,0.226952010030412,0.2321824564940139,0.2294605766878519,0.24512767102632388,0.21379348234937995,0.23407122667645947,0.24991153418488585,0.21823091916803308,0.9999999999659918,-0.001231028969027631,-0.0018452141646789811,0.0006141851956513501,56.27741179886662,0.008050009240902002,-10274204633.297386
2025-03-29,0.231487004623092,0.23500012731234,1635899418.13651,0.23084487619773,0.23194431116737396,0.22902261260323592,0.24344714235756382,0.21459808284890802,0.23432195245479087,0.24980519200909385,0.2188387129004879,0.9999999999669428,-0.0007486214035981875,-0.0016258956124628225,0.0008772742088646349,57.123422955499535,0.0080829251152125,-8675356507.639896
2025-03-30,0.23500012731234,0.232506023376918,1648015558.31574,0.22924080135218,0.23211925913552722,0.22843796385253148,0.24111445440385082,0.21576147330121215,0.2343390703022381,0.2498121423147906,0.21886599828968561,0.9999999999670613,-0.0005610953183683431,-0.0014129355536439266,0.0008518402352755835,57.23226946718055,0.008032173270354145,-10311255925.776405
2025-03-31,0.232506023376918,0.231946722508473,1183736133.00149,0.231917271742808,0.23191566316446455,0.22841612940491704,0.24106548142433784,0.21576677738549624,0.2343769167515751,0.24981643347892202,0.21893740002422818,0.9999999999673765,-0.00045239551667256017,-0.0012208275462496534,0.0007684320295770933,57.52559411057552,0.007495968585673503,-11959271484.092146
2025-04-01,0.231946722508473,0.231908420129553,1634896851.14847,0.229699001750107,0.23173509379507953,0.22854312174184707,0.24128340522059344,0.2158028382631007,0.2343876119627926,0.24981937616410727,0.21895584776147792,0.9999999999609318,-0.00036513181033845377,-0.0010496883990674135,0.0006845565887289597,66.95567402805375,0.0074439873530075034,-13143007617.093636
2025-04-02,0.231908420129553,0.238826289083616,1448061080.76821,0.231388168960109,0.23192470300840892,0.2292582702838352,0.24263815598461816,0.21587838458305222,0.23451905211212648,0.24998855845240617,0.2190495457718468,0.9617651428920481,0.00025925103067861444,-0.0007879005131182079,0.0010471515437968223,65.97700308227144,0.006504992582029933,-11508110765.945166
2025-04-03,0.238826289083616,0.237820961399049,2148360177.82126,0.2333307833975,0.23278396201431611,0.2299970023185956,0.24356296772475367,0.21643103691243754,0.2343450263079374,0.24945497837720182,0.219235074238673,0.369584791143664,0.0006652883582829172,-0.0004972627388379829,0.0011625510971209002,50.81937600195625,0.006013552485503147,-12956171846.713375
2025-04-04,0.237820961399049,0.233989902499284,1589481598.85572,0.232407268541646,0.2334252176394658,0.23043485256944515,0.24391841396665376,0.21695129117223655,0.234204375937229,0.24919104992952154,0.21921770194493648,0.45987020899620223,0.0006702156017718841,-0.00026376707071600953,0.0009339826724878936,53.92481631411657,0.005998964143771292,-15104532024.534636
2025-04-05,0.233989902499284,0.238139746664777,1536838058.12731,0.230591426010029,0.23462502195523355,0.23121141944492535,0.24458564120908213,0.21783719768076856,0.2340960954065578,0.2488839683959821,0.2193082224171335,0.5216382268061347,0.0009974798929006379,-1.151767799268006e-05,0.0010089975708933178,55.414995646604595,0.005846865023156436,-13515050425.678915
2025-04-06,0.238139746664777,0.238977795231301,893656945.561547,0.236842673063846,0.23545733202281235,0.23207529926544673,0.24508993956615394,0.21906065896473953,0.23418435836317653,0.24903618840841904,0.219332528317934,0.525867787586812,0.0013093691246712225,0.0002526596825401004,0.001056709442131122,56.662542830985714,0.005696467844346577,-11978212367.551605
2025-04-07,0.238977795231301,0.237489159444713,1591992896.42917,0.235848966805202,0.23573389114863158,0.23334606807815722,0.24254001648237258,0.22415211967394186,0.23429590420169,0.24916184075883718,0.2194299676445428,0.1141704735877222,0.0014200536267047204,0.0004861384713730244,0.000933915155331696,50.476450952834796,0.005741537053763076,-12871869313.113152
2025-04-08,0.237489159444713,0.229952014570607,3333105818.55793,0.228235414387117,0.2354501123923748,0.2338099635333378,0.24103780804581657,0.22658211902085904,0.23413720156855142,0.24901607272837264,0.2192583304087302,0.03744498557861163,0.0008893355841902706,0.0005667778939364736,0.00032255769025379695,49.82728654649683,0.006189305448486506,-14463862209.542322
2025-04-09,0.229952014570607,0.228663547933135,2278510356.41132,0.221101075171351,0.23508531521733722,0.23338596916738963,0.24078335679719826,0.225988581537581,0.23385521512773066,0.24860066837830802,0.2191097618771533,0.04365859667787644,0.00036061230818612566,0.000525544776786404,-0.00016493246860027838,50.57508790734017,0.006548207317164862,-17796968028.10025
2025-04-10,0.228663547933135,0.230448436934727,2684574950.10617,0.228550217928102,0.23492309486235655,0.233361816430949,0.24079600985690902,0.22592762300498898,0.23368219021937633,0.24837941366091965,0.21898496677783302,0.23915945812566508,8.464519112258428e-05,0.00043736485965364014,-0.00035271966853105585,53.92370241539157,0.0070986538251600045,-15518457671.68893
2025-04-11,0.230448436934727,0.238510867338095,2705216602.43108,0.226369648176733,0.23488804800174312,0.2335984054854519,0.2413814974840589,0.22581531348684492,0.23366497309038758,0.24833698761736395,0.21899295856341122,0.4813362975167063,0.0005106238615993353,0.0004520166600427792,5.8607201556556076e-05,58.071801159782275,0.007429985196404575,-12833882721.58276
2025-04-12,0.238510867338095,0.236288639492714,1803860423.26692,0.234601470396544,0.23471779001215035,0.23373616023738672,0.24161139924336417,0.22586092123140927,0.23353748730475712,0.24799965727644646,0.2190753173330678,0.0991763707578396,0.0006612770218957231,0.000493868732413368,0.00016740828948235515,51.52601785395083,0.007675999679954859,-15539099324.01384
2025-04-13,0.236288639492714,0.243042998771423,1909561274.44009,0.234539358306558,0.23572368959794357,0.23403231986777526,0.24283430616115342,0.2252303335743971,0.23346408595119,0.24768861316776225,0.21923955873461776,0.6718765645814508,0.0013105834914050873,0.0006572116842117119,0.0006533718071933754,61.3354486850971,0.008080411399914,-13735238900.74692
2025-04-14,0.243042998771423,0.246096297259495,2018267534.823,0.241009767095063,0.23660775077513443,0.2348327532134558,0.24493925114543416,0.22472625528147747,0.23362670408427802,0.24824181835807776,0.21901158981047827,0.8535141122044563,0.0020479319324747947,0.0009353557338643285,0.0011125761986104663,64.44660698216532,0.008483294191228785,-11825677626.30683
2025-04-15,0.246096297259495,0.254546936364558,2357863551.66918,0.245727393538527,0.2383376553454963,0.23614916993803683,0.24908963390627412,0.22320870596979955,0.2339295097436785,0.2496211373446617,0.21823788214269527,0.9999999999497439,0.0032764133812099305,0.001403567263333449,0.0018728461178764816,69.72536086031651,0.008396975653557,-9807410091.48383
2025-04-16,0.254546936364558,0.252238905407724,2024199370.059,0.251598455516763,0.2399765160080531,0.23739403981727972,0.2515043182050927,0.2232837614294667,0.2340534899092832,0.2502262481795293,0.21788073163903712,0.6473088117067878,0.004017444372907852,0.0019263426852483298,0.002091101687659523,62.707485386476115,0.008456002938277358,-12165273643.15301
2025-04-17,0.252238905407724,0.25054307955919,2075201282.88255,0.247119996217812,0.24226441211789565,0.2383468435640846,0.2533245271290139,0.2233691599991553,0.2342594162698364,0.25100606751831495,0.21751276502135786,0.6066081009112032,0.0044169618129829,0.002424466510795244,0.0019924953021876564,61.89761961839959,0.00845696546183357,-14189473013.21201
2025-04-18,0.25054307955919,0.247711996839765,2252669493.16068,0.247637913395973,0.24438090644085456,0.23898243704045585,0.2544335366673171,0.2235313374135946,0.23459591589092227,0.25173747240749145,0.2174543593743531,0.6658983661355278,0.004453796948666128,0.002830332598369421,0.0016234643502967068,63.07738172197857,0.008350225652700424,-16264674296.094559
2025-04-19,0.247711996839765,0.247837505551518,1556391442.35502,0.24402468386167,0.24631302517605358,0.23974901114918587,0.25536758218421374,0.224130440114158,0.23500931177234272,0.25241461339468857,0.21760401014999686,0.5117403606036166,0.004441912955638505,0.0031526486698232378,0.0012892642858152673,60.009934271680216,0.008588307877127138,-14012004802.93388
2025-04-20,0.247837505551518,0.23976550065612,1164142884.80785,0.239661921511614,0.24645242887805635,0.24013995005656819,0.2553215300649845,0.22495837004815186,0.2352329227140185,0.2525885529542192,0.21787729247381776,0.04423143757577191,0.003738061425791528,0.003269731221016896,0.000468330204774632,50.707406978430846,0.008697908645801998,-15568396245.2889
2025-04-21,0.23976550065612,0.24389814107166,1334814858.75113,0.239655666480771,0.2472979290534948,0.24073943610367352,0.2554932759908268,0.22598559621652026,0.235442443509116,0.2529610197129049,0.2179238673053271,0.2848268371412219,0.0034736811272844947,0.003310521202270416,0.00016315992501407875,55.494792118787906,0.008252732350935783,-14404253360.48105
2025-04-22,0.24389814107166,0.24373293981552,2076452115.41115,0.241310498402131,0.24737458916950553,0.24098476864026872,0.2557678114230411,0.22620172585749632,0.23563562593597073,0.2533049802352079,0.21796627163673354,0.6762183260669838,0.0032137810082802365,0.0032911731634723803,-7.739215519214377e-05,63.52485342800389,0.00787236153221521,-15739068219.232182
2025-04-23,0.24373293981552,0.246425122789636,2351345324.57906,0.24110918665994,0.24741112533952123,0.2414149767097981,0.2563107081962712,0.226519245223325,0.2356757354083713,0.25343535076608104,0.2179161200506616,0.8548093963368298,0.003188292308895474,0.003270596992556999,-8.230468366152502e-05,66.96413265662201,0.0076793675274818545,-13662616103.821032
2025-04-24,0.246425122789636,0.24835032599789,2271070825.3004,0.24380042702459,0.24672261307655813,0.24213299788472836,0.2569056585011614,0.22736033726829527,0.23601732338051615,0.25408546431706636,0.21794918244396597,0.8594528553563607,0.003285566178595545,0.003273590829764708,1.1975348830836618e-05,67.05244174611252,0.0071940645100294276,-11311270779.241972
2025-04-25,0.24835032599789,0.246321855187807,1883313331.00168,0.243629337357343,0.24606516305212286,0.2425421033108799,0.25730231125568,0.22778189536607976,0.2360885841221946,0.2542928418705376,0.2178843263738516,0.40484479012748315,0.0031625202149796194,0.0032513767068076908,-8.885649182807133e-05,58.40672652680185,0.006938595266755929,-13582341604.542372
2025-04-26,0.246321855187807,0.245537991326345,1810741629.23124,0.242072341075251,0.24550904213736235,0.24287011311563206,0.2575883224067399,0.22815190382452422,0.23612019355636782,0.254385606270735,0.21785478084200063,0.5029695325006488,0.002967546115335118,0.003194610588513176,-0.00022706447317805828,60.27285835202475,0.006609548567153359,-15465654935.544052
2025-04-27,0.245537991326345,0.242050084854041,2212620362.74668,0.241211532824022,0.2448799408056152,0.2430981593860985,0.257605142709289,0.22859117606290794,0.23615559738258063,0.2544607383582294,0.21785045640693182,0.0,0.0025027328871639054,0.003056235048243322,-0.0005535021610794167,48.810918135111706,0.0067345289556935,-17276396564.77529
2025-04-28,0.242050084854041,0.251969184004629,1704507964.78435,0.241890083258253,0.2453390161892942,0.2441990178577996,0.2578200994377793,0.23057793627781994,0.23631979288258007,0.2550457681690324,0.21759381759612773,0.34564322809592096,0.002901308975257144,0.003025249833646087,-0.00012394085838894273,56.03985363282439,0.006745106203368069,-15063776202.028612
2025-04-29,0.251969184004629,0.245450733668509,1780647346.06067,0.245407812580339,0.24597070874622634,0.24503837714456828,0.25653127048771157,0.233545483801425,0.23634482758813008,0.25511708720470067,0.2175725679715595,0.0,0.0026605299978020303,0.002952305866477276,-0.00029177586867524564,40.257982137360266,0.006544326908559427,-16768284166.812962
2025-04-30,0.245450733668509,0.248356128709437,1464021383.22092,0.243676683992104,0.24646604070597933,0.2459337617333038,0.2552189302862581,0.2366485931803495,0.2366642819331036,0.25570312126723366,0.21762544259897354,0.21034569400098752,0.002673335474595806,0.002896511788100982,-0.0002231763135051761,45.89408133935503,0.006545757830883641,-14987636820.752293
2025-05-01,0.248356128709437,0.243987528163093,1573383046.38842,0.243195784650145,0.24649432830015408,0.24620759477455367,0.2548734012603916,0.23754178828871575,0.23695666102854637,0.25598719821685906,0.21792612384023366,0.1187047323009932,0.0023044105427504347,0.0027780915390308728,-0.0004736809962804381,43.43861129248568,0.006325071514202357,-16451658203.973213
2025-05-02,0.243987528163093,0.246611134676699,1399078316.06661,0.24255598525972,0.24651499628760554,0.24672371953375297,0.25402413675277147,0.23942330231473447,0.2373984173572033,0.2562757656240564,0.21852106909035018,0.32228933144316996,0.0021983962520167877,0.002662152481628056,-0.00046375622961126843,48.89355061136834,0.006257327792166145,-14878275157.584793
2025-05-03,0.246611134676699,0.244777944710315,1308810648.56521,0.24410385655958,0.24611806503343056,0.24681046683069754,0.25396653554603515,0.23965439811535996,0.23783304983733278,0.25635908089222226,0.2193070187824433,0.2526271123384374,0.0019440462975479078,0.0025185312448120266,-0.0005744849472641188,47.02698909524087,0.006026798012483286,-16277353473.651403
2025-05-04,0.244777944710315,0.248031925942303,1299997560.22084,0.243449360950087,0.2463080728950412,0.24690724826483795,0.25407499559787183,0.2397395009318041,0.238289030406533,0.256670979620051,0.219907081193015,0.6943363765115501,0.0019821917443471337,0.0024112633447190483,-0.00042907160037191456,58.86235013338073,0.006048818694361643,-14968542825.086193
2025-05-05,0.248031925942303,0.245713160715555,1236672751.44797,0.244799363438298,0.24632753616050898,0.24646555948238782,0.2526758750078413,0.2402552439569344,0.23875112543774063,0.25668020553070864,0.22082204534477262,0.4391434836983374,0.0018045159738156735,0.0022899138705383733,-0.0004853978967226998,52.024594474201265,0.005945452405277573,-16268540385.307034
2025-05-06,0.245713160715555,0.247678264951916,1663138096.56506,0.245182827381913,0.24695288950471733,0.24623752745959743,0.25186260756121914,0.2406124473579757,0.23927068676036142,0.2566810952283437,0.22186027829237917,0.5214891651034298,0.0018015074775954154,0.002192232591949782,-0.00039072511435436644,54.23100250864754,0.005836146642619214,-15031867633.859064
2025-05-07,0.247678264951916,0.248655249129599,1387032416.35049,0.24688099024733,0.24658467451860291,0.24614313593811787,0.2515219766117914,0.24076429526444434,0.24000231607914338,0.2557422505526948,0.22426238160559198,0.45624960743545656,0.0018565564536756896,0.0021250973642949634,-0.00026854091061927383,52.48294381575493,0.0057812398772257145,-13368729537.294004
2025-05-08,0.248655249129599,0.246112055767341,1471942198.36159,0.244092967841117,0.2466581547518064,0.24606313888449666,0.25139108514809816,0.24073519262089518,0.24051107508515032,0.2553178309573411,0.22570431921295953,0.36391947872335406,0.0016756528310664376,0.0020352084576492585,-0.0003595556265828209,47.54178545647734,0.005760716845831356,-14755761953.644495
2025-05-09,0.246112055767341,0.248799493913189,2200655448.72882,0.243759530270045,0.24670741755222336,0.24611123830258017,0.25152333576126196,0.24069914084389837,0.24074419625837212,0.25570081339450657,0.22578757912223765,0.6207515971418784,0.0017292059950035632,0.0019740079651201195,-0.0002448019701165563,52.68224851483099,0.0060119315432299964,-13283819755.282906
2025-05-10,0.248799493913189,0.257063557349665,3952593539.5656,0.248637739865583,0.24816030968406466,0.24697614113725744,0.2535272368712158,0.2404250454032991,0.2412668375720946,0.2566442780606519,0.2258893970835373,0.9999999999511725,0.0024106990785477955,0.0020613461878056546,0.0003493528907421409,60.738266992222535,0.006515830168647283,-11083164306.554085
2025-05-11,0.257063557349665,0.260146865563145,2831738146.3445,0.254186915700369,0.24966427978255867,0.2477885773618317,0.2564293364399319,0.23914781828373155,0.2417941931583968,0.25791412219069093,0.22567426412610264,0.9999999999625898,0.003163121960707088,0.0022817013423859413,0.0008814206183211468,66.98869804737579,0.006263524562569138,-7130570766.988485
2025-05-12,0.260146865563145,0.266132826896897,2760499178.33662,0.258825307738104,0.2520370444699567,0.24890857171590058,0.2606031359583814,0.23721400747341972,0.24244617880725436,0.25979274203329683,0.22509961558121186,0.9015315211736104,0.004194092678929395,0.002664179609694632,0.0015299130692347633,64.35656511467772,0.006252269997932214,-4298832620.643986
2025-05-13,0.266132826896897,0.265103460158803,5430047491.76211,0.259728702317179,0.2539338816051233,0.24984248858435887,0.26351756260257136,0.23616741456614637,0.24300585188715737,0.26142364571875837,0.22458805805555634,0.9999999999654887,0.004871922616618257,0.0031057282110793574,0.0017661944055388998,72.41465928319046,0.007097421277669856,-7059331798.980606
2025-05-14,0.265103460158803,0.271728063275062,3084393152.99286,0.26314563395879,0.2568244263339574,0.2510113754482175,0.2677930210297507,0.23422972986668428,0.24383866054574097,0.2635897479433805,0.22408757314810143,0.99999999996788,0.005875923840701458,0.0036597673370037777,0.0022161565036976803,74.57192479304764,0.007486470066574428,-1629284307.2184963
2025-05-15,0.271728063275062,0.270842105336622,2902404860.6483,0.260843189695822,0.25939818637670253,0.25223738795565825,0.27103781543837346,0.23343696047294302,0.24469113061501463,0.2653489973098997,0.22403326392012957,0.9999999999700934,0.006524897683960029,0.004232793406395028,0.002292104277565001,80.46424911985162,0.00784564824241157,-4713677460.211356
2025-05-16,0.270842105336622,0.274726420664865,2984545524.87784,0.269163007603089,0.2622949832139543,0.25369680942258427,0.2747090504960628,0.23268456834910572,0.24563882887185456,0.26736788208102935,0.22390977566267978,0.9999999999705714,0.007268855078122638,0.00484000574074055,0.002428849337382088,81.0074986224593,0.00808491209529721,-1811272599.563056
2025-05-17,0.274726420664865,0.273288640456657,2134700197.99799,0.267523563284754,0.26531460373498944,0.255258737202715,0.27724722264972096,0.2332702517557091,0.2464748615885259,0.2691763843185149,0.2237733388585369,0.9999999999707418,0.007654197007616659,0.005402843994115772,0.0022513530135008864,81.72023914527074,0.008257395767239998,-4795818124.440896
2025-05-18,0.273288640456657,0.271763549066674,1800064402.73395,0.270759312713947,0.26786616541871,0.2562484554558173,0.2793664179330264,0.2331304929786082,0.24721013002361258,0.27076027903092176,0.22365998101630344,0.8753398014001113,0.007747216049385497,0.005871718405169718,0.001875497644215779,77.45954632146399,0.008264224169537787,-6930518322.438886
2025-05-19,0.271763549066674,0.269643281721827,2039009124.22256,0.267166506933908,0.26926391257117244,0.2574580828584832,0.2807283824473931,0.23418778326957326,0.24795287519051076,0.27194848469105065,0.22395726568997087,0.8857984157306592,0.007562668717856047,0.006209908467706984,0.0013527602501490626,77.81700558702003,0.00872121006717193,-8730582725.172836
2025-05-20,0.269643281721827,0.26806005477902,2105813377.38953,0.264038832870174,0.2701431558173808,0.2584432791619623,0.2817594199828093,0.23512713834111534,0.2486751418359217,0.2728774134689302,0.22447287020291323,0.7713271862969449,0.00720559878782584,0.006409046531730756,0.0007965522560950842,73.90455597300611,0.008937308747313934,-10769591849.395397
2025-05-21,0.26806005477902,0.266736497304405,2517059895.69864,0.260798562613636,0.2702102303071039,0.25958072761902795,0.2821346837829551,0.2370267714551008,0.24937170337941872,0.2736090781611702,0.22513432859766722,0.6873803310730071,0.006738145126290729,0.006474866250642751,0.0002632788756479782,71.03538226933097,0.009261599781873792,-12875405226.784927
2025-05-22,0.266736497304405,0.269254978232259,2570345908.83065,0.266239815142516,0.27067151009304347,0.26071291979680594,0.2827940051050397,0.23863183448857217,0.2499802771623916,0.27466091052433733,0.22529964380044587,0.8353637489436152,0.0064960229854149065,0.006479097597597182,1.6925387817724215e-05,76.93953323050007,0.009455275918944935,-10358345331.086288
2025-05-23,0.269254978232259,0.268479962726397,3134195047.06726,0.266046955288844,0.2703106100320807,0.2618980206976101,0.2828957263457663,0.24090031504945386,0.25059345718893855,0.27556278905978177,0.22562412531809534,0.630937130204626,0.0061704728006666265,0.006417372638211072,-0.00024689983754444533,73.97657228913108,0.009844397204577079,-12928691239.916939
2025-05-24,0.268479962726397,0.275857227187497,2966128846.17453,0.267523273685145,0.270867845793289,0.26328928575986976,0.2841051238312001,0.2424734476885394,0.2514308036827028,0.27692990311635873,0.22593170424904693,0.5209314656800899,0.0064335930653456885,0.0064206167236379955,1.2976341707693004e-05,73.40184927754679,0.00984790820212929,-9794496192.849678
2025-05-25,0.275857227187497,0.268872405038744,1392244612.4612,0.264460082256952,0.2702173996126089,0.2644472479760292,0.28366130157083297,0.2452331943812254,0.2520454568501822,0.27771791046912625,0.22637300323123816,0.0,0.006009230331329385,0.006338339445176274,-0.0003291091138468887,59.902828183580255,0.009662333009353078,-12760625039.024208
2025-05-26,0.268872405038744,0.270042565754122,1476806418.14929,0.268837652167353,0.2698567246456606,0.2655654630161395,0.28320933778863255,0.2479215882436464,0.25266675226063856,0.2785511088410343,0.2267823956802428,0.0,0.0057016173024142525,0.006210995016623869,-0.0005093777142096169,54.98182008872919,0.009381837951548002,-11368380426.563007
2025-05-27,0.270042565754122,0.272231968920078,1320734501.01951,0.268533230066607,0.2699087712960388,0.26674429900566343,0.2827008115329902,0.25078778647833666,0.2533616084501459,0.27944748873268477,0.22727572816760702,0.14363538093426087,0.0055702874918314715,0.00608285351166539,-0.0005125660198339183,58.82240309563907,0.008506984116823787,-9891574008.413717
2025-05-28,0.272231968920078,0.274106173728052,1638066273.64932,0.270586466923113,0.2704046481856193,0.268144004903699,0.2811113573789118,0.2551766524284862,0.2542446916332948,0.2800842787223924,0.22840510454419716,0.0,0.005553423921306366,0.0059769675935935854,-0.00042354367228721913,53.33537958891887,0.008116102653222284,-8570839507.394207
2025-05-29,0.274106173728052,0.277928271820642,1386146735.96011,0.272276905723196,0.2715011167457996,0.26960044379907167,0.2796300901910005,0.25957079740714284,0.2552299861110449,0.2808442503028015,0.2296157219192883,0.20598923695083518,0.005781821553821731,0.005937938385639215,-0.00015611683181748423,59.1823551500944,0.0078912132104385,-6932773233.744887
2025-05-30,0.277928271820642,0.273907062604568,1676401564.63843,0.273287222009733,0.27229784622359543,0.2704426190618168,0.27871443350384406,0.2621708046197896,0.2560991586244417,0.28122584816236657,0.23097246908651684,0.0,0.005574095641218746,0.005865169836755122,-0.0002910741955363758,48.941997520271265,0.0076529961709781436,-8318919969.704997
2025-05-31,0.273907062604568,0.274792501235341,2245191709.04612,0.272733388352135,0.27291312655727124,0.2711749008454266,0.27809098499580526,0.26425881669504797,0.25682479130238667,0.28197383256432856,0.23167575004044477,0.1048630783082165,0.005418458242731461,0.00577582751795039,-0.000357369275218929,51.96991975242999,0.007789249192902926,-6642518405.066566
2025-06-01,0.274792501235341,0.267277925548669,1735593460.16917,0.267000900892199,0.272779566870857,0.2712321557780152,0.27798962944323713,0.26447468211279324,0.25744457702350576,0.28204943410706274,0.2328397199399488,0.0,0.004635317966999952,0.005547725607760303,-0.0009124076407603507,44.92112316867613,0.007846538287190495,-8887710114.112686
2025-06-02,0.267277925548669,0.265727672312348,1029948858.19967,0.263638645669872,0.2716540607736182,0.27126336638569243,0.27790645278453824,0.2646202799868466,0.25789827049432423,0.28225455447816394,0.23354198651048452,0.018346461755888537,0.0038452554646890014,0.005207231579146043,-0.001361976114457042,45.50854770437809,0.007557539399039637,-10623303574.281857
2025-06-03,0.265727672312348,0.270859349547236,1288311340.17347,0.265048322104994,0.2718748323856729,0.27121993069930117,0.27786158376741665,0.2645782776311857,0.2583935315400791,0.282777348185971,0.23400971489418718,0.2513586977888896,0.003591804617345984,0.004884146186786032,-0.0012923415694400479,52.96922902733824,0.007448775178784133,-9593354716.082186
2025-06-04,0.270859349547236,0.268977641591996,1171010959.11504,0.266212703432124,0.27175650747877,0.27112670751206985,0.2778426145629304,0.2644108004612093,0.2586821456446278,0.28322124561528333,0.23414304567397232,0.231999370264777,0.003202192012686622,0.00454775535196615,-0.0013455633392795282,52.349374140130685,0.0070430402964248495,-10881666056.255655
2025-06-05,0.268977641591996,0.27045307877502,1386306360.11265,0.268599153988415,0.27155885301820804,0.2709130404175776,0.2774152498242273,0.2644108310109279,0.25904642911197373,0.2837354424250311,0.23435741579891634,0.21899194314331874,0.002978146447993213,0.004233833571171563,-0.0012556871231783505,51.284032430685386,0.00693536832884435,-9710655097.140615
2025-06-06,0.27045307877502,0.274539260034217,2395016307.24199,0.268150841247375,0.27160697371889303,0.2709755713964556,0.2775969362540674,0.26435420653884384,0.2595263527214743,0.2844722695815605,0.23458043586138808,0.3912284953546828,0.003094636360172265,0.004005994128971704,-0.0009113577687994388,56.063594791249656,0.007190930283425636,-8324348737.027966
2025-06-07,0.274539260034217,0.282433148997561,1568582200.0696,0.266641979758317,0.27210751562743957,0.27150905139299997,0.27988464126741613,0.2631334615185838,0.2602207757646302,0.2857505759596528,0.2346909755696076,0.7737515745290184,0.003780348814252543,0.003960865066027872,-0.00018051625177532837,56.51324101386124,0.00683170414804078,-5929332429.785975
2025-06-08,0.282433148997561,0.278275515377009,1257177343.38416,0.276111644195251,0.2725928992688219,0.27194066307575904,0.28078782221269943,0.26309350393881864,0.26082953596114,0.2866045275471635,0.2350545443751165,0.9999999999330876,0.00394284393744232,0.003957260840310762,-1.441690286844207e-05,59.86603356826777,0.007132526245425997,-7497914629.855576
2025-06-09,0.278275515377009,0.286956818530074,1281027575.16884,0.27765555628834,0.27394449007934774,0.2728855012633118,0.28378566531456817,0.2619853372120554,0.26177336231861914,0.2878543832457726,0.23569234139146564,0.9999999999510031,0.004717747844602493,0.004109358241169109,0.0006083896034333848,65.33058165593104,0.007208169252534856,-6240737286.4714155
2025-06-10,0.286956818530074,0.281947323037879,1530754446.51472,0.281620728099036,0.27557442313370445,0.2736460425499855,0.28485790084798124,0.2624341842519897,0.2625343459579435,0.28870677434790776,0.23636191756797928,0.6593178110765171,0.0048714849081614164,0.0042617835745675705,0.0006097013335938459,58.3774426644094,0.0075386839543135,-7521764861.640255
2025-06-11,0.281947323037879,0.287153190984732,1814846445.46956,0.28122877089165,0.2779550363195249,0.2745409531876091,0.2870582818319732,0.26202362454324507,0.26340275098132776,0.2899081826759967,0.23689731928665878,0.7701278251673637,0.0053517015900929055,0.004479767177672638,0.0008719344124202676,60.639015047079475,0.0076808760459077885,-5991010415.125535
2025-06-12,0.287153190984732,0.292597205829563,2488087084.90698,0.285855439998103,0.2803703536842279,0.2757468153427674,0.2902886409445971,0.2612049897409377,0.26432619264212626,0.2916227925634662,0.23702959272078633,0.8198265536407794,0.006101232065380824,0.004804060155214275,0.0012971719101665486,61.653339182776705,0.008328052257782576,-4176163969.6559753
2025-06-13,0.292597205829563,0.279607261767707,2482481032.04926,0.277207727937779,0.28155142259264027,0.2759343170717779,0.2905784824561168,0.261290151687439,0.26495133135752263,0.2921861699960509,0.23771649271899434,0.4430511715680982,0.005582706477661958,0.004959789419703812,0.0006229170579581467,53.963557662967936,0.008567426348002434,-6664251054.562956
2025-06-14,0.279607261767707,0.272112582523124,2219982800.19581,0.270735179159744,0.28173581189798513,0.27609632594599687,0.2904809311668566,0.26171172072513715,0.26546714590422893,0.2922347691137065,0.23869952269475136,0.16523102829243744,0.0045149674993666955,0.0048708250356363884,-0.00035585753626969294,48.29339898158231,0.008394149949995437,-9146732086.612217
2025-06-15,0.272112582523124,0.26993245385472,946614383.313911,0.267307536088977,0.28122394454470767,0.27609082035102683,0.2904852624101968,0.2616963782918569,0.26595503515479646,0.29212256483528914,0.23978750547430377,0.3180846878380741,0.0034530538476744144,0.004587270798043994,-0.0011342169503695794,51.8136331864916,0.008201686385798653,-11366714886.808027
2025-06-16,0.26993245385472,0.27118162065194,823366870.073504,0.268868158833267,0.2799737747285275,0.27603830293761994,0.290499533621002,0.2615770722542379,0.26653766587075445,0.29181483607672865,0.24126049566478022,0.31978671676508547,0.0026813678098285276,0.004206090200400901,-0.0015247223905723731,53.741663692259074,0.008019698234743081,-10420100503.494116
2025-06-17,0.27118162065194,0.273956068089993,4361438222.64384,0.270377623365811,0.27949383614108136,0.2760307976557169,0.290496405640564,0.26156518967086984,0.2669774035524617,0.29198365812196125,0.24197114898296215,0.2290343907422666,0.0022675370309639953,0.00381837956651352,-0.0015508425355495246,52.195499735595504,0.009365354814241654,-9596733633.420612
2025-06-18,0.273956068089993,0.274306417699755,2500713674.96531,0.270094737411273,0.2780882360488237,0.2758497049496726,0.2903059751603958,0.2613934347389494,0.26755451723308665,0.29185492509914285,0.24325410936703049,0.3268404043443063,0.0019454178764390373,0.0034437872284986235,-0.0014983693520595862,53.8618386560811,0.009695280256863796,-5235295410.7767725
2025-06-19,0.274306417699755,0.271621906183695,1578279819.77198,0.271592056202491,0.2769409675094699,0.27573544712862896,0.2902921394297273,0.2611787548275306,0.2680198327825718,0.29170291884739663,0.24433674671774694,0.14903109042976326,0.001456726248376894,0.0030463750324742776,-0.0015896487840973837,50.8324688935406,0.009717383660712512,-7736009085.742083
2025-06-20,0.271621906183695,0.273176820058971,1139065116.29517,0.267945235016777,0.2753880374066076,0.27565466306981046,0.290251267111038,0.2610580590285829,0.26860361862048937,0.29128668339065666,0.24592055385032208,0.04108170792560963,0.0011812860369727063,0.0026733572333739637,-0.0014920711964012574,48.99331554412624,0.008706554741963801,-6157729265.970102
2025-06-21,0.273176820058971,0.274846500852849,1537378198.70455,0.272411161494326,0.2734157368536393,0.27603309183501945,0.29009804090306485,0.26196814276697405,0.26916832594401235,0.29100678106568373,0.24732987082234098,0.0,0.001085217261885929,0.002355729239076357,-0.0012705119771904277,43.826576593068985,0.008605226167226587,-5018664149.6749325
2025-06-22,0.274846500852849,0.272408487729655,1256416253.64617,0.270411759679541,0.2726158730716335,0.27636713260588486,0.2896998204307068,0.2630344447810629,0.2697209368043991,0.2904082808784382,0.2490335927303601,0.05867911020865164,0.000803097177424883,0.002045202826746062,-0.0012421056493211791,45.08841247613875,0.00835072533854123,-6556042348.379482
2025-06-23,0.272408487729655,0.271077170626907,3228704126.38607,0.269198471776026,0.2725008273053872,0.27637802365986835,0.2896921106454162,0.2630639366743205,0.27018184169809123,0.2899010761105498,0.25046260728563263,0.0,0.00046670888450905945,0.0017295040382986617,-0.0012627951537896023,34.84086526685087,0.008971046265279515,-7812458602.025652
2025-06-24,0.271077170626907,0.263799813085436,2409720079.99048,0.259189523985352,0.2718194227754668,0.2761191322345403,0.2902173856861383,0.26202087878294233,0.27054357474548885,0.28905746786637915,0.25202968162459854,0.0,-0.0003826917629298765,0.0013070648780529543,-0.0016897566409828308,33.39489337199983,0.00904456065513573,-11041162728.411722
2025-06-25,0.263799813085436,0.272927557855741,1365474746.48023,0.263703907614069,0.27201341579811134,0.2762428561885764,0.29017418700651354,0.2623115253706393,0.2710485606035654,0.28835485854696485,0.253742262660166,0.15783580889920792,-0.00031567625701944824,0.000982516651038474,-0.0012981929080579221,37.855088024936066,0.00872587056498023,-8631442648.421242
2025-06-26,0.272927557855741,0.273970220253328,1297810092.03108,0.270672997595439,0.27201498826070414,0.2762144041995319,0.29016269850104526,0.2622661098980186,0.27155486002603996,0.2876241769927773,0.2554855430593026,0.0,-0.00017639843284317225,0.0007507336342621447,-0.000927132067105317,32.805295554856244,0.00794078591386537,-7265967901.941011
2025-06-27,0.273970220253328,0.273285782542486,1411461273.11536,0.270636383770779,0.27190158435434086,0.2757570358767782,0.28944418823465456,0.2620698835189018,0.2720983345615428,0.286395823097813,0.25780084602527265,0.45799750903548436,-0.00011986641154321243,0.0005766136251010734,-0.0006964800366442858,42.44913984457354,0.0076027481816063735,-8563777993.972092
2025-06-28,0.273285782542486,0.271157193707939,1054844082.26865,0.270622487644643,0.2718499496348124,0.2754011197933247,0.2891824072378623,0.2616198323487871,0.2725454885574378,0.2851693245205712,0.25992165259430444,0.7544303131841829,-0.00024401090118331137,0.00041248871984419643,-0.0006564996210275078,48.690989962043986,0.007300674114642374,-9975239267.087452
2025-06-29,0.271157193707939,0.273334430220003,944370537.410332,0.270837058109147,0.2718674618749271,0.2747200003778211,0.2873990091932407,0.26204099156240157,0.2728709060148446,0.2846782455884913,0.2610635664411979,0.9999999999542463,-0.0001648116667345989,0.0002970286425284374,-0.0004618403092630363,54.661443074789396,0.007319260213062372,-8920395184.818802
2025-06-30,0.273334430220003,0.274736775748841,690205947.740974,0.273028621496704,0.271855270196704,0.27435947301336927,0.28657476537510024,0.2621441806516383,0.2731627042185585,0.284393621768818,0.26193178666829897,0.9999999999546396,1.0985230552595926e-05,0.0002398199601332691,-0.00022883472958067316,54.8509686320398,0.0072131314582887995,-7976024647.40847
2025-07-01,0.274736775748841,0.27684890952169,1051878382.10199,0.274586162593012,0.27234865039581896,0.27384425894021713,0.28456534155755414,0.2631231763228801,0.2733770258710544,0.2844685108615148,0.26228554088059397,0.9623025603263299,0.0003170819583917517,0.0002552723597849656,6.180959860678606e-05,54.019903202109525,0.005788420119299943,-7285818699.667496
2025-07-02,0.27684890952169,0.279874853221351,890853921.493522,0.2761002828006,0.27332617068409054,0.27320814130980653,0.2800534208492375,0.26636286177037555,0.27367245373230537,0.2846507764210606,0.2626941310435501,0.9999999999590115,0.0007946736846387581,0.00036315262475572415,0.00043152105988303395,57.202364069180646,0.0053702928503918035,-6233940317.565506
2025-07-03,0.279874853221351,0.278948187855747,1082828472.99803,0.278044695190477,0.2750093234363473,0.27317518761420856,0.2798959718677141,0.26645440336070303,0.27381685622391905,0.28488039750027755,0.26275331494756055,0.9999999999631297,0.0010858771027084657,0.0005076975203462725,0.0005781795823621933,59.92744619926042,0.005338584146569014,-7124794239.059028
2025-07-04,0.278948187855747,0.28452953198828,1209510311.79138,0.27861913496342,0.27629843167329615,0.27379603508746636,0.28218945913690047,0.26540261103803225,0.2740906047569522,0.2855248504893791,0.2626563590245253,0.9999999999678091,0.0017468886903702074,0.0007555357543510595,0.000991352936019148,63.869961284440784,0.005470515652468442,-6041965766.060998
2025-07-05,0.28452953198828,0.286957838884027,1093939155.55534,0.281780351265082,0.2777415004100404,0.2746473043389317,0.28468353425613413,0.26461107442172926,0.2743352331213354,0.2863344116642422,0.26233605457842857,0.9999999999684763,0.002438578789875634,0.0010921443614559745,0.0013464344284196594,64.52750655813122,0.005564648619466654,-4832455454.269618
2025-07-06,0.286957838884027,0.282755539362813,677777921.495543,0.281407097424662,0.27879369561229894,0.27522600027447536,0.2857439829616333,0.26470801758731743,0.2745245710994586,0.28675291641571704,0.26229622578320017,0.917400626329745,0.0026174849881961393,0.0013972124868040076,0.0012202725013921317,61.907271798742435,0.005369806215727441,-5926394609.824958
2025-07-07,0.282755539362813,0.283202518303511,651210378.941221,0.281900697297854,0.28013206501180704,0.27568832278515126,0.2867690797336607,0.2646075658366418,0.2747533504841953,0.28719698267932553,0.2623097182890651,0.9910511493491119,0.0027634812130534203,0.0016704662320538902,0.00109301498099953,64.243629230538,0.00465488982818144,-5248616688.329414
2025-07-08,0.283202518303511,0.287041183028023,763145094.941267,0.282796450509977,0.28165503754603144,0.2763250610515647,0.2884827022766721,0.26416741982645725,0.2751013085103192,0.28792877606866774,0.2622738409519707,0.9999999999786762,0.0031525913249333404,0.0019668912506297805,0.0011857000743035599,79.7011348893325,0.004169811500242228,-4597406309.388193
2025-07-09,0.287041183028023,0.286663660001943,791491702.36465,0.285552581748757,0.2829802469074872,0.277077148742477,0.289854953392084,0.26429934409287004,0.27547338061477766,0.2885441453250937,0.2624026159044616,0.8488053889544257,0.003391406911078698,0.002251794382719564,0.0011396125283591341,72.61073670234941,0.0040081221206175145,-5360551404.32946
2025-07-10,0.286663660001943,0.287381556325045,993539765.373994,0.285886130269698,0.28415054099674886,0.27778738555578075,0.29121495272634895,0.26435981838521255,0.2758862817951905,0.28913368293702607,0.2626388806533549,0.8017178799057679,0.0035971327104875606,0.0025208620482731637,0.0010762706622143969,72.31473033491957,0.003936348007019229,-4569059701.96481
2025-07-11,0.287381556325045,0.289820836630794,1277400621.93182,0.28652813718841,0.2852556502644648,0.278536102344678,0.2929098101834248,0.2641623945059312,0.27629759896316114,0.28997473792372336,0.2626204600025989,0.8804612985748865,0.003911907390135638,0.0027990711166456586,0.0011128362734899797,75.99422243460032,0.0039375902352647985,-3575519936.5908165
2025-07-12,0.289820836630794,0.293669423845498,2509932873.69159,0.289516061286001,0.2868913431522149,0.2795991491504701,0.29516047032601833,0.2640378279749219,0.2768013881855432,0.29114273778952016,0.2624600385815662,0.999999999966165,0.00442095539399423,0.003123447972115373,0.0012975074218788572,83.57504613268175,0.004469177174409224,-2298119314.6589966
2025-07-13,0.293669423845498,0.300793424661824,2857530022.99866,0.292999824375556,0.2886984423381642,0.28108496185221604,0.298752388396193,0.2634175353082391,0.27730011213502975,0.29316124515701125,0.26143897911304825,0.9999999999684215,0.005337697281009246,0.0035662978338941477,0.0017713994471150983,85.68698231265132,0.0048663006866651514,211813559.03259325
2025-07-14,0.300793424661824,0.302239640482801,1295091374.20036,0.29747932624036,0.2903964202935836,0.28300695322208425,0.3011149238824203,0.2648989825617482,0.2779674568439109,0.2951352642903891,0.26079964939743266,0.9999999999684377,0.006110481533979195,0.0040751345739111575,0.0020353469600680376,85.70328511248562,0.005066072272013651,3069343582.0312533
2025-07-15,0.302239640482801,0.302758366405814,2275799647.22883,0.299902640722772,0.2926189566316948,0.2844984936495879,0.30397343631789,0.2650235509812858,0.2786217728569447,0.29700736077800655,0.2602361849358829,0.9783521962554192,0.006687684010546646,0.004597644461238256,0.0020900395493083906,85.08630276817871,0.005107289957395007,4364434956.231613
2025-07-16,0.302758366405814,0.302447546174894,2081422724.09575,0.299600722453309,0.29475729306184845,0.2859223599456662,0.3062994608858599,0.26554525900547254,0.27922608440204105,0.29870803593842316,0.25974413286565895,0.8948877091668391,0.0070389004736466365,0.005085895663719932,0.0019530048099267042,82.99392763706487,0.005472835624067077,2088635309.0027833
2025-07-17,0.302447546174894,0.300392824128704,1699329975.36447,0.295374323006764,0.2962408087397019,0.2872777120249771,0.3077217115975227,0.2668337124524315,0.27975181741005406,0.3000705861789328,0.25943304864117533,0.7747992881407338,0.007069945226252317,0.0054827055762264095,0.001587239650025907,80.34440597559288,0.005704859090426292,7212584.907033205
2025-07-18,0.300392824128704,0.309512870255103,3340467227.72485,0.299880279520185,0.2987796098789419,0.2891954958523353,0.31045217068028125,0.2679388210243893,0.2803835093787433,0.3023665913212838,0.2584004274362028,0.8499902803027061,0.007741223908875439,0.005934409242756216,0.0018068146661192226,82.13365182622792,0.006105574891560288,1706542560.2715032
2025-07-19,0.309512870255103,0.315576813228909,5536361421.64989,0.307684337872057,0.3019124162015935,0.2913076150027806,0.3142558364678032,0.26835939353775795,0.2812169043912301,0.3052607106435467,0.2571730981389135,0.9142034000704616,0.008662668767429438,0.006480061147690861,0.002182607619738577,83.66166807920263,0.006971133519074362,5047009787.996353
2025-07-20,0.315576813228909,0.326137160003534,3048106462.13029,0.315466312223824,0.30594756324300904,0.29387763421551527,0.3202668411050943,0.26748842732593625,0.282243797566594,0.30935748491908677,0.25513011021410126,0.9999999999668249,0.010128299453247447,0.0072097088088021784,0.0029185906444452684,94.38673062023693,0.007498975686430142,10583371209.646244
2025-07-21,0.326137160003534,0.318013899924503,2516484730.15971,0.317272059670517,0.3086525050295651,0.2959358837356559,0.323141563007971,0.2687302044633408,0.2832585170541107,0.3118437317683403,0.2546733023398811,0.38364407720273214,0.010513154036079608,0.007870397854257664,0.0026427561818219442,80.78252251678224,0.007734958168553713,7535264747.515954
2025-07-22,0.318013899924503,0.313987228271322,3161726186.01554,0.31272707639237,0.31011848320839824,0.2976415024881544,0.32488473171540216,0.27039827326090665,0.2842237081732901,0.3136397888915054,0.25480762745507485,0.06495906995404115,0.010373654286351619,0.008371049140676455,0.002002605145675164,73.74850694554408,0.008003732860949566,5018780017.356244
2025-07-23,0.313987228271322,0.31431752086065,3337069522.18058,0.311075176039871,0.3114604699170481,0.2994099691383996,0.3261308239935903,0.27268911428320897,0.2850928715995584,0.3154502737316274,0.2547354694674894,0.0941422280249113,0.010172489454957245,0.008731337203532613,0.0014411522514246322,74.39263761883997,0.008497722907485997,8180506203.371784
2025-07-24,0.31431752086065,0.31576052214843,4380500771.5909,0.307213610998627,0.3129051538884499,0.3009715186464071,0.3276811220309135,0.2742619152619007,0.2860285292106871,0.3172306834145469,0.2548263750068273,0.04688191750708935,0.010014067089158252,0.00898788318065774,0.0010261839085005109,74.71606644540077,0.009196919675749779,11517575725.552364
2025-07-25,0.31576052214843,0.309562046826494,4394395189.07526,0.305332165036279,0.31369565396084986,0.30210172904353044,0.32822101121164593,0.27598244687541496,0.2868107085717166,0.3183778424719038,0.25524357467152936,0.0,0.009281361311478553,0.009046578806821904,0.00023478250465664915,66.1365696230909,0.00997397271904992,7137074953.961464
2025-07-26,0.309562046826494,0.313868328727316,3945064185.02559,0.30080749146449,0.31519293224958456,0.30365736851175557,0.3286049253354858,0.27870981168802533,0.2875972899455786,0.3198684866109404,0.25532609328021677,0.008902585477361682,0.008945054642291062,0.009026273973915736,-8.121933162467433e-05,66.38806909612613,0.009737407568984922,11531470143.036724
2025-07-27,0.313868328727316,0.316929083359998,1648055882.30664,0.310917585118546,0.31601695592790624,0.30534369676457995,0.32899542983980834,0.28169196368935157,0.2882872086328273,0.32156698187031957,0.25500743539533505,0.0,0.008823791329240827,0.008985777444980754,-0.00016198611573992744,64.01550000873729,0.00939231140458042,15476534328.062313
2025-07-28,0.316929083359998,0.320044474819142,1643307137.39051,0.316316392987575,0.3165133627712654,0.3069938613541359,0.3298611732152273,0.28412654949304456,0.28912258782167,0.32345684220161014,0.25478833344172985,0.03338821845946466,0.008876749689497976,0.008963971893884199,-8.722220438622287e-05,65.02954129131021,0.00930900173267128,17124590210.368954
2025-07-29,0.320044474819142,0.319891843254552,3004465818.42652,0.318942968555961,0.31581943868804524,0.30865527051676633,0.3300865634894917,0.28722397754404094,0.28978128831615957,0.3251927643161178,0.2543698123162013,0.017690256107844433,0.008804906004324764,0.008932158715972312,-0.00012725271164754776,64.55277485658281,0.009536071208885706,15481283072.978443
2025-07-30,0.319891843254552,0.322346381746541,8345733389.41683,0.319179366882386,0.3163008255571606,0.31040351178784115,0.33016751507478725,0.29063950850089504,0.29058926949033276,0.32709773914487483,0.2540807998357907,0.0754739559018815,0.008844081048016428,0.008914543182381135,-7.046213436470716e-05,66.30773692867096,0.011096797642702275,18485748891.404964
2025-07-31,0.322346381746541,0.338416269952814,4660814081.12177,0.321465857488117,0.3190151635217708,0.3128332834539421,0.3338516587206686,0.29181490818721567,0.29161453106969437,0.3305290838690341,0.2526999782703546,0.37288006048148736,0.010055914901574203,0.00914281752621975,0.000913097375354454,75.34032631642336,0.011694632461735346,26831482280.821793
2025-08-01,0.338416269952814,0.327456571557795,2591157824.94671,0.322010013990657,0.32047505804367576,0.314522640839557,0.33445899188561806,0.29458628979349594,0.29231171838425907,0.33252551168127154,0.2520979250872466,0.0,0.01001648212397177,0.009317550445770154,0.0006989316782016163,61.672180514385765,0.011267495194208206,22170668199.700024
2025-08-02,0.327456571557795,0.324926760596839,4616889673.47398,0.324364579039718,0.32149352898238787,0.31572930763630774,0.3350795932471594,0.2963790220254561,0.29321810836084167,0.3342967665766885,0.25213945014499484,0.0,0.009669631271426726,0.00938796661090147,0.00028166466052525693,56.37515243198129,0.010436815343282993,19579510374.753315
2025-08-03,0.324926760596839,0.323364697360506,3384607016.2429,0.321363145749752,0.32302715681950034,0.316785560480193,0.3353247027570989,0.2982464182032871,0.2942431506575893,0.335728014867591,0.25275828644758763,0.0,0.009163077766717542,0.009342988842064684,-0.00017991107534714133,47.845206665152176,0.010403669706261498,14962620701.279335
2025-08-04,0.323364697360506,0.322110217111724,1879932275.75281,0.318806605991965,0.32394292219554566,0.31775315301548857,0.33519743496859306,0.3003088710623841,0.29528670592272943,0.33690037030536574,0.2536730415400931,0.20800156808192372,0.008561710325612759,0.009186733138774298,-0.0006250228131615392,53.5642346674247,0.010383250353796142,11578013685.036434
2025-08-05,0.322110217111724,0.327685923454812,1531045797.67712,0.320537238563139,0.325138126650525,0.3190150718794844,0.33541782302573364,0.3026123207332352,0.29641679197878684,0.33842562337499604,0.25440796058257764,0.5004990836023382,0.008437769841282805,0.009036940479276001,-0.000599170637993196,61.60648885465054,0.010309132119357427,13457945960.789244
2025-08-06,0.327685923454812,0.332833944701171,2180571886.34203,0.327307701517368,0.32655917885963937,0.3206371279081078,0.3356426741396505,0.30563158167656507,0.29759434951101044,0.34032796316949765,0.2548607358525232,0.6058927604691787,0.00865517691348272,0.008960587766117346,-0.0003054108526346251,64.50430061069713,0.010038223271497995,14988991758.466364
2025-08-07,0.332833944701171,0.333834504587585,2054600660.31542,0.329912889945272,0.32810836345219857,0.32185320962473185,0.337004273733045,0.3067021455164187,0.298784911248767,0.34218210901327084,0.25538771348426315,0.5968818916052366,0.008806692338042987,0.008929808680502475,-0.00012311634245948735,64.25654569311212,0.009558224338503214,17169563644.808393
2025-08-08,0.333834504587585,0.337328649742209,2292686462.41536,0.331438659047692,0.3297730598961617,0.32294080145039683,0.33927174726175735,0.3066098556390363,0.3000990461199373,0.3441139544375951,0.2560841378022795,0.9104456994873462,0.009103775063773412,0.008964601957156662,0.00013917310661674953,72.87802010945249,0.00883582542775807,19224164305.123814
2025-08-09,0.337328649742209,0.338462196701453,2998702350.72222,0.336706859436344,0.32977816286823264,0.32355705328529283,0.341267743983308,0.30584636258727765,0.3014047536527869,0.34602904039377635,0.25678046691179746,0.8560271759831171,0.009323210859156883,0.009036323737556707,0.00028688712160017567,71.38177629440378,0.008645290499955141,21516850767.539173
2025-08-10,0.338462196701453,0.337835756995372,1348141230.90428,0.335688106082091,0.33093140569463014,0.32454814613883626,0.3431488547463101,0.30594743753136244,0.30266453877563737,0.3477823253334312,0.25754675221784357,0.7686563522176169,0.009338913675463356,0.009096841725138038,0.0002420719503253184,68.97950504085385,0.008620397531947075,18518148416.81695
2025-08-11,0.337835756995372,0.335084485053866,2017392997.21267,0.334879565870445,0.3320600417454109,0.32560300897796346,0.34407439198073303,0.3071316259751939,0.3039180587221216,0.34908743457810937,0.2587486828661338,0.5782584158568915,0.009025315400307321,0.009082536460171896,-5.7221059864574764e-05,63.744490999070194,0.008850560880961715,17170007185.912672
2025-08-12,0.335084485053866,0.338243074457748,1945154086.98659,0.334930252281016,0.3337131947562156,0.3267992866578183,0.34529224042380635,0.3083063328918303,0.30526137679873844,0.3504392980029213,0.2600834555945556,0.6565488339111225,0.008928733394722055,0.009051775847081929,-0.0001230424523598738,65.89709541109761,0.008803704850510722,19187400183.125343
2025-08-13,0.338243074457748,0.344968035029342,2351954537.37642,0.33807085564572,0.33625295230261754,0.328259662301864,0.3476723250995909,0.3088469995041371,0.30688474123761655,0.35181424406718836,0.26195523840804474,0.7419946009045708,0.009287775875889526,0.009098975852843449,0.00018880002304607658,68.24643699836255,0.007377481067329363,21132554270.111935
2025-08-14,0.344968035029342,0.352244345020715,2677816660.61586,0.344351667468922,0.33898166580994016,0.330393777211575,0.3505229378705677,0.31026461655258225,0.308471076980916,0.35410240174611723,0.2628397522157148,0.6052920070600261,0.010043679746476242,0.009287916631570008,0.0007557631149062334,62.99736855781721,0.006841029573638508,23484508807.488354
2025-08-15,0.352244345020715,0.361930102118212,5912066677.29295,0.351719577436871,0.3422145721896113,0.33279686588111984,0.35587828882779643,0.30971544293444325,0.31023027461821373,0.35719529632692604,0.2632652529095014,0.9999999999717135,0.011294107222702354,0.009689154749796479,0.0016049524729058757,83.19761486894025,0.007618832946628296,26162325468.104214
2025-08-16,0.361930102118212,0.357895358798009,3604236580.13744,0.353797844199972,0.344888000435214,0.33484517965302035,0.35923157984615806,0.31045877945988265,0.3119224661433242,0.3595467410652017,0.2642981912214467,0.9337095079982795,0.011823219228701498,0.010115967645577484,0.0017072515831240143,80.85408633659918,0.008063166398089294,20250258790.811264
2025-08-17,0.357895358798009,0.352788343879657,1996336654.66721,0.348787830351736,0.3466057442282638,0.3364823731060461,0.3610806044251609,0.31188414178693136,0.3135550891467585,0.36107206034939654,0.26603811794412047,0.7511412180779252,0.01169563092961634,0.010431900302385255,0.0012637306272310859,75.8230879685085,0.008017370673861364,16646022210.673824
2025-08-18,0.352788343879657,0.348019949487254,1979077620.8465,0.345651716024941,0.3476677167600195,0.3378887784176812,0.3616968139657376,0.31408074286962484,0.3150487995321035,0.3620983894571066,0.26799920960710044,0.4544294576002217,0.011082000305815243,0.010561920303071253,0.00052008000274399,71.41813253875668,0.008038130105291577,14649685556.006615
2025-08-19,0.348019949487254,0.353519977370852,2585648058.40996,0.347369170729911,0.34941040791285055,0.33944745819889677,0.3630520330335669,0.3158428833642266,0.31662446356454377,0.36343996712688953,0.269808960002198,0.4150918694641054,0.010913693633371302,0.010632274969131264,0.00028141866424003827,71.38232656315176,0.008292024346223503,16628763176.853115
2025-08-20,0.353519977370852,0.350422733577034,3145609818.67748,0.344777999047553,0.35111465774875816,0.34004778138010777,0.36414744872585925,0.3159481140343563,0.3180959400456506,0.36443117416741105,0.2717607059238902,0.10257739861425555,0.010410383275301582,0.010587896630365329,-0.00017751335506374644,65.069457275882,0.008415462614156932,14043115118.443155
2025-08-21,0.350422733577034,0.347609249428378,2826138288.96237,0.345978432170564,0.35215534385660585,0.3410554152736369,0.36461766006135726,0.3174931704859166,0.3194506279697912,0.365181527198979,0.27371972874060335,0.0,0.009672977469795174,0.010404912798251299,-0.0007319353284561247,61.44614091657846,0.008596011555522217,10897505299.765675
2025-08-22,0.347609249428378,0.354483118298847,2503955507.24187,0.34626504289432,0.35321257533099537,0.3425332331587373,0.3655370902501609,0.3195293760673137,0.32096132657865317,0.36621916182490966,0.2757034913323967,0.09426129814794365,0.009533347332985165,0.010230599705198073,-0.0006972523722129087,63.496463088053524,0.008718136123412006,13723643588.728045
2025-08-23,0.354483118298847,0.353706784145029,3691208143.77603,0.350667754198841,0.35337506856703027,0.34405033749796343,0.36569325884283177,0.3224074161530951,0.32234487162178815,0.36728529224120054,0.27740445100237576,0.028296829484571843,0.009253378577254168,0.010035155479609292,-0.0007817769023551243,62.06163866607484,0.009401965514931578,11219688081.486176
2025-08-24,0.353706784145029,0.366515664577771,2003498263.15795,0.353585002762843,0.35388457550698127,0.3462706098712658,0.36754429542345024,0.32499692431908134,0.323936028135663,0.3693931935559263,0.27847886271539973,0.3483987273595653,0.009950369260962821,0.010018198235879999,-6.782897491717718e-05,69.02432676012444,0.009608145928984077,14910896225.262205
2025-08-25,0.366515664577771,0.362336555111715,2546339695.78005,0.359979632474209,0.3543780417640596,0.34800314145411093,0.368535000006552,0.3274712829016699,0.3255276484506411,0.3706713556611443,0.2803839412401379,0.28940520894634336,0.010049673807761839,0.010024493350256366,2.518045750547239e-05,67.74113078094207,0.009621402754398005,12907397962.104256
2025-08-26,0.362336555111715,0.361520826506078,4120130478.83007,0.361196118485698,0.35534831761143976,0.34943748554435633,0.36951036955204036,0.3293646015366723,0.3270940146146924,0.37167492684772374,0.28251310238166105,0.1923778445620268,0.009947877950727213,0.010009170270350537,-6.129231962332359e-05,65.63064259177327,0.010477363913682286,10361058266.324205
2025-08-27,0.361520826506078,0.341994435226937,3218884412.7341,0.34192301668265,0.3546788160269601,0.3498454820763239,0.3688883144271422,0.33080264972550555,0.32819307965867067,0.3714330397088704,0.2849531196084709,0.0,0.008197096388609326,0.009646755494002296,-0.0014496591053929694,48.29618309060204,0.0108039556652865,6240927787.494135
2025-08-28,0.341994435226937,0.351967216183196,2282949259.90764,0.339088778845212,0.3545062870061095,0.35057741039837326,0.3686975140130943,0.3324573067836522,0.32949915078229575,0.37154769324480624,0.28745060831978525,0.04440447679138348,0.007527536706667393,0.009222911736535316,-0.001695375029867923,49.84596290803372,0.010541256192272142,9459812200.228235
2025-08-29,0.351967216183196,0.345186016875329,1773477467.89081,0.344933253962867,0.3539244295948089,0.350913601407067,0.3683228214059238,0.3335043814082102,0.3306552399933015,0.37112628073697207,0.2901841992496309,0.0,0.006376218644043585,0.00865357311803697,-0.002277354473993385,40.38305795860012,0.009894149699062858,7176862940.320595
2025-08-30,0.345186016875329,0.345185709785805,3018878791.36648,0.342507358437067,0.35365514741230075,0.3512810990465887,0.36781630618815037,0.33474589190502707,0.33176253745640166,0.37067291970457106,0.29285215520823227,0.055373397489828204,0.005401500865398534,0.008003158667509284,-0.0026016578021107496,42.34549282744559,0.009818439637452433,5403385472.429785
2025-08-31,0.345185709785805,0.338758909925138,1215983479.16029,0.333699456364587,0.3519080131485553,0.3514648202901523,0.36730954016726997,0.33562010041303464,0.3326643271779945,0.3700306017353348,0.2952980526206542,0.041881666748240655,0.004063598333524876,0.007215246600712402,-0.0031516482671875264,41.68285860971491,0.009482815617057506,2384506681.063305
2025-09-01,0.338758909925138,0.339208843195704,1016565781.448,0.336224485171518,0.35029713082085256,0.3515131087270501,0.36719319820817053,0.3358330192459297,0.3334326355486721,0.3696873835110003,0.2971778875863439,0.13263257920420957,0.0030049673989849812,0.006373190760366919,-0.0033682233613819374,44.494570907198515,0.009253980589011505,3600490160.2235947
2025-09-02,0.339208843195704,0.341094587253675,2095673763.64525,0.339206528774805,0.3474725666737307,0.35131943633826673,0.3674296955687267,0.3352091771078068,0.3342097344840895,0.369385086603848,0.29903438236433105,0.05188196282935259,0.002291740780833329,0.005556900764460201,-0.003265159983626872,41.86902320199818,0.009102759794477364,4617055941.671595
2025-09-03,0.341094587253675,0.337302104646107,1989309365.04548,0.33409924124627,0.344690961066441,0.35057232431953633,0.36784587424616344,0.3332987743929092,0.3349006092488954,0.3688916043497792,0.30090961414801165,0.0387005190393411,0.001404294068220957,0.0047263794252123525,-0.0033220853569913954,41.4914899272031,0.008983497544533795,2521382178.0263443
2025-09-04,0.337302104646107,0.338107830803322,1402383932.63731,0.335458953538013,0.3420895170994681,0.3493812107537918,0.36664250426593153,0.3321199172416521,0.335613814941464,0.36829677157037,0.30293085831255795,0.11489338031562374,0.000757272159847,0.003932557972139282,-0.003175285812292282,43.673750147850555,0.008722590439792649,4510691543.071824
2025-09-05,0.338107830803322,0.340654836978221,1801944458.19689,0.336679029506867,0.34194067284961077,0.34851918466280246,0.3657120247138808,0.3313263446117241,0.3364190551984543,0.36750501223184706,0.3053330981650615,0.0,0.00044489626085819634,0.003235025629883065,-0.0027901293690248685,40.22989921441192,0.008817001922096362,5913075475.709134
2025-09-06,0.340654836978221,0.334627615591768,2275144824.67999,0.333735879628643,0.34001405056167433,0.347611148248408,0.36574706594662554,0.32947523055019046,0.33692135010518753,0.36702901586759573,0.30681368434277934,0.0,-0.00028571671944388477,0.0025308771600176753,-0.00281659387946156,37.451097046402644,0.00845086854403979,4111131017.512244
2025-09-07,0.334627615591768,0.331296170768539,3086747249.49,0.330565783169882,0.33847073432758656,0.3467749593124722,0.3663190083950613,0.3272309102298831,0.33723573725598016,0.3667562424234172,0.3077152320885431,0.0,-0.0011206345478077528,0.0018005748184525897,-0.0029212093662603425,23.535837112735592,0.010296671057257576,1835986192.8322544
2025-09-08,0.331296170768539,0.314552463565392,4118900339.31142,0.299567093828484,0.3350670403030962,0.3448265836221992,0.36880564209996886,0.32084752514442955,0.3370040433272174,0.367057133962381,0.3069509526920538,0.0,-0.003097682030135218,0.0008209234487350282,-0.003918605478870246,19.797606055286465,0.011180390214202005,-1250761056.6577454
2025-09-09,0.314552463565392,0.331272855036251,1909772210.12651,0.311839394846568,0.3342352564265532,0.34386908969516006,0.3684295550940148,0.3193086242963053,0.33726922242945234,0.36686894818637744,0.30766949667252724,0.4753760708903508,-0.0032775292333701578,1.2329123139910035e-06,-0.003278762145684149,34.08187587313198,0.010209877648433579,2868139282.6536746
2025-09-10,0.331272855036251,0.331318449894666,2066006654.14888,0.329503694170815,0.3333585460597712,0.3430545497184745,0.36816708986536656,0.3179420095715824,0.33761584686191926,0.3665000126205614,0.3087316811032771,0.7699268585553926,-0.0033774472046536608,-0.0006745031110795394,-0.002702944093574121,42.93264305244349,0.00982980196339465,4777911492.780185
2025-09-11,0.331318449894666,0.335065839305832,1478102964.195,0.329877658179156,0.33268868517667755,0.34208368576882375,0.36683463140977024,0.31733274012787727,0.3380308132308228,0.3661344041503003,0.3099272223113453,0.7291949176099979,-0.003118304041610065,-0.0011632632971856445,-0.0019550407444244204,37.80650730642268,0.00971698028848479,6843918146.929065
2025-09-12,0.335065839305832,0.33841503042569,2119579018.57272,0.334656666070354,0.33281234359663125,0.34131909808285676,0.3654963599218496,0.31714183624386394,0.338483903396368,0.36584261211623514,0.3111251946765009,0.9999999999601005,-0.0026125634793324193,-0.0014531233336149995,-0.0011594401457174198,44.860561056740124,0.00990920474697536,8322021111.124064
2025-09-13,0.33841503042569,0.346337833325247,1782380708.74746,0.338136556701779,0.33372678832128955,0.3403102065202306,0.3615681632930974,0.3190522497473638,0.3392194191263431,0.3653545051031805,0.31308433314950573,0.9999999999677243,-0.001554536727961242,-0.001473406012484248,-8.113071547699406e-05,50.78061015302843,0.009490190818147571,10441600129.696785
2025-09-14,0.346337833325247,0.352661430505657,1654080884.65437,0.346313700065522,0.33506085426878246,0.3398264502899277,0.35934292510698823,0.32030997547286716,0.33999528116190986,0.3653502067769145,0.3146403555469052,0.99999999997477,-0.0002034363730027966,-0.0012194120845879577,0.0010159757115851611,59.432814996101754,0.009638116341555996,12223980838.444244
2025-09-15,0.352661430505657,0.349857822039609,1439248582.48684,0.348004537493027,0.33675309942965365,0.33924330006660425,0.3566088553578107,0.3218777447753978,0.3406538559355021,0.3652629952589512,0.3160447166120531,0.9386619173499346,0.0006337867211744785,-0.0008487723234354705,0.001482559044609949,57.001667275176075,0.009675101882002499,10569899953.789875
2025-09-16,0.349857822039609,0.348555687891324,2092962212.35811,0.346784304309955,0.3386708235544076,0.33957136269982363,0.35739754832197435,0.3217451770776729,0.3412240801969457,0.36519711584253595,0.3172510445513555,0.8867363034137672,0.0011786341509809617,-0.00044329102855218406,0.0016219251795331457,54.94358471738404,0.009807902177170856,9130651371.303036
2025-09-17,0.348555687891324,0.344957702427175,1804205559.86198,0.3425200768667,0.342049183427939,0.3392208870120225,0.35628004139126507,0.32216173263278,0.34172539738039825,0.364913120244481,0.3185376745163155,0.890318420347693,0.0013050584062421766,-9.362114159331194e-05,0.0013986795478354885,55.08556267051421,0.009933107138631643,7037689158.944925
2025-09-18,0.344957702427175,0.342485861652276,2142675490.32198,0.340371811600857,0.3432950730519418,0.3390858792508699,0.35598827893627366,0.32218347956546617,0.3421281869785129,0.3646314903338754,0.3196248836231504,0.833796625702381,0.0011920524087341566,0.00016351356847218177,0.0010285388402619749,52.84530952998089,0.009953880514157073,5233483599.082945
2025-09-19,0.342485861652276,0.343333433131188,2117019980.54146,0.338938761660884,0.3446300711893331,0.33899326541813907,0.35577480309196335,0.3222117277443148,0.34222653024208044,0.36470658821412766,0.3197464722700332,0.8069226934041936,0.0011575428430928847,0.0003623194233963224,0.0007952234196965623,51.780155608254034,0.010051199967815425,7376159089.404924
2025-09-20,0.343333433131188,0.350559047462419,2114376505.83458,0.342768249890931,0.34635153876228725,0.33958327229500307,0.35714186749908694,0.3220246770909192,0.34268857976017286,0.3648773414027098,0.32049981811763595,0.9999999999753842,0.001693716345516627,0.0006285988078203834,0.0010651175376962438,60.42183434684437,0.010088210022261497,9493179069.946384
2025-09-21,0.350559047462419,0.343942332310848,1567095642.20058,0.343325631402471,0.34696568341619366,0.3398199467507603,0.3574845779157709,0.3221553155857498,0.3430688911944531,0.36465882997115123,0.321478952417755,0.9387053402926337,0.0015666645607316232,0.0008162119584026314,0.0007504526023289918,57.93178609877767,0.00812299828858271,7378802564.111805
2025-09-22,0.343942332310848,0.346842740950239,1400902404.99674,0.343083571950011,0.347021784263415,0.3401073544355885,0.3580442557630104,0.32217045310816655,0.34353845206624767,0.36438776401572626,0.3226891401167691,0.9999999999752641,0.0016806404662705332,0.000989097659976212,0.0006915428062943213,74.50879112420533,0.007068055417872777,8945898206.312386
2025-09-23,0.346842740950239,0.342734854337411,3006490193.46161,0.342035608086302,0.3459188313558321,0.34037899192015375,0.3583015600498858,0.3224564237904217,0.3439509448107615,0.3638649808006313,0.3240369088208917,0.6253949728923891,0.0014230905716806075,0.001075896242317091,0.0003471943293635164,60.759931100359026,0.007253139997595566,7544995801.315645
2025-09-24,0.342734854337411,0.340344426485011,1855000542.63431,0.334492721075289,0.34486178740532125,0.34049082170423817,0.3583816045924168,0.32260003881605953,0.3442041148713655,0.36358898054595196,0.324819249196779,0.5533529323963563,0.0010143995085291624,0.0010635968955595054,-4.919738703034306e-05,58.1158236831894,0.007194989083515354,4538505607.854035
2025-09-25,0.340344426485011,0.336187807664004,1566162427.32788,0.334889600365264,0.34348757849117456,0.3402674702385273,0.35826087163106934,0.3222740688459853,0.34427119213062213,0.36351819010396047,0.3250241941572838,0.20712502252561682,0.00035105772109622624,0.0009210890606668496,-0.0005700313395706234,51.00145137751565,0.007138965011084496,2683505065.2197256
2025-09-26,0.336187807664004,0.338410060703443,2592940784.33306,0.334901442044063,0.3427600627440932,0.3404565924941111,0.35827910049968,0.3226340844885422,0.34436270325293933,0.36345000986965215,0.3252753966362265,0.0,4.618583420545885e-06,0.000737794965217589,-0.0007331763817970431,49.995460220837856,0.007012866447430567,4249667492.5476055
2025-09-27,0.338410060703443,0.332167233079005,1890529979.57511,0.330592983032794,0.3416135484581742,0.3405001456096343,0.3582324279514432,0.3227678632678254,0.3442594749196752,0.3635567273085667,0.32496222253078366,0.0,-0.0007648640680858465,0.0004372631585569019,-0.0012021272266427483,36.684132258814536,0.007032010563898996,1656726708.2145457
2025-09-28,0.332167233079005,0.33866786833478,1017633297.15116,0.332167233079005,0.34109515236968446,0.3417059158481038,0.35463941478583993,0.3287724169103676,0.3442635883523418,0.3635558838812944,0.32497129282338916,0.005551015428867963,-0.0008404494975166599,0.00018172062734218955,-0.0010221701248588494,36.89409752377354,0.0068412768219272835,3547256687.7896557
2025-09-29,0.33866786833478,0.336848866212629,911101159.866182,0.33593685303637,0.33957179889748557,0.34198471640692263,0.3541912349708505,0.3297781978429948,0.3442438505366869,0.36356498579170604,0.3249227152816677,0.023878259959773437,-0.0010351966614016161,-6.16628304065716e-05,-0.0009735338309950445,37.587319296115965,0.00668003244638664,2529623390.6384954
2025-09-30,0.336848866212629,0.336040188476334,1271632796.6539,0.334426532183238,0.3386937829158729,0.3422208033360061,0.3537209098219211,0.33072069685009103,0.34426296460513617,0.36354897434926564,0.3249769548610067,0.0333248882554502,-0.0012404891401452955,-0.0002974280923543164,-0.0009430610477909791,37.94463478883753,0.006382680423806071,1618522230.7723136
2025-10-01,0.336040188476334,0.337113649399665,1566869947.28305,0.332722804314141,0.33761277274358686,0.3423231938406977,0.3535891553212625,0.3310572323601329,0.34424037610397457,0.36355778439693376,0.3249229678110154,0.1420752807127736,-0.0013015619869847783,-0.0004982548712804088,-0.0008033071157043695,42.05808128512191,0.006328535777900502,2890155027.4262133
2025-10-02,0.337113649399665,0.333641424467362,1774089705.22728,0.331760818791449,0.33660239164691474,0.34208451354278135,0.3538885180449883,0.33028050904057443,0.3440138438927349,0.36356071100393145,0.3244669767815384,0.11999799488744688,-0.0016115650725614383,-0.0007209169115366148,-0.0008906481610248235,41.22301548008312,0.006574742087071932,1323285080.1431632
2025-10-03,0.333641424467362,0.341818281922061,1651000575.90472,0.333239574521625,0.33676615336214255,0.341858535972622,0.3534915001486922,0.3302255717965518,0.3438053226307619,0.3632157878441118,0.32439485741741203,0.3173382109825671,-0.0011837946438200686,-0.0008134924579933056,-0.00037030218582676303,48.687341834500884,0.006129815574004148,3097374785.3704433
2025-10-04,0.341818281922061,0.34298512723348,1722140514.09878,0.341097199894353,0.33752141109208433,0.34137472080901315,0.3518646452887437,0.3308847963292826,0.34342642313306726,0.3621191529324851,0.32473369333364943,0.15821895532873306,-0.000742074657498426,-0.0007992088978943297,5.713424039590362e-05,42.66871027032059,0.005813230031677794,4748375361.275164
2025-10-05,0.34298512723348,0.342143835596372,1168179774.38183,0.341289844109205,0.33793627496907647,0.3409890214868513,0.35070429650021273,0.33127374647348984,0.3431113926690345,0.36133383908051614,0.3248889462575529,0.30022286462207526,-0.00045465263747157536,-0.0007302976458097789,0.00027564500833820354,48.03995969703516,0.0056597222997618645,3026234847.176384
2025-10-06,0.342143835596372,0.340520081826528,1425148169.58144,0.339639490367579,0.33886436927435676,0.3405872411836115,0.3496260244793169,0.3315484578879061,0.34286602742797195,0.36088589476085536,0.32484616009508854,0.25868759511178857,-0.00035381343376317265,-0.0006550008034004577,0.00030118736963728504,42.91224276178755,0.005587555271985579,1858055072.794554
2025-10-07,0.340520081826528,0.341518149269908,1773571614.45632,0.339858281458629,0.33918106715603763,0.34041526352574814,0.34923208057350286,0.3315984464779934,0.34273599142362504,0.3606977983501938,0.3247741844970563,0.5529051405887685,-0.00019115838199823543,-0.0005622323191200133,0.00037107393712177783,48.53382461941653,0.005439237578864505,3283203242.3759937
2025-10-08,0.341518149269908,0.346252695147535,1944827955.01609,0.340711177854078,0.3402259370376939,0.3406036052005111,0.3497610126497944,0.33144619775122774,0.3425906457791587,0.36031228321255293,0.3248690083457645,0.9999999999501364,0.00031614092665394056,-0.0003865576699652225,0.000702698596619163,56.73887860292328,0.005576166169365717,5056774856.832314
2025-10-09,0.346252695147535,0.33804003706264,1932836164.57298,0.337522473048078,0.34044814243617233,0.3403389353970837,0.3494700844817727,0.3312077863123947,0.34234299184887085,0.35996369193257044,0.32472229176517126,0.7603967863951341,5.4854088464950657e-05,-0.00029827531827918786,0.0003531294067441385,51.933696931604786,0.0056721887366710045,3111946901.8162236
2025-10-10,0.33804003706264,0.342170688260727,1920883390.1152,0.336628816917916,0.341010035642957,0.3399195174369991,0.3477523947943544,0.33208664007964384,0.3422342206255178,0.3597892554537896,0.324679185797246,0.8522406184227083,0.00017902769727007328,-0.00020281471516933564,0.00038184241243940893,53.77560168628056,0.005659477807706144,5044783066.389204
2025-10-11,0.342170688260727,0.337045444636131,4228754189.72708,0.334464763935218,0.34138826010615353,0.3395746730532633,0.34726787235392453,0.331881473752602,0.34188546715226353,0.3591375057508058,0.3246334285537213,0.9128834463285953,-0.00013457683223516703,-0.00018916713858250193,5.45903063473349e-05,55.01006966785714,0.0068008239223125,3123899676.274004
2025-10-12,0.337045444636131,0.321123492677293,2818779540.11691,0.314812374393321,0.3390888390789571,0.33828871063961596,0.34890823098019463,0.3276691902990373,0.3412338013229087,0.35911340975038136,0.32335419289543604,0.0,-0.0016488719693646958,-0.0004811081047389407,-0.0011677638646257552,34.90292112783558,0.007185361334281144,-1104854513.453076
2025-10-13,0.321123492677293,0.314733539248324,2455836025.88459,0.312143420367618,0.33594977374727314,0.33688864488516157,0.35162529258943676,0.3221519971808864,0.3401981588163199,0.35809935790950204,0.3222969597231377,0.0,-0.0033262348492629767,-0.001050133453643748,-0.0022761013956192288,32.35746432594583,0.007900008109384285,-3923634053.569986
2025-10-14,0.314733539248324,0.3231287440781,1959955523.26428,0.311329903481322,0.3338369858007984,0.33602786076481606,0.3518832944283381,0.320172427101294,0.33941400259564747,0.3567840675326822,0.3220439376586127,0.34676207475579945,-0.003932799286132604,-0.0016266666201415194,-0.002306132665991085,40.81201412645796,0.00784304485593007,-1467798027.6853957
2025-10-15,0.3231287440781,0.323202856209388,3540258032.29021,0.320353589465615,0.3319128496211162,0.33537861319208523,0.35223809373443205,0.3185191326497384,0.3386476431897137,0.35540712768516514,0.32188815869426224,0.31173627136272514,-0.0043572975292054394,-0.0021727928019543035,-0.002184504727251136,39.95803550351243,0.008500054479591639,492157495.57888436
2025-10-16,0.323202856209388,0.317192247006826,2624469969.34573,0.308188249267013,0.3292099715918849,0.3343177225072544,0.3529509941631218,0.31568445085138697,0.3381515994253115,0.3559431680874771,0.32036003076314584,0.25379773592692,-0.005119704607267961,-0.002762175163017035,-0.0023575294442509257,38.545412068392785,0.008520879173754353,-3048100536.7113256
2025-10-17,0.317192247006826,0.319444595211647,2637444143.17239,0.311884200129508,0.3262312938212306,0.33368159061388647,0.3534576335095964,0.3139055477181765,0.3375011470058806,0.3556063729672927,0.31939592104446846,0.027118190645728728,-0.005479013377362341,-0.0033055428058860964,-0.002173470571476244,33.01864416654851,0.009016335598693423,-423630567.3655958
2025-10-18,0.319444595211647,0.316103371643349,2835239683.02211,0.313605066218463,0.32379388655242053,0.33255336577931494,0.3536614055847439,0.31144532597388597,0.3369194941012409,0.3558661040454384,0.3179728841570434,0.0,-0.005964620551661026,-0.003837358355041083,-0.0021272621966199434,30.248988892024386,0.009619636116894993,-3061074710.537986
2025-10-19,0.316103371643349,0.309115554739366,1273487264.22285,0.304775966422742,0.320121093938936,0.3311667002056518,0.35460208604636206,0.30773131436494155,0.3361980910003121,0.35655438561565994,0.3158417963849643,0.0,-0.0068345418167237715,-0.004436795047377621,-0.0023977467693461502,27.743182966535713,0.009826372951101139,-5896314393.560096
2025-10-20,0.309115554739366,0.313194407220421,1125209733.86989,0.308880445332126,0.3174709786705238,0.33002441114285613,0.35465617566414015,0.3053926466215721,0.3356868009462178,0.35704034626410486,0.3143332556283307,0.15287086982399037,-0.007112838999503934,-0.004972003837802884,-0.00214083516170105,32.17578017977483,0.010169151218385781,-4622827129.337246
2025-10-21,0.313194407220421,0.320709604235845,1632658697.92239,0.312580923849445,0.3174249910659184,0.3292042088846652,0.35393429648349783,0.3044741212858325,0.3353168161670206,0.35705880497825226,0.3135748273557889,0.3361609373252902,-0.00665031721270809,-0.0053076665127839255,-0.0013426506999241646,37.490403190398744,0.010113594590267212,-3497617395.4673557
2025-10-22,0.320709604235845,0.322604410978252,2018697061.35827,0.318437290487327,0.3182995323692438,0.3286523582102096,0.35345800070078415,0.30384671571963506,0.33494701264151217,0.3569156959616652,0.3129783293213591,0.2764329663740047,-0.0060610028280724815,-0.005458333775841637,-0.0006026690522308448,35.28064934144233,0.009996245676889568,-1864958697.5449657
2025-10-23,0.322604410978252,0.321830765852972,2725723828.09472,0.317584149187981,0.3181553125664518,0.3276529824067552,0.35182772806885765,0.3034782367446528,0.3346375858656494,0.35690467432491463,0.3123704974063842,0.40848304585775275,-0.005591933302205698,-0.00548505368111445,-0.00010687962109124857,38.881243897758225,0.010078058074412569,-3883655758.9032354
2025-10-24,0.321830765852972,0.322582302515579,2063795719.68576,0.317679850332473,0.3180863621560286,0.3266328411708601,0.3497836530194303,0.3034820293222899,0.3343270752998946,0.3568284148785152,0.311825735721274,0.29952009438678184,-0.005100751309683849,-0.00540819320682833,0.0003074418971444814,35.91016344524871,0.010257068473517641,-1157931930.8085155
2025-10-25,0.322582302515579,0.314186594974089,2563547388.08975,0.313422433077934,0.31775240081905776,0.325234979139746,0.3478113904674981,0.30265856781199396,0.33379771045981194,0.3569280209704421,0.3106673999491818,0.5014508630478453,-0.005327536944952971,-0.005392061954453259,6.452500950028788e-05,34.29655963120675,0.00948238975090207,-3221727650.4942756
2025-10-26,0.314186594974089,0.303916961580581,2766724232.17582,0.303402101423227,0.3160271081933838,0.32340482312744867,0.34668744480569996,0.3001222014491974,0.33318349737958824,0.35780669121337233,0.30856030354580416,0.7224138416738678,-0.0062637353407860585,-0.005566396631719819,-0.0006973387090662394,37.18428749168471,0.009514642662589997,-5785275038.584025
2025-10-27,0.303916961580581,0.297140275684417,2268684277.74475,0.294320727797355,0.31392009753128025,0.32118592944817415,0.3456298344176964,0.2967420244786519,0.3325003794779058,0.35914913767328405,0.3058516212825275,0.7061164658257049,-0.0074664328410241065,-0.005946403873580677,-0.0015200289674434297,36.97129983835897,0.009108914520322281,-8551999270.759846
2025-10-28,0.297140275684417,0.300436767297062,1935264954.99024,0.294380277991254,0.3129557878154687,0.3188951330556505,0.34199845408993124,0.2957918120213697,0.33221806555253913,0.3599211226614737,0.3045150084436046,0.3339846929176712,-0.008060661661671686,-0.0063692554311988794,-0.001691406230472807,31.822756740466502,0.009126514537946781,-6283314993.015096
2025-10-29,0.300436767297062,0.298430907522539,2001855066.68644,0.297899470381109,0.3113153989601485,0.31691467657864536,0.3398983750279877,0.293930978129303,0.33156122660226495,0.3608667726065453,0.3022556805979846,0.27016469495992984,-0.008594377766281525,-0.006814279898215409,-0.001780097868066116,30.75229380073472,0.008482863496708922,-8218579948.005336
2025-10-30,0.298430907522539,0.295716764432178,2261924092.56064,0.293619490426744,0.308538416759741,0.314591980387218,0.3361754846867589,0.29300847608767705,0.3308491928930151,0.3618592649941466,0.29983912079188363,0.4192389642079169,-0.009131102621645293,-0.0072776444429013855,-0.0018534581787439074,32.412692095045344,0.008288745566507993,-10220435014.691776
2025-10-31,0.295716764432178,0.296365280639995,3300226046.77231,0.291855503495651,0.305622957833268,0.3125579721874111,0.3328613922495325,0.2922545521252897,0.3300751817196984,0.36255287445470347,0.29759748898469335,0.25553408503118547,-0.00939582191201449,-0.007701279936724007,-0.0016945419752904837,30.589337175872785,0.008294566569374138,-7958510922.131136
2025-11-01,0.296365280639995,0.292600547244078,1448893976.25162,0.288430824526626,0.30237515576561314,0.31113182491575037,0.3328590325152311,0.28940461731626965,0.3291588920560662,0.36322260457112343,0.29509517954100895,0.23610786474293324,-0.009796468784633083,-0.008120317706305823,-0.0016761510783272603,30.372966750619455,0.00767271766988157,-11258736968.903446
2025-11-02,0.292600547244078,0.296393491861513,884123243.58204,0.292395329084025,0.29946528791516136,0.31021482254640986,0.33283185437276663,0.2875977907200531,0.32816000522679145,0.3630858028767166,0.2932342075768663,0.9877520162374733,-0.009696154156551617,-0.008435484996354983,-0.0012606691601966345,38.777034658400744,0.007487981784628355,-9809842992.651827
